
**** Build of configuration Debug for project lab_1 ****

"C:\\ti\\ccs1271\\ccs\\utils\\bin\\gmake" -k -j 20 all -O 
 
Building file: "../helloworld.c"
Invoking: Arm Compiler
"C:/ti/ccs1271/ccs/tools/compiler/ti-cgt-arm_20.2.7.LTS/bin/armcl" -mv7M4 --code_state=16 --float_support=FPv4SPD16 -me --include_path="U:/cpre_2880/lab_1" --include_path="C:/ti/TivaWare_C_Series-2.2.0.295" --include_path="C:/ti/ccs1271/ccs/tools/compiler/ti-cgt-arm_20.2.7.LTS/include" --define=ccs="ccs" --define=PART_TM4C123GH6PM -g --gcc --diag_warning=225 --diag_wrap=off --display_error_number --abi=eabi --preproc_with_compile --preproc_dependency="helloworld.d_raw"  "../helloworld.c"
Finished building: "../helloworld.c"
 
Building file: "../Timer.c"
Invoking: Arm Compiler
"C:/ti/ccs1271/ccs/tools/compiler/ti-cgt-arm_20.2.7.LTS/bin/armcl" -mv7M4 --code_state=16 --float_support=FPv4SPD16 -me --include_path="U:/cpre_2880/lab_1" --include_path="C:/ti/TivaWare_C_Series-2.2.0.295" --include_path="C:/ti/ccs1271/ccs/tools/compiler/ti-cgt-arm_20.2.7.LTS/include" --define=ccs="ccs" --define=PART_TM4C123GH6PM -g --gcc --diag_warning=225 --diag_wrap=off --display_error_number --abi=eabi --preproc_with_compile --preproc_dependency="Timer.d_raw"  "../Timer.c"
Finished building: "../Timer.c"
 
Building file: "../tm4c123gh6pm_startup_ccs.c"
Invoking: Arm Compiler
"C:/ti/ccs1271/ccs/tools/compiler/ti-cgt-arm_20.2.7.LTS/bin/armcl" -mv7M4 --code_state=16 --float_support=FPv4SPD16 -me --include_path="U:/cpre_2880/lab_1" --include_path="C:/ti/TivaWare_C_Series-2.2.0.295" --include_path="C:/ti/ccs1271/ccs/tools/compiler/ti-cgt-arm_20.2.7.LTS/include" --define=ccs="ccs" --define=PART_TM4C123GH6PM -g --gcc --diag_warning=225 --diag_wrap=off --display_error_number --abi=eabi --preproc_with_compile --preproc_dependency="tm4c123gh6pm_startup_ccs.d_raw"  "../tm4c123gh6pm_startup_ccs.c"
Finished building: "../tm4c123gh6pm_startup_ccs.c"
 
Building file: "../lcd.c"
Invoking: Arm Compiler
"C:/ti/ccs1271/ccs/tools/compiler/ti-cgt-arm_20.2.7.LTS/bin/armcl" -mv7M4 --code_state=16 --float_support=FPv4SPD16 -me --include_path="U:/cpre_2880/lab_1" --include_path="C:/ti/TivaWare_C_Series-2.2.0.295" --include_path="C:/ti/ccs1271/ccs/tools/compiler/ti-cgt-arm_20.2.7.LTS/include" --define=ccs="ccs" --define=PART_TM4C123GH6PM -g --gcc --diag_warning=225 --diag_wrap=off --display_error_number --abi=eabi --preproc_with_compile --preproc_dependency="lcd.d_raw"  "../lcd.c"
Finished building: "../lcd.c"
 
Building target: "lab_1.out"
Invoking: Arm Linker
"C:/ti/ccs1271/ccs/tools/compiler/ti-cgt-arm_20.2.7.LTS/bin/armcl" -mv7M4 --code_state=16 --float_support=FPv4SPD16 -me --define=ccs="ccs" --define=PART_TM4C123GH6PM -g --gcc --diag_warning=225 --diag_wrap=off --display_error_number --abi=eabi -z -m"lab_1.map" --heap_size=1024 --stack_size=2048 -i"C:/ti/ccs1271/ccs/tools/compiler/ti-cgt-arm_20.2.7.LTS/lib" -i"C:/ti/ccs1271/ccs/tools/compiler/ti-cgt-arm_20.2.7.LTS/include" --reread_libs --diag_wrap=off --display_error_number --warn_sections --xml_link_info="lab_1_linkInfo.xml" --rom_model -o "lab_1.out" "./Timer.obj" "./helloworld.obj" "./lcd.obj" "./tm4c123gh6pm_startup_ccs.obj" "../tm4c123gh6pm.cmd"  -llibc.a -l"C:/ti/TivaWare_C_Series-2.2.0.295/driverlib/ccs/Debug/driverlib.lib" 
<Linking>
Finished building target: "lab_1.out"
 

**** Build Finished ****

**** Build of configuration Debug for project lab_1 ****

"C:\\ti\\ccs1271\\ccs\\utils\\bin\\gmake" -k -j 20 all -O 
 
gmake[1]: 'lab_1.out' is up to date.

**** Build Finished ****

**** Build of configuration Debug for project lab_1 ****

"C:\\ti\\ccs1271\\ccs\\utils\\bin\\gmake" -k -j 20 all -O 
 
Building file: "../helloworld.c"
Invoking: Arm Compiler
"C:/ti/ccs1271/ccs/tools/compiler/ti-cgt-arm_20.2.7.LTS/bin/armcl" -mv7M4 --code_state=16 --float_support=FPv4SPD16 -me --include_path="U:/cpre_2880/lab_1" --include_path="C:/ti/TivaWare_C_Series-2.2.0.295" --include_path="C:/ti/ccs1271/ccs/tools/compiler/ti-cgt-arm_20.2.7.LTS/include" --define=ccs="ccs" --define=PART_TM4C123GH6PM -g --gcc --diag_warning=225 --diag_wrap=off --display_error_number --abi=eabi --preproc_with_compile --preproc_dependency="helloworld.d_raw"  "../helloworld.c"
Finished building: "../helloworld.c"
 
Building target: "lab_1.out"
Invoking: Arm Linker
"C:/ti/ccs1271/ccs/tools/compiler/ti-cgt-arm_20.2.7.LTS/bin/armcl" -mv7M4 --code_state=16 --float_support=FPv4SPD16 -me --define=ccs="ccs" --define=PART_TM4C123GH6PM -g --gcc --diag_warning=225 --diag_wrap=off --display_error_number --abi=eabi -z -m"lab_1.map" --heap_size=1024 --stack_size=2048 -i"C:/ti/ccs1271/ccs/tools/compiler/ti-cgt-arm_20.2.7.LTS/lib" -i"C:/ti/ccs1271/ccs/tools/compiler/ti-cgt-arm_20.2.7.LTS/include" --reread_libs --diag_wrap=off --display_error_number --warn_sections --xml_link_info="lab_1_linkInfo.xml" --rom_model -o "lab_1.out" "./Timer.obj" "./helloworld.obj" "./lcd.obj" "./tm4c123gh6pm_startup_ccs.obj" "../tm4c123gh6pm.cmd"  -llibc.a -l"C:/ti/TivaWare_C_Series-2.2.0.295/driverlib/ccs/Debug/driverlib.lib" 
<Linking>
Finished building target: "lab_1.out"
 

**** Build Finished ****

**** Build of configuration Debug for project lab_1 ****

"C:\\ti\\ccs1271\\ccs\\utils\\bin\\gmake" -k -j 20 all -O 
 
gmake[1]: 'lab_1.out' is up to date.

**** Build Finished ****

**** Build of configuration Debug for project lab_1 ****

"C:\\ti\\ccs1271\\ccs\\utils\\bin\\gmake" -k -j 20 all -O 
 
gmake[1]: 'lab_1.out' is up to date.

**** Build Finished ****

**** Build of configuration Debug for project lab_1 ****

"C:\\ti\\ccs1271\\ccs\\utils\\bin\\gmake" -k -j 20 all -O 
 
Building file: "../helloworld.c"
Invoking: Arm Compiler
"C:/ti/ccs1271/ccs/tools/compiler/ti-cgt-arm_20.2.7.LTS/bin/armcl" -mv7M4 --code_state=16 --float_support=FPv4SPD16 -me --include_path="U:/cpre_2880/lab_1" --include_path="C:/ti/TivaWare_C_Series-2.2.0.295" --include_path="C:/ti/ccs1271/ccs/tools/compiler/ti-cgt-arm_20.2.7.LTS/include" --define=ccs="ccs" --define=PART_TM4C123GH6PM -g --gcc --diag_warning=225 --diag_wrap=off --display_error_number --abi=eabi --preproc_with_compile --preproc_dependency="helloworld.d_raw"  "../helloworld.c"
 
>> Compilation failure
subdir_rules.mk:9: recipe for target 'helloworld.obj' failed
"../helloworld.c", line 22: warning #2097-D: string literal too long -- excess characters ignored
"../helloworld.c", line 23: error #66: expected a ";"
"../helloworld.c", line 33: error #29: expected an expression
"../helloworld.c", line 33: error #20: identifier "i" is undefined
"../helloworld.c", line 33: error #18: expected a ")"
"../helloworld.c", line 36: error #20: identifier "blank_word" is undefined
"../helloworld.c", line 38: error #29: expected an expression
"../helloworld.c", line 38: error #18: expected a ")"
"../helloworld.c", line 40: error #66: expected a ";"
"../helloworld.c", line 43: error #66: expected a ";"
"../helloworld.c", line 46: warning #12-D: parsing restarts here after previous syntax error
"../helloworld.c", line 28: warning #179-D: variable "millis" was declared but never referenced
9 errors detected in the compilation of "../helloworld.c".
gmake: *** [helloworld.obj] Error 1
gmake: Target 'all' not remade because of errors.

**** Build Finished ****

**** Build of configuration Debug for project lab_1 ****

"C:\\ti\\ccs1271\\ccs\\utils\\bin\\gmake" -k -j 20 all -O 
 
Building file: "../helloworld.c"
Invoking: Arm Compiler
"C:/ti/ccs1271/ccs/tools/compiler/ti-cgt-arm_20.2.7.LTS/bin/armcl" -mv7M4 --code_state=16 --float_support=FPv4SPD16 -me --include_path="U:/cpre_2880/lab_1" --include_path="C:/ti/TivaWare_C_Series-2.2.0.295" --include_path="C:/ti/ccs1271/ccs/tools/compiler/ti-cgt-arm_20.2.7.LTS/include" --define=ccs="ccs" --define=PART_TM4C123GH6PM -g --gcc --diag_warning=225 --diag_wrap=off --display_error_number --abi=eabi --preproc_with_compile --preproc_dependency="helloworld.d_raw"  "../helloworld.c"
 
>> Compilation failure
subdir_rules.mk:9: recipe for target 'helloworld.obj' failed
"../helloworld.c", line 22: warning #2097-D: string literal too long -- excess characters ignored
"../helloworld.c", line 33: error #29: expected an expression
"../helloworld.c", line 33: error #20: identifier "i" is undefined
"../helloworld.c", line 33: error #18: expected a ")"
"../helloworld.c", line 38: error #29: expected an expression
"../helloworld.c", line 38: error #18: expected a ")"
"../helloworld.c", line 40: error #66: expected a ";"
"../helloworld.c", line 43: error #66: expected a ";"
"../helloworld.c", line 46: warning #12-D: parsing restarts here after previous syntax error
"../helloworld.c", line 28: warning #179-D: variable "millis" was declared but never referenced
7 errors detected in the compilation of "../helloworld.c".
gmake: *** [helloworld.obj] Error 1
gmake: Target 'all' not remade because of errors.

**** Build Finished ****

**** Build of configuration Debug for project lab_1 ****

"C:\\ti\\ccs1271\\ccs\\utils\\bin\\gmake" -k -j 20 all -O 
 
Building file: "../helloworld.c"
Invoking: Arm Compiler
"C:/ti/ccs1271/ccs/tools/compiler/ti-cgt-arm_20.2.7.LTS/bin/armcl" -mv7M4 --code_state=16 --float_support=FPv4SPD16 -me --include_path="U:/cpre_2880/lab_1" --include_path="C:/ti/TivaWare_C_Series-2.2.0.295" --include_path="C:/ti/ccs1271/ccs/tools/compiler/ti-cgt-arm_20.2.7.LTS/include" --define=ccs="ccs" --define=PART_TM4C123GH6PM -g --gcc --diag_warning=225 --diag_wrap=off --display_error_number --abi=eabi --preproc_with_compile --preproc_dependency="helloworld.d_raw"  "../helloworld.c"
 
>> Compilation failure
subdir_rules.mk:9: recipe for target 'helloworld.obj' failed
"../helloworld.c", line 23: error #17: expected a "]"
"../helloworld.c", line 23: error #29: expected an expression
"../helloworld.c", line 34: error #29: expected an expression
"../helloworld.c", line 34: error #20: identifier "i" is undefined
"../helloworld.c", line 34: error #18: expected a ")"
"../helloworld.c", line 34: warning #176-D: expression has no effect
"../helloworld.c", line 34: error #29: expected an expression
"../helloworld.c", line 37: warning #12-D: parsing restarts here after previous syntax error
"../helloworld.c", line 39: error #29: expected an expression
"../helloworld.c", line 39: error #18: expected a ")"
"../helloworld.c", line 41: error #66: expected a ";"
"../helloworld.c", line 44: error #66: expected a ";"
"../helloworld.c", line 47: warning #12-D: parsing restarts here after previous syntax error
"../helloworld.c", line 29: warning #179-D: variable "millis" was declared but never referenced
10 errors detected in the compilation of "../helloworld.c".
gmake: *** [helloworld.obj] Error 1
gmake: Target 'all' not remade because of errors.

**** Build Finished ****

**** Build of configuration Debug for project lab_1 ****

"C:\\ti\\ccs1271\\ccs\\utils\\bin\\gmake" -k -j 20 all -O 
 
Building file: "../helloworld.c"
Invoking: Arm Compiler
"C:/ti/ccs1271/ccs/tools/compiler/ti-cgt-arm_20.2.7.LTS/bin/armcl" -mv7M4 --code_state=16 --float_support=FPv4SPD16 -me --include_path="U:/cpre_2880/lab_1" --include_path="C:/ti/TivaWare_C_Series-2.2.0.295" --include_path="C:/ti/ccs1271/ccs/tools/compiler/ti-cgt-arm_20.2.7.LTS/include" --define=ccs="ccs" --define=PART_TM4C123GH6PM -g --gcc --diag_warning=225 --diag_wrap=off --display_error_number --abi=eabi --preproc_with_compile --preproc_dependency="helloworld.d_raw"  "../helloworld.c"
 
>> Compilation failure
subdir_rules.mk:9: recipe for target 'helloworld.obj' failed
"../helloworld.c", line 23: error #17: expected a "]"
"../helloworld.c", line 23: error #29: expected an expression
"../helloworld.c", line 34: error #29: expected an expression
"../helloworld.c", line 34: error #20: identifier "i" is undefined
"../helloworld.c", line 34: error #18: expected a ")"
"../helloworld.c", line 34: warning #176-D: expression has no effect
"../helloworld.c", line 34: error #29: expected an expression
"../helloworld.c", line 37: warning #12-D: parsing restarts here after previous syntax error
"../helloworld.c", line 39: error #29: expected an expression
"../helloworld.c", line 39: error #18: expected a ")"
"../helloworld.c", line 41: error #66: expected a ";"
"../helloworld.c", line 44: error #66: expected a ";"
"../helloworld.c", line 47: warning #12-D: parsing restarts here after previous syntax error
"../helloworld.c", line 29: warning #179-D: variable "millis" was declared but never referenced
10 errors detected in the compilation of "../helloworld.c".
gmake: *** [helloworld.obj] Error 1
gmake: Target 'all' not remade because of errors.

**** Build Finished ****

**** Build of configuration Debug for project lab_1 ****

"C:\\ti\\ccs1271\\ccs\\utils\\bin\\gmake" -k -j 20 all -O 
 
Building file: "../helloworld.c"
Invoking: Arm Compiler
"C:/ti/ccs1271/ccs/tools/compiler/ti-cgt-arm_20.2.7.LTS/bin/armcl" -mv7M4 --code_state=16 --float_support=FPv4SPD16 -me --include_path="U:/cpre_2880/lab_1" --include_path="C:/ti/TivaWare_C_Series-2.2.0.295" --include_path="C:/ti/ccs1271/ccs/tools/compiler/ti-cgt-arm_20.2.7.LTS/include" --define=ccs="ccs" --define=PART_TM4C123GH6PM -g --gcc --diag_warning=225 --diag_wrap=off --display_error_number --abi=eabi --preproc_with_compile --preproc_dependency="helloworld.d_raw"  "../helloworld.c"
 
>> Compilation failure
subdir_rules.mk:9: recipe for target 'helloworld.obj' failed
"../helloworld.c", line 21: error #66: expected a ";"
"../helloworld.c", line 23: warning #551-D: variable "PHRASE_LENGTH" is used before its value is set
"../helloworld.c", line 23: error #146: variable "rot_word" may not be initialized
"../helloworld.c", line 34: error #29: expected an expression
"../helloworld.c", line 34: error #20: identifier "i" is undefined
"../helloworld.c", line 34: error #18: expected a ")"
"../helloworld.c", line 39: error #29: expected an expression
"../helloworld.c", line 39: error #18: expected a ")"
"../helloworld.c", line 41: error #66: expected a ";"
"../helloworld.c", line 44: error #66: expected a ";"
"../helloworld.c", line 47: warning #12-D: parsing restarts here after previous syntax error
"../helloworld.c", line 29: warning #179-D: variable "millis" was declared but never referenced
9 errors detected in the compilation of "../helloworld.c".
gmake: *** [helloworld.obj] Error 1
gmake: Target 'all' not remade because of errors.

**** Build Finished ****

**** Build of configuration Debug for project lab_1 ****

"C:\\ti\\ccs1271\\ccs\\utils\\bin\\gmake" -k -j 20 all -O 
 
Building file: "../helloworld.c"
Invoking: Arm Compiler
"C:/ti/ccs1271/ccs/tools/compiler/ti-cgt-arm_20.2.7.LTS/bin/armcl" -mv7M4 --code_state=16 --float_support=FPv4SPD16 -me --include_path="U:/cpre_2880/lab_1" --include_path="C:/ti/TivaWare_C_Series-2.2.0.295" --include_path="C:/ti/ccs1271/ccs/tools/compiler/ti-cgt-arm_20.2.7.LTS/include" --define=ccs="ccs" --define=PART_TM4C123GH6PM -g --gcc --diag_warning=225 --diag_wrap=off --display_error_number --abi=eabi --preproc_with_compile --preproc_dependency="helloworld.d_raw"  "../helloworld.c"
 
>> Compilation failure
subdir_rules.mk:9: recipe for target 'helloworld.obj' failed
"../helloworld.c", line 25: error #146: variable "rot_word" may not be initialized
"../helloworld.c", line 36: error #29: expected an expression
"../helloworld.c", line 36: error #20: identifier "i" is undefined
"../helloworld.c", line 36: error #18: expected a ")"
"../helloworld.c", line 41: error #29: expected an expression
"../helloworld.c", line 41: error #18: expected a ")"
"../helloworld.c", line 43: error #66: expected a ";"
"../helloworld.c", line 46: error #66: expected a ";"
"../helloworld.c", line 49: warning #12-D: parsing restarts here after previous syntax error
"../helloworld.c", line 31: warning #179-D: variable "millis" was declared but never referenced
8 errors detected in the compilation of "../helloworld.c".
gmake: *** [helloworld.obj] Error 1
gmake: Target 'all' not remade because of errors.

**** Build Finished ****

**** Build of configuration Debug for project lab_1 ****

"C:\\ti\\ccs1271\\ccs\\utils\\bin\\gmake" -k -j 20 all -O 
 
Building file: "../helloworld.c"
Invoking: Arm Compiler
"C:/ti/ccs1271/ccs/tools/compiler/ti-cgt-arm_20.2.7.LTS/bin/armcl" -mv7M4 --code_state=16 --float_support=FPv4SPD16 -me --include_path="U:/cpre_2880/lab_1" --include_path="C:/ti/TivaWare_C_Series-2.2.0.295" --include_path="C:/ti/ccs1271/ccs/tools/compiler/ti-cgt-arm_20.2.7.LTS/include" --define=ccs="ccs" --define=PART_TM4C123GH6PM -g --gcc --diag_warning=225 --diag_wrap=off --display_error_number --abi=eabi --preproc_with_compile --preproc_dependency="helloworld.d_raw"  "../helloworld.c"
 
>> Compilation failure
subdir_rules.mk:9: recipe for target 'helloworld.obj' failed
"../helloworld.c", line 25: error #146: variable "word" may not be initialized
"../helloworld.c", line 36: error #29: expected an expression
"../helloworld.c", line 36: error #20: identifier "i" is undefined
"../helloworld.c", line 36: error #18: expected a ")"
"../helloworld.c", line 41: error #29: expected an expression
"../helloworld.c", line 41: error #18: expected a ")"
"../helloworld.c", line 43: error #66: expected a ";"
"../helloworld.c", line 46: error #66: expected a ";"
"../helloworld.c", line 49: warning #12-D: parsing restarts here after previous syntax error
"../helloworld.c", line 31: warning #179-D: variable "millis" was declared but never referenced
8 errors detected in the compilation of "../helloworld.c".
gmake: *** [helloworld.obj] Error 1
gmake: Target 'all' not remade because of errors.

**** Build Finished ****

**** Build of configuration Debug for project lab_1 ****

"C:\\ti\\ccs1271\\ccs\\utils\\bin\\gmake" -k -j 20 all -O 
 
Building file: "../helloworld.c"
Invoking: Arm Compiler
"C:/ti/ccs1271/ccs/tools/compiler/ti-cgt-arm_20.2.7.LTS/bin/armcl" -mv7M4 --code_state=16 --float_support=FPv4SPD16 -me --include_path="U:/cpre_2880/lab_1" --include_path="C:/ti/TivaWare_C_Series-2.2.0.295" --include_path="C:/ti/ccs1271/ccs/tools/compiler/ti-cgt-arm_20.2.7.LTS/include" --define=ccs="ccs" --define=PART_TM4C123GH6PM -g --gcc --diag_warning=225 --diag_wrap=off --display_error_number --abi=eabi --preproc_with_compile --preproc_dependency="helloworld.d_raw"  "../helloworld.c"
 
>> Compilation failure
subdir_rules.mk:9: recipe for target 'helloworld.obj' failed
"../helloworld.c", line 36: error #29: expected an expression
"../helloworld.c", line 36: error #20: identifier "i" is undefined
"../helloworld.c", line 41: error #29: expected an expression
"../helloworld.c", line 41: error #18: expected a ")"
"../helloworld.c", line 46: error #29: expected an expression
"../helloworld.c", line 46: error #18: expected a ")"
"../helloworld.c", line 47: error #20: identifier "blank_char" is undefined
"../helloworld.c", line 49: error #256: type name is not allowed
"../helloworld.c", line 49: error #18: expected a ")"
"../helloworld.c", line 31: warning #179-D: variable "millis" was declared but never referenced
9 errors detected in the compilation of "../helloworld.c".
gmake: *** [helloworld.obj] Error 1
gmake: Target 'all' not remade because of errors.

**** Build Finished ****

**** Build of configuration Debug for project lab_1 ****

"C:\\ti\\ccs1271\\ccs\\utils\\bin\\gmake" -k -j 20 all -O 
 
Building file: "../helloworld.c"
Invoking: Arm Compiler
"C:/ti/ccs1271/ccs/tools/compiler/ti-cgt-arm_20.2.7.LTS/bin/armcl" -mv7M4 --code_state=16 --float_support=FPv4SPD16 -me --include_path="U:/cpre_2880/lab_1" --include_path="C:/ti/TivaWare_C_Series-2.2.0.295" --include_path="C:/ti/ccs1271/ccs/tools/compiler/ti-cgt-arm_20.2.7.LTS/include" --define=ccs="ccs" --define=PART_TM4C123GH6PM -g --gcc --diag_warning=225 --diag_wrap=off --display_error_number --abi=eabi --preproc_with_compile --preproc_dependency="helloworld.d_raw"  "../helloworld.c"
 
>> Compilation failure
subdir_rules.mk:9: recipe for target 'helloworld.obj' failed
"../helloworld.c", line 42: error #18: expected a ")"
"../helloworld.c", line 47: error #18: expected a ")"
"../helloworld.c", line 48: error #20: identifier "blank_char" is undefined
"../helloworld.c", line 50: error #256: type name is not allowed
"../helloworld.c", line 50: error #18: expected a ")"
"../helloworld.c", line 31: warning #179-D: variable "millis" was declared but never referenced
5 errors detected in the compilation of "../helloworld.c".
gmake: *** [helloworld.obj] Error 1
gmake: Target 'all' not remade because of errors.

**** Build Finished ****

**** Build of configuration Debug for project lab_1 ****

"C:\\ti\\ccs1271\\ccs\\utils\\bin\\gmake" -k -j 20 all -O 
 
Building file: "../helloworld.c"
Invoking: Arm Compiler
"C:/ti/ccs1271/ccs/tools/compiler/ti-cgt-arm_20.2.7.LTS/bin/armcl" -mv7M4 --code_state=16 --float_support=FPv4SPD16 -me --include_path="U:/cpre_2880/lab_1" --include_path="C:/ti/TivaWare_C_Series-2.2.0.295" --include_path="C:/ti/ccs1271/ccs/tools/compiler/ti-cgt-arm_20.2.7.LTS/include" --define=ccs="ccs" --define=PART_TM4C123GH6PM -g --gcc --diag_warning=225 --diag_wrap=off --display_error_number --abi=eabi --preproc_with_compile --preproc_dependency="helloworld.d_raw"  "../helloworld.c"
 
>> Compilation failure
subdir_rules.mk:9: recipe for target 'helloworld.obj' failed
"../helloworld.c", line 48: error #20: identifier "blank_char" is undefined
"../helloworld.c", line 50: error #256: type name is not allowed
"../helloworld.c", line 50: error #18: expected a ")"
"../helloworld.c", line 31: warning #179-D: variable "millis" was declared but never referenced
3 errors detected in the compilation of "../helloworld.c".
gmake: *** [helloworld.obj] Error 1
gmake: Target 'all' not remade because of errors.

**** Build Finished ****

**** Build of configuration Debug for project lab_1 ****

"C:\\ti\\ccs1271\\ccs\\utils\\bin\\gmake" -k -j 20 all -O 
 
Building file: "../helloworld.c"
Invoking: Arm Compiler
"C:/ti/ccs1271/ccs/tools/compiler/ti-cgt-arm_20.2.7.LTS/bin/armcl" -mv7M4 --code_state=16 --float_support=FPv4SPD16 -me --include_path="U:/cpre_2880/lab_1" --include_path="C:/ti/TivaWare_C_Series-2.2.0.295" --include_path="C:/ti/ccs1271/ccs/tools/compiler/ti-cgt-arm_20.2.7.LTS/include" --define=ccs="ccs" --define=PART_TM4C123GH6PM -g --gcc --diag_warning=225 --diag_wrap=off --display_error_number --abi=eabi --preproc_with_compile --preproc_dependency="helloworld.d_raw"  "../helloworld.c"
 
>> Compilation failure
subdir_rules.mk:9: recipe for target 'helloworld.obj' failed
"../helloworld.c", line 50: error #256: type name is not allowed
"../helloworld.c", line 50: error #18: expected a ")"
"../helloworld.c", line 31: warning #179-D: variable "millis" was declared but never referenced
2 errors detected in the compilation of "../helloworld.c".
gmake: *** [helloworld.obj] Error 1
gmake: Target 'all' not remade because of errors.

**** Build Finished ****

**** Build of configuration Debug for project lab_1 ****

"C:\\ti\\ccs1271\\ccs\\utils\\bin\\gmake" -k -j 20 all -O 
 
Building file: "../helloworld.c"
Invoking: Arm Compiler
"C:/ti/ccs1271/ccs/tools/compiler/ti-cgt-arm_20.2.7.LTS/bin/armcl" -mv7M4 --code_state=16 --float_support=FPv4SPD16 -me --include_path="U:/cpre_2880/lab_1" --include_path="C:/ti/TivaWare_C_Series-2.2.0.295" --include_path="C:/ti/ccs1271/ccs/tools/compiler/ti-cgt-arm_20.2.7.LTS/include" --define=ccs="ccs" --define=PART_TM4C123GH6PM -g --gcc --diag_warning=225 --diag_wrap=off --display_error_number --abi=eabi --preproc_with_compile --preproc_dependency="helloworld.d_raw"  "../helloworld.c"
 
>> Compilation failure
subdir_rules.mk:9: recipe for target 'helloworld.obj' failed
"../helloworld.c", line 51: error #256: type name is not allowed
"../helloworld.c", line 51: error #18: expected a ")"
"../helloworld.c", line 32: warning #179-D: variable "millis" was declared but never referenced
2 errors detected in the compilation of "../helloworld.c".
gmake: *** [helloworld.obj] Error 1
gmake: Target 'all' not remade because of errors.

**** Build Finished ****

**** Build of configuration Debug for project lab_1 ****

"C:\\ti\\ccs1271\\ccs\\utils\\bin\\gmake" -k -j 20 all -O 
 
Building file: "../helloworld.c"
Invoking: Arm Compiler
"C:/ti/ccs1271/ccs/tools/compiler/ti-cgt-arm_20.2.7.LTS/bin/armcl" -mv7M4 --code_state=16 --float_support=FPv4SPD16 -me --include_path="U:/cpre_2880/lab_1" --include_path="C:/ti/TivaWare_C_Series-2.2.0.295" --include_path="C:/ti/ccs1271/ccs/tools/compiler/ti-cgt-arm_20.2.7.LTS/include" --define=ccs="ccs" --define=PART_TM4C123GH6PM -g --gcc --diag_warning=225 --diag_wrap=off --display_error_number --abi=eabi --preproc_with_compile --preproc_dependency="helloworld.d_raw"  "../helloworld.c"
Finished building: "../helloworld.c"
 
Building target: "lab_1.out"
Invoking: Arm Linker
"C:/ti/ccs1271/ccs/tools/compiler/ti-cgt-arm_20.2.7.LTS/bin/armcl" -mv7M4 --code_state=16 --float_support=FPv4SPD16 -me --define=ccs="ccs" --define=PART_TM4C123GH6PM -g --gcc --diag_warning=225 --diag_wrap=off --display_error_number --abi=eabi -z -m"lab_1.map" --heap_size=1024 --stack_size=2048 -i"C:/ti/ccs1271/ccs/tools/compiler/ti-cgt-arm_20.2.7.LTS/lib" -i"C:/ti/ccs1271/ccs/tools/compiler/ti-cgt-arm_20.2.7.LTS/include" --reread_libs --diag_wrap=off --display_error_number --warn_sections --xml_link_info="lab_1_linkInfo.xml" --rom_model -o "lab_1.out" "./Timer.obj" "./helloworld.obj" "./lcd.obj" "./tm4c123gh6pm_startup_ccs.obj" "../tm4c123gh6pm.cmd"  -llibc.a -l"C:/ti/TivaWare_C_Series-2.2.0.295/driverlib/ccs/Debug/driverlib.lib" 
<Linking>
Finished building target: "lab_1.out"
 

**** Build Finished ****

**** Build of configuration Debug for project lab_1 ****

"C:\\ti\\ccs1271\\ccs\\utils\\bin\\gmake" -k -j 20 all -O 
 
gmake[1]: 'lab_1.out' is up to date.

**** Build Finished ****

**** Build of configuration Debug for project lab_1 ****

"C:\\ti\\ccs1271\\ccs\\utils\\bin\\gmake" -k -j 20 all -O 
 
Building file: "../helloworld.c"
Invoking: Arm Compiler
"C:/ti/ccs1271/ccs/tools/compiler/ti-cgt-arm_20.2.7.LTS/bin/armcl" -mv7M4 --code_state=16 --float_support=FPv4SPD16 -me --include_path="U:/cpre_2880/lab_1" --include_path="C:/ti/TivaWare_C_Series-2.2.0.295" --include_path="C:/ti/ccs1271/ccs/tools/compiler/ti-cgt-arm_20.2.7.LTS/include" --define=ccs="ccs" --define=PART_TM4C123GH6PM -g --gcc --diag_warning=225 --diag_wrap=off --display_error_number --abi=eabi --preproc_with_compile --preproc_dependency="helloworld.d_raw"  "../helloworld.c"
Finished building: "../helloworld.c"
 
Building target: "lab_1.out"
Invoking: Arm Linker
"C:/ti/ccs1271/ccs/tools/compiler/ti-cgt-arm_20.2.7.LTS/bin/armcl" -mv7M4 --code_state=16 --float_support=FPv4SPD16 -me --define=ccs="ccs" --define=PART_TM4C123GH6PM -g --gcc --diag_warning=225 --diag_wrap=off --display_error_number --abi=eabi -z -m"lab_1.map" --heap_size=1024 --stack_size=2048 -i"C:/ti/ccs1271/ccs/tools/compiler/ti-cgt-arm_20.2.7.LTS/lib" -i"C:/ti/ccs1271/ccs/tools/compiler/ti-cgt-arm_20.2.7.LTS/include" --reread_libs --diag_wrap=off --display_error_number --warn_sections --xml_link_info="lab_1_linkInfo.xml" --rom_model -o "lab_1.out" "./Timer.obj" "./helloworld.obj" "./lcd.obj" "./tm4c123gh6pm_startup_ccs.obj" "../tm4c123gh6pm.cmd"  -llibc.a -l"C:/ti/TivaWare_C_Series-2.2.0.295/driverlib/ccs/Debug/driverlib.lib" 
<Linking>
Finished building target: "lab_1.out"
 

**** Build Finished ****

**** Build of configuration Debug for project lab_1 ****

"C:\\ti\\ccs1271\\ccs\\utils\\bin\\gmake" -k -j 20 all -O 
 
gmake[1]: 'lab_1.out' is up to date.

**** Build Finished ****

**** Build of configuration Debug for project lab_1 ****

"C:\\ti\\ccs1271\\ccs\\utils\\bin\\gmake" -k -j 20 all -O 
 
Building file: "../helloworld.c"
Invoking: Arm Compiler
"C:/ti/ccs1271/ccs/tools/compiler/ti-cgt-arm_20.2.7.LTS/bin/armcl" -mv7M4 --code_state=16 --float_support=FPv4SPD16 -me --include_path="U:/cpre_2880/lab_1" --include_path="C:/ti/TivaWare_C_Series-2.2.0.295" --include_path="C:/ti/ccs1271/ccs/tools/compiler/ti-cgt-arm_20.2.7.LTS/include" --define=ccs="ccs" --define=PART_TM4C123GH6PM -g --gcc --diag_warning=225 --diag_wrap=off --display_error_number --abi=eabi --preproc_with_compile --preproc_dependency="helloworld.d_raw"  "../helloworld.c"
 
>> Compilation failure
subdir_rules.mk:9: recipe for target 'helloworld.obj' failed
"../helloworld.c", line 50: error #138: expression must be a modifiable lvalue
1 error detected in the compilation of "../helloworld.c".
gmake: *** [helloworld.obj] Error 1
gmake: Target 'all' not remade because of errors.

**** Build Finished ****

**** Build of configuration Debug for project lab_1 ****

"C:\\ti\\ccs1271\\ccs\\utils\\bin\\gmake" -k -j 20 all -O 
 
Building file: "../helloworld.c"
Invoking: Arm Compiler
"C:/ti/ccs1271/ccs/tools/compiler/ti-cgt-arm_20.2.7.LTS/bin/armcl" -mv7M4 --code_state=16 --float_support=FPv4SPD16 -me --include_path="U:/cpre_2880/lab_1" --include_path="C:/ti/TivaWare_C_Series-2.2.0.295" --include_path="C:/ti/ccs1271/ccs/tools/compiler/ti-cgt-arm_20.2.7.LTS/include" --define=ccs="ccs" --define=PART_TM4C123GH6PM -g --gcc --diag_warning=225 --diag_wrap=off --display_error_number --abi=eabi --preproc_with_compile --preproc_dependency="helloworld.d_raw"  "../helloworld.c"
Finished building: "../helloworld.c"
 
Building target: "lab_1.out"
Invoking: Arm Linker
"C:/ti/ccs1271/ccs/tools/compiler/ti-cgt-arm_20.2.7.LTS/bin/armcl" -mv7M4 --code_state=16 --float_support=FPv4SPD16 -me --define=ccs="ccs" --define=PART_TM4C123GH6PM -g --gcc --diag_warning=225 --diag_wrap=off --display_error_number --abi=eabi -z -m"lab_1.map" --heap_size=1024 --stack_size=2048 -i"C:/ti/ccs1271/ccs/tools/compiler/ti-cgt-arm_20.2.7.LTS/lib" -i"C:/ti/ccs1271/ccs/tools/compiler/ti-cgt-arm_20.2.7.LTS/include" --reread_libs --diag_wrap=off --display_error_number --warn_sections --xml_link_info="lab_1_linkInfo.xml" --rom_model -o "lab_1.out" "./Timer.obj" "./helloworld.obj" "./lcd.obj" "./tm4c123gh6pm_startup_ccs.obj" "../tm4c123gh6pm.cmd"  -llibc.a -l"C:/ti/TivaWare_C_Series-2.2.0.295/driverlib/ccs/Debug/driverlib.lib" 
<Linking>
Finished building target: "lab_1.out"
 

**** Build Finished ****

**** Build of configuration Debug for project lab_1 ****

"C:\\ti\\ccs1271\\ccs\\utils\\bin\\gmake" -k -j 20 all -O 
 
Building file: "../helloworld.c"
Invoking: Arm Compiler
"C:/ti/ccs1271/ccs/tools/compiler/ti-cgt-arm_20.2.7.LTS/bin/armcl" -mv7M4 --code_state=16 --float_support=FPv4SPD16 -me --include_path="U:/cpre_2880/lab_1" --include_path="C:/ti/TivaWare_C_Series-2.2.0.295" --include_path="C:/ti/ccs1271/ccs/tools/compiler/ti-cgt-arm_20.2.7.LTS/include" --define=ccs="ccs" --define=PART_TM4C123GH6PM -g --gcc --diag_warning=225 --diag_wrap=off --display_error_number --abi=eabi --preproc_with_compile --preproc_dependency="helloworld.d_raw"  "../helloworld.c"
"../helloworld.c", line 47: warning #179-D: variable "k" was declared but never referenced
Finished building: "../helloworld.c"
 
Building target: "lab_1.out"
Invoking: Arm Linker
"C:/ti/ccs1271/ccs/tools/compiler/ti-cgt-arm_20.2.7.LTS/bin/armcl" -mv7M4 --code_state=16 --float_support=FPv4SPD16 -me --define=ccs="ccs" --define=PART_TM4C123GH6PM -g --gcc --diag_warning=225 --diag_wrap=off --display_error_number --abi=eabi -z -m"lab_1.map" --heap_size=1024 --stack_size=2048 -i"C:/ti/ccs1271/ccs/tools/compiler/ti-cgt-arm_20.2.7.LTS/lib" -i"C:/ti/ccs1271/ccs/tools/compiler/ti-cgt-arm_20.2.7.LTS/include" --reread_libs --diag_wrap=off --display_error_number --warn_sections --xml_link_info="lab_1_linkInfo.xml" --rom_model -o "lab_1.out" "./Timer.obj" "./helloworld.obj" "./lcd.obj" "./tm4c123gh6pm_startup_ccs.obj" "../tm4c123gh6pm.cmd"  -llibc.a -l"C:/ti/TivaWare_C_Series-2.2.0.295/driverlib/ccs/Debug/driverlib.lib" 
<Linking>
Finished building target: "lab_1.out"
 

**** Build Finished ****

**** Build of configuration Debug for project lab_1 ****

"C:\\ti\\ccs1271\\ccs\\utils\\bin\\gmake" -k -j 20 all -O 
 
gmake[1]: 'lab_1.out' is up to date.

**** Build Finished ****

**** Build of configuration Debug for project lab_1 ****

"C:\\ti\\ccs1271\\ccs\\utils\\bin\\gmake" -k -j 20 all -O 
 
Building file: "../helloworld.c"
Invoking: Arm Compiler
"C:/ti/ccs1271/ccs/tools/compiler/ti-cgt-arm_20.2.7.LTS/bin/armcl" -mv7M4 --code_state=16 --float_support=FPv4SPD16 -me --include_path="U:/cpre_2880/lab_1" --include_path="C:/ti/TivaWare_C_Series-2.2.0.295" --include_path="C:/ti/ccs1271/ccs/tools/compiler/ti-cgt-arm_20.2.7.LTS/include" --define=ccs="ccs" --define=PART_TM4C123GH6PM -g --gcc --diag_warning=225 --diag_wrap=off --display_error_number --abi=eabi --preproc_with_compile --preproc_dependency="helloworld.d_raw"  "../helloworld.c"
"../helloworld.c", line 47: warning #179-D: variable "k" was declared but never referenced
Finished building: "../helloworld.c"
 
Building target: "lab_1.out"
Invoking: Arm Linker
"C:/ti/ccs1271/ccs/tools/compiler/ti-cgt-arm_20.2.7.LTS/bin/armcl" -mv7M4 --code_state=16 --float_support=FPv4SPD16 -me --define=ccs="ccs" --define=PART_TM4C123GH6PM -g --gcc --diag_warning=225 --diag_wrap=off --display_error_number --abi=eabi -z -m"lab_1.map" --heap_size=1024 --stack_size=2048 -i"C:/ti/ccs1271/ccs/tools/compiler/ti-cgt-arm_20.2.7.LTS/lib" -i"C:/ti/ccs1271/ccs/tools/compiler/ti-cgt-arm_20.2.7.LTS/include" --reread_libs --diag_wrap=off --display_error_number --warn_sections --xml_link_info="lab_1_linkInfo.xml" --rom_model -o "lab_1.out" "./Timer.obj" "./helloworld.obj" "./lcd.obj" "./tm4c123gh6pm_startup_ccs.obj" "../tm4c123gh6pm.cmd"  -llibc.a -l"C:/ti/TivaWare_C_Series-2.2.0.295/driverlib/ccs/Debug/driverlib.lib" 
<Linking>
Finished building target: "lab_1.out"
 

**** Build Finished ****

**** Build of configuration Debug for project lab_1 ****

"C:\\ti\\ccs1271\\ccs\\utils\\bin\\gmake" -k -j 20 all -O 
 
Building file: "../helloworld.c"
Invoking: Arm Compiler
"C:/ti/ccs1271/ccs/tools/compiler/ti-cgt-arm_20.2.7.LTS/bin/armcl" -mv7M4 --code_state=16 --float_support=FPv4SPD16 -me --include_path="U:/cpre_2880/lab_1" --include_path="C:/ti/TivaWare_C_Series-2.2.0.295" --include_path="C:/ti/ccs1271/ccs/tools/compiler/ti-cgt-arm_20.2.7.LTS/include" --define=ccs="ccs" --define=PART_TM4C123GH6PM -g --gcc --diag_warning=225 --diag_wrap=off --display_error_number --abi=eabi --preproc_with_compile --preproc_dependency="helloworld.d_raw"  "../helloworld.c"
Finished building: "../helloworld.c"
 
Building target: "lab_1.out"
Invoking: Arm Linker
"C:/ti/ccs1271/ccs/tools/compiler/ti-cgt-arm_20.2.7.LTS/bin/armcl" -mv7M4 --code_state=16 --float_support=FPv4SPD16 -me --define=ccs="ccs" --define=PART_TM4C123GH6PM -g --gcc --diag_warning=225 --diag_wrap=off --display_error_number --abi=eabi -z -m"lab_1.map" --heap_size=1024 --stack_size=2048 -i"C:/ti/ccs1271/ccs/tools/compiler/ti-cgt-arm_20.2.7.LTS/lib" -i"C:/ti/ccs1271/ccs/tools/compiler/ti-cgt-arm_20.2.7.LTS/include" --reread_libs --diag_wrap=off --display_error_number --warn_sections --xml_link_info="lab_1_linkInfo.xml" --rom_model -o "lab_1.out" "./Timer.obj" "./helloworld.obj" "./lcd.obj" "./tm4c123gh6pm_startup_ccs.obj" "../tm4c123gh6pm.cmd"  -llibc.a -l"C:/ti/TivaWare_C_Series-2.2.0.295/driverlib/ccs/Debug/driverlib.lib" 
<Linking>
Finished building target: "lab_1.out"
 

**** Build Finished ****

**** Build of configuration Debug for project lab_1 ****

"C:\\ti\\ccs1271\\ccs\\utils\\bin\\gmake" -k -j 20 all -O 
 
gmake[1]: 'lab_1.out' is up to date.

**** Build Finished ****

**** Build of configuration Debug for project lab_1 ****

"C:\\ti\\ccs1271\\ccs\\utils\\bin\\gmake" -k -j 20 all -O 
 
Building file: "../helloworld.c"
Invoking: Arm Compiler
"C:/ti/ccs1271/ccs/tools/compiler/ti-cgt-arm_20.2.7.LTS/bin/armcl" -mv7M4 --code_state=16 --float_support=FPv4SPD16 -me --include_path="U:/cpre_2880/lab_1" --include_path="C:/ti/TivaWare_C_Series-2.2.0.295" --include_path="C:/ti/ccs1271/ccs/tools/compiler/ti-cgt-arm_20.2.7.LTS/include" --define=ccs="ccs" --define=PART_TM4C123GH6PM -g --gcc --diag_warning=225 --diag_wrap=off --display_error_number --abi=eabi --preproc_with_compile --preproc_dependency="helloworld.d_raw"  "../helloworld.c"
 
>> Compilation failure
subdir_rules.mk:9: recipe for target 'helloworld.obj' failed
"../helloworld.c", line 49: error #29: expected an expression
1 error detected in the compilation of "../helloworld.c".
gmake: *** [helloworld.obj] Error 1
gmake: Target 'all' not remade because of errors.

**** Build Finished ****

**** Build of configuration Debug for project lab_1 ****

"C:\\ti\\ccs1271\\ccs\\utils\\bin\\gmake" -k -j 20 all -O 
 
Building file: "../helloworld.c"
Invoking: Arm Compiler
"C:/ti/ccs1271/ccs/tools/compiler/ti-cgt-arm_20.2.7.LTS/bin/armcl" -mv7M4 --code_state=16 --float_support=FPv4SPD16 -me --include_path="U:/cpre_2880/lab_1" --include_path="C:/ti/TivaWare_C_Series-2.2.0.295" --include_path="C:/ti/ccs1271/ccs/tools/compiler/ti-cgt-arm_20.2.7.LTS/include" --define=ccs="ccs" --define=PART_TM4C123GH6PM -g --gcc --diag_warning=225 --diag_wrap=off --display_error_number --abi=eabi --preproc_with_compile --preproc_dependency="helloworld.d_raw"  "../helloworld.c"
 
>> Compilation failure
subdir_rules.mk:9: recipe for target 'helloworld.obj' failed
"../helloworld.c", line 49: error #29: expected an expression
1 error detected in the compilation of "../helloworld.c".
gmake: *** [helloworld.obj] Error 1
gmake: Target 'all' not remade because of errors.

**** Build Finished ****

**** Build of configuration Debug for project lab_1 ****

"C:\\ti\\ccs1271\\ccs\\utils\\bin\\gmake" -k -j 20 all -O 
 
Building file: "../helloworld.c"
Invoking: Arm Compiler
"C:/ti/ccs1271/ccs/tools/compiler/ti-cgt-arm_20.2.7.LTS/bin/armcl" -mv7M4 --code_state=16 --float_support=FPv4SPD16 -me --include_path="U:/cpre_2880/lab_1" --include_path="C:/ti/TivaWare_C_Series-2.2.0.295" --include_path="C:/ti/ccs1271/ccs/tools/compiler/ti-cgt-arm_20.2.7.LTS/include" --define=ccs="ccs" --define=PART_TM4C123GH6PM -g --gcc --diag_warning=225 --diag_wrap=off --display_error_number --abi=eabi --preproc_with_compile --preproc_dependency="helloworld.d_raw"  "../helloworld.c"
 
>> Compilation failure
subdir_rules.mk:9: recipe for target 'helloworld.obj' failed
"../helloworld.c", line 49: error #29: expected an expression
1 error detected in the compilation of "../helloworld.c".
gmake: *** [helloworld.obj] Error 1
gmake: Target 'all' not remade because of errors.

**** Build Finished ****

**** Build of configuration Debug for project lab_1 ****

"C:\\ti\\ccs1271\\ccs\\utils\\bin\\gmake" -k -j 20 all -O 
 
Building file: "../helloworld.c"
Invoking: Arm Compiler
"C:/ti/ccs1271/ccs/tools/compiler/ti-cgt-arm_20.2.7.LTS/bin/armcl" -mv7M4 --code_state=16 --float_support=FPv4SPD16 -me --include_path="U:/cpre_2880/lab_1" --include_path="C:/ti/TivaWare_C_Series-2.2.0.295" --include_path="C:/ti/ccs1271/ccs/tools/compiler/ti-cgt-arm_20.2.7.LTS/include" --define=ccs="ccs" --define=PART_TM4C123GH6PM -g --gcc --diag_warning=225 --diag_wrap=off --display_error_number --abi=eabi --preproc_with_compile --preproc_dependency="helloworld.d_raw"  "../helloworld.c"
 
>> Compilation failure
subdir_rules.mk:9: recipe for target 'helloworld.obj' failed
"../helloworld.c", line 49: error #29: expected an expression
1 error detected in the compilation of "../helloworld.c".
gmake: *** [helloworld.obj] Error 1
gmake: Target 'all' not remade because of errors.

**** Build Finished ****

**** Build of configuration Debug for project lab_1 ****

"C:\\ti\\ccs1271\\ccs\\utils\\bin\\gmake" -k -j 20 all -O 
 
Building file: "../helloworld.c"
Invoking: Arm Compiler
"C:/ti/ccs1271/ccs/tools/compiler/ti-cgt-arm_20.2.7.LTS/bin/armcl" -mv7M4 --code_state=16 --float_support=FPv4SPD16 -me --include_path="U:/cpre_2880/lab_1" --include_path="C:/ti/TivaWare_C_Series-2.2.0.295" --include_path="C:/ti/ccs1271/ccs/tools/compiler/ti-cgt-arm_20.2.7.LTS/include" --define=ccs="ccs" --define=PART_TM4C123GH6PM -g --gcc --diag_warning=225 --diag_wrap=off --display_error_number --abi=eabi --preproc_with_compile --preproc_dependency="helloworld.d_raw"  "../helloworld.c"
Finished building: "../helloworld.c"
 
Building target: "lab_1.out"
Invoking: Arm Linker
"C:/ti/ccs1271/ccs/tools/compiler/ti-cgt-arm_20.2.7.LTS/bin/armcl" -mv7M4 --code_state=16 --float_support=FPv4SPD16 -me --define=ccs="ccs" --define=PART_TM4C123GH6PM -g --gcc --diag_warning=225 --diag_wrap=off --display_error_number --abi=eabi -z -m"lab_1.map" --heap_size=1024 --stack_size=2048 -i"C:/ti/ccs1271/ccs/tools/compiler/ti-cgt-arm_20.2.7.LTS/lib" -i"C:/ti/ccs1271/ccs/tools/compiler/ti-cgt-arm_20.2.7.LTS/include" --reread_libs --diag_wrap=off --display_error_number --warn_sections --xml_link_info="lab_1_linkInfo.xml" --rom_model -o "lab_1.out" "./Timer.obj" "./helloworld.obj" "./lcd.obj" "./tm4c123gh6pm_startup_ccs.obj" "../tm4c123gh6pm.cmd"  -llibc.a -l"C:/ti/TivaWare_C_Series-2.2.0.295/driverlib/ccs/Debug/driverlib.lib" 
<Linking>
Finished building target: "lab_1.out"
 

**** Build Finished ****

**** Build of configuration Debug for project lab_1 ****

"C:\\ti\\ccs1271\\ccs\\utils\\bin\\gmake" -k -j 20 all -O 
 
gmake[1]: 'lab_1.out' is up to date.

**** Build Finished ****

**** Build of configuration Debug for project lab_1 ****

"C:\\ti\\ccs1271\\ccs\\utils\\bin\\gmake" -k -j 20 all -O 
 
Building file: "../helloworld.c"
Invoking: Arm Compiler
"C:/ti/ccs1271/ccs/tools/compiler/ti-cgt-arm_20.2.7.LTS/bin/armcl" -mv7M4 --code_state=16 --float_support=FPv4SPD16 -me --include_path="U:/cpre_2880/lab_1" --include_path="C:/ti/TivaWare_C_Series-2.2.0.295" --include_path="C:/ti/ccs1271/ccs/tools/compiler/ti-cgt-arm_20.2.7.LTS/include" --define=ccs="ccs" --define=PART_TM4C123GH6PM -g --gcc --diag_warning=225 --diag_wrap=off --display_error_number --abi=eabi --preproc_with_compile --preproc_dependency="helloworld.d_raw"  "../helloworld.c"
Finished building: "../helloworld.c"
 
Building target: "lab_1.out"
Invoking: Arm Linker
"C:/ti/ccs1271/ccs/tools/compiler/ti-cgt-arm_20.2.7.LTS/bin/armcl" -mv7M4 --code_state=16 --float_support=FPv4SPD16 -me --define=ccs="ccs" --define=PART_TM4C123GH6PM -g --gcc --diag_warning=225 --diag_wrap=off --display_error_number --abi=eabi -z -m"lab_1.map" --heap_size=1024 --stack_size=2048 -i"C:/ti/ccs1271/ccs/tools/compiler/ti-cgt-arm_20.2.7.LTS/lib" -i"C:/ti/ccs1271/ccs/tools/compiler/ti-cgt-arm_20.2.7.LTS/include" --reread_libs --diag_wrap=off --display_error_number --warn_sections --xml_link_info="lab_1_linkInfo.xml" --rom_model -o "lab_1.out" "./Timer.obj" "./helloworld.obj" "./lcd.obj" "./tm4c123gh6pm_startup_ccs.obj" "../tm4c123gh6pm.cmd"  -llibc.a -l"C:/ti/TivaWare_C_Series-2.2.0.295/driverlib/ccs/Debug/driverlib.lib" 
<Linking>
Finished building target: "lab_1.out"
 

**** Build Finished ****

**** Build of configuration Debug for project lab_1 ****

"C:\\ti\\ccs1271\\ccs\\utils\\bin\\gmake" -k -j 20 all -O 
 
gmake[1]: 'lab_1.out' is up to date.

**** Build Finished ****

**** Build of configuration Debug for project lab_1 ****

"C:\\ti\\ccs1271\\ccs\\utils\\bin\\gmake" -k -j 20 all -O 
 
Building file: "../helloworld.c"
Invoking: Arm Compiler
"C:/ti/ccs1271/ccs/tools/compiler/ti-cgt-arm_20.2.7.LTS/bin/armcl" -mv7M4 --code_state=16 --float_support=FPv4SPD16 -me --include_path="U:/cpre_2880/lab_1" --include_path="C:/ti/TivaWare_C_Series-2.2.0.295" --include_path="C:/ti/ccs1271/ccs/tools/compiler/ti-cgt-arm_20.2.7.LTS/include" --define=ccs="ccs" --define=PART_TM4C123GH6PM -g --gcc --diag_warning=225 --diag_wrap=off --display_error_number --abi=eabi --preproc_with_compile --preproc_dependency="helloworld.d_raw"  "../helloworld.c"
Finished building: "../helloworld.c"
 
Building target: "lab_1.out"
Invoking: Arm Linker
"C:/ti/ccs1271/ccs/tools/compiler/ti-cgt-arm_20.2.7.LTS/bin/armcl" -mv7M4 --code_state=16 --float_support=FPv4SPD16 -me --define=ccs="ccs" --define=PART_TM4C123GH6PM -g --gcc --diag_warning=225 --diag_wrap=off --display_error_number --abi=eabi -z -m"lab_1.map" --heap_size=1024 --stack_size=2048 -i"C:/ti/ccs1271/ccs/tools/compiler/ti-cgt-arm_20.2.7.LTS/lib" -i"C:/ti/ccs1271/ccs/tools/compiler/ti-cgt-arm_20.2.7.LTS/include" --reread_libs --diag_wrap=off --display_error_number --warn_sections --xml_link_info="lab_1_linkInfo.xml" --rom_model -o "lab_1.out" "./Timer.obj" "./helloworld.obj" "./lcd.obj" "./tm4c123gh6pm_startup_ccs.obj" "../tm4c123gh6pm.cmd"  -llibc.a -l"C:/ti/TivaWare_C_Series-2.2.0.295/driverlib/ccs/Debug/driverlib.lib" 
<Linking>
Finished building target: "lab_1.out"
 

**** Build Finished ****

**** Build of configuration Debug for project lab_1 ****

"C:\\ti\\ccs1271\\ccs\\utils\\bin\\gmake" -k -j 20 all -O 
 
gmake[1]: 'lab_1.out' is up to date.

**** Build Finished ****

**** Build of configuration Debug for project lab_1 ****

"C:\\ti\\ccs1271\\ccs\\utils\\bin\\gmake" -k -j 20 all -O 
 
gmake[1]: 'lab_1.out' is up to date.

**** Build Finished ****

**** Build of configuration Debug for project lab_1 ****

"C:\\ti\\ccs1271\\ccs\\utils\\bin\\gmake" -k -j 20 all -O 
 
gmake[1]: 'lab_1.out' is up to date.

**** Build Finished ****

**** Build of configuration Debug for project lab_1 ****

"C:\\ti\\ccs1271\\ccs\\utils\\bin\\gmake" -k -j 20 all -O 
 
Building file: "../helloworld.c"
Invoking: Arm Compiler
"C:/ti/ccs1271/ccs/tools/compiler/ti-cgt-arm_20.2.7.LTS/bin/armcl" -mv7M4 --code_state=16 --float_support=FPv4SPD16 -me --include_path="U:/cpre_2880/lab_1" --include_path="C:/ti/TivaWare_C_Series-2.2.0.295" --include_path="C:/ti/ccs1271/ccs/tools/compiler/ti-cgt-arm_20.2.7.LTS/include" --define=ccs="ccs" --define=PART_TM4C123GH6PM -g --gcc --diag_warning=225 --diag_wrap=off --display_error_number --abi=eabi --preproc_with_compile --preproc_dependency="helloworld.d_raw"  "../helloworld.c"
Finished building: "../helloworld.c"
 
Building target: "lab_1.out"
Invoking: Arm Linker
"C:/ti/ccs1271/ccs/tools/compiler/ti-cgt-arm_20.2.7.LTS/bin/armcl" -mv7M4 --code_state=16 --float_support=FPv4SPD16 -me --define=ccs="ccs" --define=PART_TM4C123GH6PM -g --gcc --diag_warning=225 --diag_wrap=off --display_error_number --abi=eabi -z -m"lab_1.map" --heap_size=1024 --stack_size=2048 -i"C:/ti/ccs1271/ccs/tools/compiler/ti-cgt-arm_20.2.7.LTS/lib" -i"C:/ti/ccs1271/ccs/tools/compiler/ti-cgt-arm_20.2.7.LTS/include" --reread_libs --diag_wrap=off --display_error_number --warn_sections --xml_link_info="lab_1_linkInfo.xml" --rom_model -o "lab_1.out" "./Timer.obj" "./helloworld.obj" "./lcd.obj" "./tm4c123gh6pm_startup_ccs.obj" "../tm4c123gh6pm.cmd"  -llibc.a -l"C:/ti/TivaWare_C_Series-2.2.0.295/driverlib/ccs/Debug/driverlib.lib" 
<Linking>
Finished building target: "lab_1.out"
 

**** Build Finished ****

**** Build of configuration Debug for project lab_1 ****

"C:\\ti\\ccs1271\\ccs\\utils\\bin\\gmake" -k -j 20 all -O 
 
gmake[1]: 'lab_1.out' is up to date.

**** Build Finished ****

**** Build of configuration Debug for project lab_1 ****

"C:\\ti\\ccs1271\\ccs\\utils\\bin\\gmake" -k -j 20 all -O 
 
Building file: "../helloworld.c"
Invoking: Arm Compiler
"C:/ti/ccs1271/ccs/tools/compiler/ti-cgt-arm_20.2.7.LTS/bin/armcl" -mv7M4 --code_state=16 --float_support=FPv4SPD16 -me --include_path="U:/cpre_2880/lab_1" --include_path="C:/ti/TivaWare_C_Series-2.2.0.295" --include_path="C:/ti/ccs1271/ccs/tools/compiler/ti-cgt-arm_20.2.7.LTS/include" --define=ccs="ccs" --define=PART_TM4C123GH6PM -g --gcc --diag_warning=225 --diag_wrap=off --display_error_number --abi=eabi --preproc_with_compile --preproc_dependency="helloworld.d_raw"  "../helloworld.c"
Finished building: "../helloworld.c"
 
Building target: "lab_1.out"
Invoking: Arm Linker
"C:/ti/ccs1271/ccs/tools/compiler/ti-cgt-arm_20.2.7.LTS/bin/armcl" -mv7M4 --code_state=16 --float_support=FPv4SPD16 -me --define=ccs="ccs" --define=PART_TM4C123GH6PM -g --gcc --diag_warning=225 --diag_wrap=off --display_error_number --abi=eabi -z -m"lab_1.map" --heap_size=1024 --stack_size=2048 -i"C:/ti/ccs1271/ccs/tools/compiler/ti-cgt-arm_20.2.7.LTS/lib" -i"C:/ti/ccs1271/ccs/tools/compiler/ti-cgt-arm_20.2.7.LTS/include" --reread_libs --diag_wrap=off --display_error_number --warn_sections --xml_link_info="lab_1_linkInfo.xml" --rom_model -o "lab_1.out" "./Timer.obj" "./helloworld.obj" "./lcd.obj" "./tm4c123gh6pm_startup_ccs.obj" "../tm4c123gh6pm.cmd"  -llibc.a -l"C:/ti/TivaWare_C_Series-2.2.0.295/driverlib/ccs/Debug/driverlib.lib" 
<Linking>
Finished building target: "lab_1.out"
 

**** Build Finished ****

**** Build of configuration Debug for project lab_1 ****

"C:\\ti\\ccs1271\\ccs\\utils\\bin\\gmake" -k -j 20 all -O 
 
gmake[1]: 'lab_1.out' is up to date.

**** Build Finished ****

**** Build of configuration Debug for project lab_1 ****

"C:\\ti\\ccs1271\\ccs\\utils\\bin\\gmake" -k -j 20 all -O 
 
Building file: "../helloworld.c"
Invoking: Arm Compiler
"C:/ti/ccs1271/ccs/tools/compiler/ti-cgt-arm_20.2.7.LTS/bin/armcl" -mv7M4 --code_state=16 --float_support=FPv4SPD16 -me --include_path="U:/cpre_2880/lab_1" --include_path="C:/ti/TivaWare_C_Series-2.2.0.295" --include_path="C:/ti/ccs1271/ccs/tools/compiler/ti-cgt-arm_20.2.7.LTS/include" --define=ccs="ccs" --define=PART_TM4C123GH6PM -g --gcc --diag_warning=225 --diag_wrap=off --display_error_number --abi=eabi --preproc_with_compile --preproc_dependency="helloworld.d_raw"  "../helloworld.c"
Finished building: "../helloworld.c"
 
Building file: "../Timer.c"
Invoking: Arm Compiler
"C:/ti/ccs1271/ccs/tools/compiler/ti-cgt-arm_20.2.7.LTS/bin/armcl" -mv7M4 --code_state=16 --float_support=FPv4SPD16 -me --include_path="U:/cpre_2880/lab_1" --include_path="C:/ti/TivaWare_C_Series-2.2.0.295" --include_path="C:/ti/ccs1271/ccs/tools/compiler/ti-cgt-arm_20.2.7.LTS/include" --define=ccs="ccs" --define=PART_TM4C123GH6PM -g --gcc --diag_warning=225 --diag_wrap=off --display_error_number --abi=eabi --preproc_with_compile --preproc_dependency="Timer.d_raw"  "../Timer.c"
Finished building: "../Timer.c"
 
Building file: "../tm4c123gh6pm_startup_ccs.c"
Invoking: Arm Compiler
"C:/ti/ccs1271/ccs/tools/compiler/ti-cgt-arm_20.2.7.LTS/bin/armcl" -mv7M4 --code_state=16 --float_support=FPv4SPD16 -me --include_path="U:/cpre_2880/lab_1" --include_path="C:/ti/TivaWare_C_Series-2.2.0.295" --include_path="C:/ti/ccs1271/ccs/tools/compiler/ti-cgt-arm_20.2.7.LTS/include" --define=ccs="ccs" --define=PART_TM4C123GH6PM -g --gcc --diag_warning=225 --diag_wrap=off --display_error_number --abi=eabi --preproc_with_compile --preproc_dependency="tm4c123gh6pm_startup_ccs.d_raw"  "../tm4c123gh6pm_startup_ccs.c"
Finished building: "../tm4c123gh6pm_startup_ccs.c"
 
Building file: "../lcd.c"
Invoking: Arm Compiler
"C:/ti/ccs1271/ccs/tools/compiler/ti-cgt-arm_20.2.7.LTS/bin/armcl" -mv7M4 --code_state=16 --float_support=FPv4SPD16 -me --include_path="U:/cpre_2880/lab_1" --include_path="C:/ti/TivaWare_C_Series-2.2.0.295" --include_path="C:/ti/ccs1271/ccs/tools/compiler/ti-cgt-arm_20.2.7.LTS/include" --define=ccs="ccs" --define=PART_TM4C123GH6PM -g --gcc --diag_warning=225 --diag_wrap=off --display_error_number --abi=eabi --preproc_with_compile --preproc_dependency="lcd.d_raw"  "../lcd.c"
Finished building: "../lcd.c"
 
Building target: "lab_1.out"
Invoking: Arm Linker
"C:/ti/ccs1271/ccs/tools/compiler/ti-cgt-arm_20.2.7.LTS/bin/armcl" -mv7M4 --code_state=16 --float_support=FPv4SPD16 -me --define=ccs="ccs" --define=PART_TM4C123GH6PM -g --gcc --diag_warning=225 --diag_wrap=off --display_error_number --abi=eabi -z -m"lab_1.map" --heap_size=1024 --stack_size=2048 -i"C:/ti/ccs1271/ccs/tools/compiler/ti-cgt-arm_20.2.7.LTS/lib" -i"C:/ti/ccs1271/ccs/tools/compiler/ti-cgt-arm_20.2.7.LTS/include" --reread_libs --diag_wrap=off --display_error_number --warn_sections --xml_link_info="lab_1_linkInfo.xml" --rom_model -o "lab_1.out" "./Timer.obj" "./helloworld.obj" "./lcd.obj" "./tm4c123gh6pm_startup_ccs.obj" "../tm4c123gh6pm.cmd"  -llibc.a -l"C:/ti/TivaWare_C_Series-2.2.0.295/driverlib/ccs/Debug/driverlib.lib" 
<Linking>
Finished building target: "lab_1.out"
 

**** Build Finished ****

**** Build of configuration Debug for project lab_1 ****

"C:\\ti\\ccs1271\\ccs\\utils\\bin\\gmake" -k -j 20 all -O 
 
gmake[1]: 'lab_1.out' is up to date.

**** Build Finished ****

**** Clean-only build of configuration Debug for project lab_2_3 ****

"C:\\ti\\ccs1271\\ccs\\utils\\bin\\gmake" -k -j 20 clean -O 
 
DEL /F  "lab_2_3.out" 
DEL /F "Timer.obj" "helloworld.obj" "lcd.obj" "tm4c123gh6pm_startup_ccs.obj" 
DEL /F "Timer.d" "helloworld.d" "lcd.d" "tm4c123gh6pm_startup_ccs.d" 
Could Not Find U:\cpre_2880\lab_2_3\Debug\lab_2_3.out
Finished clean
 

**** Build Finished ****

**** Build of configuration Debug for project lab_2_3 ****

"C:\\ti\\ccs1271\\ccs\\utils\\bin\\gmake" -k -j 20 all -O 
 
Building file: "../main.c"
Invoking: Arm Compiler
"C:/ti/ccs1271/ccs/tools/compiler/ti-cgt-arm_20.2.7.LTS/bin/armcl" -mv7M4 --code_state=16 --float_support=FPv4SPD16 -me --include_path="U:/cpre_2880/lab_2_3" --include_path="C:/ti/TivaWare_C_Series-2.2.0.295" --include_path="C:/ti/ccs1271/ccs/tools/compiler/ti-cgt-arm_20.2.7.LTS/include" --define=ccs="ccs" --define=PART_TM4C123GH6PM -g --gcc --diag_warning=225 --diag_wrap=off --display_error_number --abi=eabi --preproc_with_compile --preproc_dependency="main.d_raw"  "../main.c"
 
>> Compilation failure
subdir_rules.mk:9: recipe for target 'main.obj' failed
"../main.c", line 9: warning #225-D: function "turn_clockwise" declared implicitly
"../main.c", line 12: error #20: identifier "sensor" is undefined
1 error detected in the compilation of "../main.c".
gmake: *** [main.obj] Error 1
Building file: "../movement.c"
Invoking: Arm Compiler
"C:/ti/ccs1271/ccs/tools/compiler/ti-cgt-arm_20.2.7.LTS/bin/armcl" -mv7M4 --code_state=16 --float_support=FPv4SPD16 -me --include_path="U:/cpre_2880/lab_2_3" --include_path="C:/ti/TivaWare_C_Series-2.2.0.295" --include_path="C:/ti/ccs1271/ccs/tools/compiler/ti-cgt-arm_20.2.7.LTS/include" --define=ccs="ccs" --define=PART_TM4C123GH6PM -g --gcc --diag_warning=225 --diag_wrap=off --display_error_number --abi=eabi --preproc_with_compile --preproc_dependency="movement.d_raw"  "../movement.c"
 
>> Compilation failure
subdir_rules.mk:9: recipe for target 'movement.obj' failed
"../movement.c", line 6: error #20: identifier "in" is undefined
1 error detected in the compilation of "../movement.c".
gmake: *** [movement.obj] Error 1
Building file: "../Timer.c"
Invoking: Arm Compiler
"C:/ti/ccs1271/ccs/tools/compiler/ti-cgt-arm_20.2.7.LTS/bin/armcl" -mv7M4 --code_state=16 --float_support=FPv4SPD16 -me --include_path="U:/cpre_2880/lab_2_3" --include_path="C:/ti/TivaWare_C_Series-2.2.0.295" --include_path="C:/ti/ccs1271/ccs/tools/compiler/ti-cgt-arm_20.2.7.LTS/include" --define=ccs="ccs" --define=PART_TM4C123GH6PM -g --gcc --diag_warning=225 --diag_wrap=off --display_error_number --abi=eabi --preproc_with_compile --preproc_dependency="Timer.d_raw"  "../Timer.c"
Finished building: "../Timer.c"
 
Building file: "../lcd.c"
Invoking: Arm Compiler
"C:/ti/ccs1271/ccs/tools/compiler/ti-cgt-arm_20.2.7.LTS/bin/armcl" -mv7M4 --code_state=16 --float_support=FPv4SPD16 -me --include_path="U:/cpre_2880/lab_2_3" --include_path="C:/ti/TivaWare_C_Series-2.2.0.295" --include_path="C:/ti/ccs1271/ccs/tools/compiler/ti-cgt-arm_20.2.7.LTS/include" --define=ccs="ccs" --define=PART_TM4C123GH6PM -g --gcc --diag_warning=225 --diag_wrap=off --display_error_number --abi=eabi --preproc_with_compile --preproc_dependency="lcd.d_raw"  "../lcd.c"
Finished building: "../lcd.c"
 
Building file: "../tm4c123gh6pm_startup_ccs.c"
Invoking: Arm Compiler
"C:/ti/ccs1271/ccs/tools/compiler/ti-cgt-arm_20.2.7.LTS/bin/armcl" -mv7M4 --code_state=16 --float_support=FPv4SPD16 -me --include_path="U:/cpre_2880/lab_2_3" --include_path="C:/ti/TivaWare_C_Series-2.2.0.295" --include_path="C:/ti/ccs1271/ccs/tools/compiler/ti-cgt-arm_20.2.7.LTS/include" --define=ccs="ccs" --define=PART_TM4C123GH6PM -g --gcc --diag_warning=225 --diag_wrap=off --display_error_number --abi=eabi --preproc_with_compile --preproc_dependency="tm4c123gh6pm_startup_ccs.d_raw"  "../tm4c123gh6pm_startup_ccs.c"
Finished building: "../tm4c123gh6pm_startup_ccs.c"
 
Building file: "../open_interface.c"
Invoking: Arm Compiler
"C:/ti/ccs1271/ccs/tools/compiler/ti-cgt-arm_20.2.7.LTS/bin/armcl" -mv7M4 --code_state=16 --float_support=FPv4SPD16 -me --include_path="U:/cpre_2880/lab_2_3" --include_path="C:/ti/TivaWare_C_Series-2.2.0.295" --include_path="C:/ti/ccs1271/ccs/tools/compiler/ti-cgt-arm_20.2.7.LTS/include" --define=ccs="ccs" --define=PART_TM4C123GH6PM -g --gcc --diag_warning=225 --diag_wrap=off --display_error_number --abi=eabi --preproc_with_compile --preproc_dependency="open_interface.d_raw"  "../open_interface.c"
"../open_interface.c", line 356: warning #179-D: variable "charging_state" was declared but never referenced
Finished building: "../open_interface.c"
 
gmake: Target 'all' not remade because of errors.

**** Build Finished ****

**** Build of configuration Debug for project lab_1 ****

"C:\\ti\\ccs1271\\ccs\\utils\\bin\\gmake" -k -j 20 all -O 
 
gmake[1]: 'lab_1.out' is up to date.

**** Build Finished ****

**** Build of configuration Debug for project lab_2_3 ****

"C:\\ti\\ccs1271\\ccs\\utils\\bin\\gmake" -k -j 20 all -O 
 
Building file: "../movement.c"
Invoking: Arm Compiler
"C:/ti/ccs1271/ccs/tools/compiler/ti-cgt-arm_20.2.7.LTS/bin/armcl" -mv7M4 --code_state=16 --float_support=FPv4SPD16 -me --include_path="U:/cpre_2880/lab_2_3" --include_path="C:/ti/TivaWare_C_Series-2.2.0.295" --include_path="C:/ti/ccs1271/ccs/tools/compiler/ti-cgt-arm_20.2.7.LTS/include" --define=ccs="ccs" --define=PART_TM4C123GH6PM -g --gcc --diag_warning=225 --diag_wrap=off --display_error_number --abi=eabi --preproc_with_compile --preproc_dependency="movement.d_raw"  "../movement.c"
 
>> Compilation failure
subdir_rules.mk:9: recipe for target 'movement.obj' failed
"../movement.c", line 6: error #20: identifier "in" is undefined
1 error detected in the compilation of "../movement.c".
gmake: *** [movement.obj] Error 1
Building file: "../main.c"
Invoking: Arm Compiler
"C:/ti/ccs1271/ccs/tools/compiler/ti-cgt-arm_20.2.7.LTS/bin/armcl" -mv7M4 --code_state=16 --float_support=FPv4SPD16 -me --include_path="U:/cpre_2880/lab_2_3" --include_path="C:/ti/TivaWare_C_Series-2.2.0.295" --include_path="C:/ti/ccs1271/ccs/tools/compiler/ti-cgt-arm_20.2.7.LTS/include" --define=ccs="ccs" --define=PART_TM4C123GH6PM -g --gcc --diag_warning=225 --diag_wrap=off --display_error_number --abi=eabi --preproc_with_compile --preproc_dependency="main.d_raw"  "../main.c"
 
>> Compilation failure
subdir_rules.mk:9: recipe for target 'main.obj' failed
"../main.c", line 12: error #20: identifier "sensor" is undefined
1 error detected in the compilation of "../main.c".
gmake: *** [main.obj] Error 1
gmake: Target 'all' not remade because of errors.

**** Build Finished ****

**** Build of configuration Debug for project lab_1 ****

"C:\\ti\\ccs1271\\ccs\\utils\\bin\\gmake" -k -j 20 all -O 
 
gmake[1]: 'lab_1.out' is up to date.

**** Build Finished ****

**** Build of configuration Debug for project lab_2_3 ****

"C:\\ti\\ccs1271\\ccs\\utils\\bin\\gmake" -k -j 20 all -O 
 
Building file: "../movement.c"
Invoking: Arm Compiler
"C:/ti/ccs1271/ccs/tools/compiler/ti-cgt-arm_20.2.7.LTS/bin/armcl" -mv7M4 --code_state=16 --float_support=FPv4SPD16 -me --include_path="U:/cpre_2880/lab_2_3" --include_path="C:/ti/TivaWare_C_Series-2.2.0.295" --include_path="C:/ti/ccs1271/ccs/tools/compiler/ti-cgt-arm_20.2.7.LTS/include" --define=ccs="ccs" --define=PART_TM4C123GH6PM -g --gcc --diag_warning=225 --diag_wrap=off --display_error_number --abi=eabi --preproc_with_compile --preproc_dependency="movement.d_raw"  "../movement.c"
 
>> Compilation failure
subdir_rules.mk:9: recipe for target 'movement.obj' failed
"../movement.c", line 6: error #20: identifier "in" is undefined
1 error detected in the compilation of "../movement.c".
gmake: *** [movement.obj] Error 1
Building file: "../main.c"
Invoking: Arm Compiler
"C:/ti/ccs1271/ccs/tools/compiler/ti-cgt-arm_20.2.7.LTS/bin/armcl" -mv7M4 --code_state=16 --float_support=FPv4SPD16 -me --include_path="U:/cpre_2880/lab_2_3" --include_path="C:/ti/TivaWare_C_Series-2.2.0.295" --include_path="C:/ti/ccs1271/ccs/tools/compiler/ti-cgt-arm_20.2.7.LTS/include" --define=ccs="ccs" --define=PART_TM4C123GH6PM -g --gcc --diag_warning=225 --diag_wrap=off --display_error_number --abi=eabi --preproc_with_compile --preproc_dependency="main.d_raw"  "../main.c"
Finished building: "../main.c"
 
gmake: Target 'all' not remade because of errors.

**** Build Finished ****

**** Build of configuration Debug for project lab_1 ****

"C:\\ti\\ccs1271\\ccs\\utils\\bin\\gmake" -k -j 20 all -O 
 
gmake[1]: 'lab_1.out' is up to date.

**** Build Finished ****

**** Build of configuration Debug for project lab_2_3 ****

"C:\\ti\\ccs1271\\ccs\\utils\\bin\\gmake" -k -j 20 all -O 
 
Building file: "../movement.c"
Invoking: Arm Compiler
"C:/ti/ccs1271/ccs/tools/compiler/ti-cgt-arm_20.2.7.LTS/bin/armcl" -mv7M4 --code_state=16 --float_support=FPv4SPD16 -me --include_path="U:/cpre_2880/lab_2_3" --include_path="C:/ti/TivaWare_C_Series-2.2.0.295" --include_path="C:/ti/ccs1271/ccs/tools/compiler/ti-cgt-arm_20.2.7.LTS/include" --define=ccs="ccs" --define=PART_TM4C123GH6PM -g --gcc --diag_warning=225 --diag_wrap=off --display_error_number --abi=eabi --preproc_with_compile --preproc_dependency="movement.d_raw"  "../movement.c"
Finished building: "../movement.c"
 
Building target: "lab_2_3.out"
Invoking: Arm Linker
"C:/ti/ccs1271/ccs/tools/compiler/ti-cgt-arm_20.2.7.LTS/bin/armcl" -mv7M4 --code_state=16 --float_support=FPv4SPD16 -me --define=ccs="ccs" --define=PART_TM4C123GH6PM -g --gcc --diag_warning=225 --diag_wrap=off --display_error_number --abi=eabi -z -m"lab_2_3.map" --heap_size=1024 --stack_size=2048 -i"C:/ti/ccs1271/ccs/tools/compiler/ti-cgt-arm_20.2.7.LTS/lib" -i"C:/ti/ccs1271/ccs/tools/compiler/ti-cgt-arm_20.2.7.LTS/include" --reread_libs --diag_wrap=off --display_error_number --warn_sections --xml_link_info="lab_2_3_linkInfo.xml" --rom_model -o "lab_2_3.out" "./Timer.obj" "./lcd.obj" "./main.obj" "./movement.obj" "./open_interface.obj" "./tm4c123gh6pm_startup_ccs.obj" "../libcybotUART.lib" "../tm4c123gh6pm.cmd"  -llibc.a -l"C:/ti/TivaWare_C_Series-2.2.0.295/driverlib/ccs/Debug/driverlib.lib" 
<Linking>
Finished building target: "lab_2_3.out"
 

**** Build Finished ****

**** Build of configuration Debug for project lab_2_3 ****

"C:\\ti\\ccs1271\\ccs\\utils\\bin\\gmake" -k -j 20 all -O 
 
gmake[1]: 'lab_2_3.out' is up to date.

**** Build Finished ****

**** Build of configuration Debug for project lab_1 ****

"C:\\ti\\ccs1271\\ccs\\utils\\bin\\gmake" -k -j 20 all -O 
 
gmake[1]: 'lab_1.out' is up to date.

**** Build Finished ****

**** Build of configuration Debug for project lab_2_3 ****

"C:\\ti\\ccs1271\\ccs\\utils\\bin\\gmake" -k -j 20 all -O 
 
Building file: "../main.c"
Invoking: Arm Compiler
"C:/ti/ccs1271/ccs/tools/compiler/ti-cgt-arm_20.2.7.LTS/bin/armcl" -mv7M4 --code_state=16 --float_support=FPv4SPD16 -me --include_path="U:/cpre_2880/lab_2_3" --include_path="C:/ti/TivaWare_C_Series-2.2.0.295" --include_path="C:/ti/ccs1271/ccs/tools/compiler/ti-cgt-arm_20.2.7.LTS/include" --define=ccs="ccs" --define=PART_TM4C123GH6PM -g --gcc --diag_warning=225 --diag_wrap=off --display_error_number --abi=eabi --preproc_with_compile --preproc_dependency="main.d_raw"  "../main.c"
 
>> Compilation failure
subdir_rules.mk:9: recipe for target 'main.obj' failed
"../main.c", line 10: error #29: expected an expression
"../main.c", line 10: error #20: identifier "i" is undefined
2 errors detected in the compilation of "../main.c".
gmake: *** [main.obj] Error 1
Building file: "../movement.c"
Invoking: Arm Compiler
"C:/ti/ccs1271/ccs/tools/compiler/ti-cgt-arm_20.2.7.LTS/bin/armcl" -mv7M4 --code_state=16 --float_support=FPv4SPD16 -me --include_path="U:/cpre_2880/lab_2_3" --include_path="C:/ti/TivaWare_C_Series-2.2.0.295" --include_path="C:/ti/ccs1271/ccs/tools/compiler/ti-cgt-arm_20.2.7.LTS/include" --define=ccs="ccs" --define=PART_TM4C123GH6PM -g --gcc --diag_warning=225 --diag_wrap=off --display_error_number --abi=eabi --preproc_with_compile --preproc_dependency="movement.d_raw"  "../movement.c"
"../movement.c", line 23: warning #179-D: variable "right_wheel" was declared but never referenced
"../movement.c", line 24: warning #179-D: variable "left_wheel" was declared but never referenced
Finished building: "../movement.c"
 
gmake: Target 'all' not remade because of errors.

**** Build Finished ****

**** Build of configuration Debug for project lab_1 ****

"C:\\ti\\ccs1271\\ccs\\utils\\bin\\gmake" -k -j 20 all -O 
 
gmake[1]: 'lab_1.out' is up to date.

**** Build Finished ****

**** Build of configuration Debug for project lab_2_3 ****

"C:\\ti\\ccs1271\\ccs\\utils\\bin\\gmake" -k -j 20 all -O 
 
Building file: "../main.c"
Invoking: Arm Compiler
"C:/ti/ccs1271/ccs/tools/compiler/ti-cgt-arm_20.2.7.LTS/bin/armcl" -mv7M4 --code_state=16 --float_support=FPv4SPD16 -me --include_path="U:/cpre_2880/lab_2_3" --include_path="C:/ti/TivaWare_C_Series-2.2.0.295" --include_path="C:/ti/ccs1271/ccs/tools/compiler/ti-cgt-arm_20.2.7.LTS/include" --define=ccs="ccs" --define=PART_TM4C123GH6PM -g --gcc --diag_warning=225 --diag_wrap=off --display_error_number --abi=eabi --preproc_with_compile --preproc_dependency="main.d_raw"  "../main.c"
Finished building: "../main.c"
 
Building target: "lab_2_3.out"
Invoking: Arm Linker
"C:/ti/ccs1271/ccs/tools/compiler/ti-cgt-arm_20.2.7.LTS/bin/armcl" -mv7M4 --code_state=16 --float_support=FPv4SPD16 -me --define=ccs="ccs" --define=PART_TM4C123GH6PM -g --gcc --diag_warning=225 --diag_wrap=off --display_error_number --abi=eabi -z -m"lab_2_3.map" --heap_size=1024 --stack_size=2048 -i"C:/ti/ccs1271/ccs/tools/compiler/ti-cgt-arm_20.2.7.LTS/lib" -i"C:/ti/ccs1271/ccs/tools/compiler/ti-cgt-arm_20.2.7.LTS/include" --reread_libs --diag_wrap=off --display_error_number --warn_sections --xml_link_info="lab_2_3_linkInfo.xml" --rom_model -o "lab_2_3.out" "./Timer.obj" "./lcd.obj" "./main.obj" "./movement.obj" "./open_interface.obj" "./tm4c123gh6pm_startup_ccs.obj" "../libcybotUART.lib" "../tm4c123gh6pm.cmd"  -llibc.a -l"C:/ti/TivaWare_C_Series-2.2.0.295/driverlib/ccs/Debug/driverlib.lib" 
<Linking>
Finished building target: "lab_2_3.out"
 

**** Build Finished ****

**** Build of configuration Debug for project lab_2_3 ****

"C:\\ti\\ccs1271\\ccs\\utils\\bin\\gmake" -k -j 20 all -O 
 
gmake[1]: 'lab_2_3.out' is up to date.

**** Build Finished ****

**** Build of configuration Debug for project lab_1 ****

"C:\\ti\\ccs1271\\ccs\\utils\\bin\\gmake" -k -j 20 all -O 
 
gmake[1]: 'lab_1.out' is up to date.

**** Build Finished ****

**** Build of configuration Debug for project lab_2_3 ****

"C:\\ti\\ccs1271\\ccs\\utils\\bin\\gmake" -k -j 20 all -O 
 
Building file: "../movement.c"
Invoking: Arm Compiler
"C:/ti/ccs1271/ccs/tools/compiler/ti-cgt-arm_20.2.7.LTS/bin/armcl" -mv7M4 --code_state=16 --float_support=FPv4SPD16 -me --include_path="U:/cpre_2880/lab_2_3" --include_path="C:/ti/TivaWare_C_Series-2.2.0.295" --include_path="C:/ti/ccs1271/ccs/tools/compiler/ti-cgt-arm_20.2.7.LTS/include" --define=ccs="ccs" --define=PART_TM4C123GH6PM -g --gcc --diag_warning=225 --diag_wrap=off --display_error_number --abi=eabi --preproc_with_compile --preproc_dependency="movement.d_raw"  "../movement.c"
"../movement.c", line 23: warning #179-D: variable "right_wheel" was declared but never referenced
"../movement.c", line 24: warning #179-D: variable "left_wheel" was declared but never referenced
Finished building: "../movement.c"
 
Building target: "lab_2_3.out"
Invoking: Arm Linker
"C:/ti/ccs1271/ccs/tools/compiler/ti-cgt-arm_20.2.7.LTS/bin/armcl" -mv7M4 --code_state=16 --float_support=FPv4SPD16 -me --define=ccs="ccs" --define=PART_TM4C123GH6PM -g --gcc --diag_warning=225 --diag_wrap=off --display_error_number --abi=eabi -z -m"lab_2_3.map" --heap_size=1024 --stack_size=2048 -i"C:/ti/ccs1271/ccs/tools/compiler/ti-cgt-arm_20.2.7.LTS/lib" -i"C:/ti/ccs1271/ccs/tools/compiler/ti-cgt-arm_20.2.7.LTS/include" --reread_libs --diag_wrap=off --display_error_number --warn_sections --xml_link_info="lab_2_3_linkInfo.xml" --rom_model -o "lab_2_3.out" "./Timer.obj" "./lcd.obj" "./main.obj" "./movement.obj" "./open_interface.obj" "./tm4c123gh6pm_startup_ccs.obj" "../libcybotUART.lib" "../tm4c123gh6pm.cmd"  -llibc.a -l"C:/ti/TivaWare_C_Series-2.2.0.295/driverlib/ccs/Debug/driverlib.lib" 
<Linking>
Finished building target: "lab_2_3.out"
 

**** Build Finished ****

**** Build of configuration Debug for project lab_2_3 ****

"C:\\ti\\ccs1271\\ccs\\utils\\bin\\gmake" -k -j 20 all -O 
 
gmake[1]: 'lab_2_3.out' is up to date.

**** Build Finished ****

**** Build of configuration Debug for project lab_1 ****

"C:\\ti\\ccs1271\\ccs\\utils\\bin\\gmake" -k -j 20 all -O 
 
gmake[1]: 'lab_1.out' is up to date.

**** Build Finished ****

**** Build of configuration Debug for project lab_2_3 ****

"C:\\ti\\ccs1271\\ccs\\utils\\bin\\gmake" -k -j 20 all -O 
 
Building file: "../movement.c"
Invoking: Arm Compiler
"C:/ti/ccs1271/ccs/tools/compiler/ti-cgt-arm_20.2.7.LTS/bin/armcl" -mv7M4 --code_state=16 --float_support=FPv4SPD16 -me --include_path="U:/cpre_2880/lab_2_3" --include_path="C:/ti/TivaWare_C_Series-2.2.0.295" --include_path="C:/ti/ccs1271/ccs/tools/compiler/ti-cgt-arm_20.2.7.LTS/include" --define=ccs="ccs" --define=PART_TM4C123GH6PM -g --gcc --diag_warning=225 --diag_wrap=off --display_error_number --abi=eabi --preproc_with_compile --preproc_dependency="movement.d_raw"  "../movement.c"
Finished building: "../movement.c"
 
Building target: "lab_2_3.out"
Invoking: Arm Linker
"C:/ti/ccs1271/ccs/tools/compiler/ti-cgt-arm_20.2.7.LTS/bin/armcl" -mv7M4 --code_state=16 --float_support=FPv4SPD16 -me --define=ccs="ccs" --define=PART_TM4C123GH6PM -g --gcc --diag_warning=225 --diag_wrap=off --display_error_number --abi=eabi -z -m"lab_2_3.map" --heap_size=1024 --stack_size=2048 -i"C:/ti/ccs1271/ccs/tools/compiler/ti-cgt-arm_20.2.7.LTS/lib" -i"C:/ti/ccs1271/ccs/tools/compiler/ti-cgt-arm_20.2.7.LTS/include" --reread_libs --diag_wrap=off --display_error_number --warn_sections --xml_link_info="lab_2_3_linkInfo.xml" --rom_model -o "lab_2_3.out" "./Timer.obj" "./lcd.obj" "./main.obj" "./movement.obj" "./open_interface.obj" "./tm4c123gh6pm_startup_ccs.obj" "../libcybotUART.lib" "../tm4c123gh6pm.cmd"  -llibc.a -l"C:/ti/TivaWare_C_Series-2.2.0.295/driverlib/ccs/Debug/driverlib.lib" 
<Linking>
Finished building target: "lab_2_3.out"
 

**** Build Finished ****

**** Build of configuration Debug for project lab_2_3 ****

"C:\\ti\\ccs1271\\ccs\\utils\\bin\\gmake" -k -j 20 all -O 
 
gmake[1]: 'lab_2_3.out' is up to date.

**** Build Finished ****

**** Build of configuration Debug for project lab_1 ****

"C:\\ti\\ccs1271\\ccs\\utils\\bin\\gmake" -k -j 20 all -O 
 
gmake[1]: 'lab_1.out' is up to date.

**** Build Finished ****

**** Build of configuration Debug for project lab_2_3 ****

"C:\\ti\\ccs1271\\ccs\\utils\\bin\\gmake" -k -j 20 all -O 
 
Building file: "../movement.c"
Invoking: Arm Compiler
"C:/ti/ccs1271/ccs/tools/compiler/ti-cgt-arm_20.2.7.LTS/bin/armcl" -mv7M4 --code_state=16 --float_support=FPv4SPD16 -me --include_path="U:/cpre_2880/lab_2_3" --include_path="C:/ti/TivaWare_C_Series-2.2.0.295" --include_path="C:/ti/ccs1271/ccs/tools/compiler/ti-cgt-arm_20.2.7.LTS/include" --define=ccs="ccs" --define=PART_TM4C123GH6PM -g --gcc --diag_warning=225 --diag_wrap=off --display_error_number --abi=eabi --preproc_with_compile --preproc_dependency="movement.d_raw"  "../movement.c"
Finished building: "../movement.c"
 
Building target: "lab_2_3.out"
Invoking: Arm Linker
"C:/ti/ccs1271/ccs/tools/compiler/ti-cgt-arm_20.2.7.LTS/bin/armcl" -mv7M4 --code_state=16 --float_support=FPv4SPD16 -me --define=ccs="ccs" --define=PART_TM4C123GH6PM -g --gcc --diag_warning=225 --diag_wrap=off --display_error_number --abi=eabi -z -m"lab_2_3.map" --heap_size=1024 --stack_size=2048 -i"C:/ti/ccs1271/ccs/tools/compiler/ti-cgt-arm_20.2.7.LTS/lib" -i"C:/ti/ccs1271/ccs/tools/compiler/ti-cgt-arm_20.2.7.LTS/include" --reread_libs --diag_wrap=off --display_error_number --warn_sections --xml_link_info="lab_2_3_linkInfo.xml" --rom_model -o "lab_2_3.out" "./Timer.obj" "./lcd.obj" "./main.obj" "./movement.obj" "./open_interface.obj" "./tm4c123gh6pm_startup_ccs.obj" "../libcybotUART.lib" "../tm4c123gh6pm.cmd"  -llibc.a -l"C:/ti/TivaWare_C_Series-2.2.0.295/driverlib/ccs/Debug/driverlib.lib" 
<Linking>
Finished building target: "lab_2_3.out"
 

**** Build Finished ****

**** Build of configuration Debug for project lab_2_3 ****

"C:\\ti\\ccs1271\\ccs\\utils\\bin\\gmake" -k -j 20 all -O 
 
gmake[1]: 'lab_2_3.out' is up to date.

**** Build Finished ****

**** Build of configuration Debug for project lab_1 ****

"C:\\ti\\ccs1271\\ccs\\utils\\bin\\gmake" -k -j 20 all -O 
 
gmake[1]: 'lab_1.out' is up to date.

**** Build Finished ****

**** Build of configuration Debug for project lab_2_3 ****

"C:\\ti\\ccs1271\\ccs\\utils\\bin\\gmake" -k -j 20 all -O 
 
Building file: "../movement.c"
Invoking: Arm Compiler
"C:/ti/ccs1271/ccs/tools/compiler/ti-cgt-arm_20.2.7.LTS/bin/armcl" -mv7M4 --code_state=16 --float_support=FPv4SPD16 -me --include_path="U:/cpre_2880/lab_2_3" --include_path="C:/ti/TivaWare_C_Series-2.2.0.295" --include_path="C:/ti/ccs1271/ccs/tools/compiler/ti-cgt-arm_20.2.7.LTS/include" --define=ccs="ccs" --define=PART_TM4C123GH6PM -g --gcc --diag_warning=225 --diag_wrap=off --display_error_number --abi=eabi --preproc_with_compile --preproc_dependency="movement.d_raw"  "../movement.c"
Finished building: "../movement.c"
 
Building target: "lab_2_3.out"
Invoking: Arm Linker
"C:/ti/ccs1271/ccs/tools/compiler/ti-cgt-arm_20.2.7.LTS/bin/armcl" -mv7M4 --code_state=16 --float_support=FPv4SPD16 -me --define=ccs="ccs" --define=PART_TM4C123GH6PM -g --gcc --diag_warning=225 --diag_wrap=off --display_error_number --abi=eabi -z -m"lab_2_3.map" --heap_size=1024 --stack_size=2048 -i"C:/ti/ccs1271/ccs/tools/compiler/ti-cgt-arm_20.2.7.LTS/lib" -i"C:/ti/ccs1271/ccs/tools/compiler/ti-cgt-arm_20.2.7.LTS/include" --reread_libs --diag_wrap=off --display_error_number --warn_sections --xml_link_info="lab_2_3_linkInfo.xml" --rom_model -o "lab_2_3.out" "./Timer.obj" "./lcd.obj" "./main.obj" "./movement.obj" "./open_interface.obj" "./tm4c123gh6pm_startup_ccs.obj" "../libcybotUART.lib" "../tm4c123gh6pm.cmd"  -llibc.a -l"C:/ti/TivaWare_C_Series-2.2.0.295/driverlib/ccs/Debug/driverlib.lib" 
<Linking>
Finished building target: "lab_2_3.out"
 

**** Build Finished ****

**** Build of configuration Debug for project lab_2_3 ****

"C:\\ti\\ccs1271\\ccs\\utils\\bin\\gmake" -k -j 20 all -O 
 
gmake[1]: 'lab_2_3.out' is up to date.

**** Build Finished ****

**** Build of configuration Debug for project lab_1 ****

"C:\\ti\\ccs1271\\ccs\\utils\\bin\\gmake" -k -j 20 all -O 
 
gmake[1]: 'lab_1.out' is up to date.

**** Build Finished ****

**** Build of configuration Debug for project lab_2_3 ****

"C:\\ti\\ccs1271\\ccs\\utils\\bin\\gmake" -k -j 20 all -O 
 
gmake[1]: 'lab_2_3.out' is up to date.

**** Build Finished ****

**** Clean-only build of configuration Debug for project lab_2_4 ****

"C:\\ti\\ccs1271\\ccs\\utils\\bin\\gmake" -k -j 20 clean -O 
 
DEL /F  "lab_2_4.out" 
DEL /F "Timer.obj" "lcd.obj" "main.obj" "movement.obj" "open_interface.obj" "tm4c123gh6pm_startup_ccs.obj" 
DEL /F "Timer.d" "lcd.d" "main.d" "movement.d" "open_interface.d" "tm4c123gh6pm_startup_ccs.d" 
Could Not Find U:\cpre_2880\lab_2_4\Debug\lab_2_4.out
Finished clean
 

**** Build Finished ****

**** Build of configuration Debug for project lab_2_4 ****

"C:\\ti\\ccs1271\\ccs\\utils\\bin\\gmake" -k -j 20 all -O 
 
Building file: "../movement.c"
Invoking: Arm Compiler
"C:/ti/ccs1271/ccs/tools/compiler/ti-cgt-arm_20.2.7.LTS/bin/armcl" -mv7M4 --code_state=16 --float_support=FPv4SPD16 -me --include_path="U:/cpre_2880/lab_2_4" --include_path="C:/ti/TivaWare_C_Series-2.2.0.295" --include_path="C:/ti/ccs1271/ccs/tools/compiler/ti-cgt-arm_20.2.7.LTS/include" --define=ccs="ccs" --define=PART_TM4C123GH6PM -g --gcc --diag_warning=225 --diag_wrap=off --display_error_number --abi=eabi --preproc_with_compile --preproc_dependency="movement.d_raw"  "../movement.c"
 
>> Compilation failure
subdir_rules.mk:9: recipe for target 'movement.obj' failed
"../movement.c", line 6: error #148: declaration is incompatible with "void move_forward(oi_t *, int)" (declared at line 3 of "..\movement.h")
"../movement.c", line 21: warning #112-D: statement is unreachable
1 error detected in the compilation of "../movement.c".
gmake: *** [movement.obj] Error 1
Building file: "../Timer.c"
Invoking: Arm Compiler
"C:/ti/ccs1271/ccs/tools/compiler/ti-cgt-arm_20.2.7.LTS/bin/armcl" -mv7M4 --code_state=16 --float_support=FPv4SPD16 -me --include_path="U:/cpre_2880/lab_2_4" --include_path="C:/ti/TivaWare_C_Series-2.2.0.295" --include_path="C:/ti/ccs1271/ccs/tools/compiler/ti-cgt-arm_20.2.7.LTS/include" --define=ccs="ccs" --define=PART_TM4C123GH6PM -g --gcc --diag_warning=225 --diag_wrap=off --display_error_number --abi=eabi --preproc_with_compile --preproc_dependency="Timer.d_raw"  "../Timer.c"
Finished building: "../Timer.c"
 
Building file: "../lcd.c"
Invoking: Arm Compiler
"C:/ti/ccs1271/ccs/tools/compiler/ti-cgt-arm_20.2.7.LTS/bin/armcl" -mv7M4 --code_state=16 --float_support=FPv4SPD16 -me --include_path="U:/cpre_2880/lab_2_4" --include_path="C:/ti/TivaWare_C_Series-2.2.0.295" --include_path="C:/ti/ccs1271/ccs/tools/compiler/ti-cgt-arm_20.2.7.LTS/include" --define=ccs="ccs" --define=PART_TM4C123GH6PM -g --gcc --diag_warning=225 --diag_wrap=off --display_error_number --abi=eabi --preproc_with_compile --preproc_dependency="lcd.d_raw"  "../lcd.c"
Finished building: "../lcd.c"
 
Building file: "../tm4c123gh6pm_startup_ccs.c"
Invoking: Arm Compiler
"C:/ti/ccs1271/ccs/tools/compiler/ti-cgt-arm_20.2.7.LTS/bin/armcl" -mv7M4 --code_state=16 --float_support=FPv4SPD16 -me --include_path="U:/cpre_2880/lab_2_4" --include_path="C:/ti/TivaWare_C_Series-2.2.0.295" --include_path="C:/ti/ccs1271/ccs/tools/compiler/ti-cgt-arm_20.2.7.LTS/include" --define=ccs="ccs" --define=PART_TM4C123GH6PM -g --gcc --diag_warning=225 --diag_wrap=off --display_error_number --abi=eabi --preproc_with_compile --preproc_dependency="tm4c123gh6pm_startup_ccs.d_raw"  "../tm4c123gh6pm_startup_ccs.c"
Finished building: "../tm4c123gh6pm_startup_ccs.c"
 
Building file: "../main.c"
Invoking: Arm Compiler
"C:/ti/ccs1271/ccs/tools/compiler/ti-cgt-arm_20.2.7.LTS/bin/armcl" -mv7M4 --code_state=16 --float_support=FPv4SPD16 -me --include_path="U:/cpre_2880/lab_2_4" --include_path="C:/ti/TivaWare_C_Series-2.2.0.295" --include_path="C:/ti/ccs1271/ccs/tools/compiler/ti-cgt-arm_20.2.7.LTS/include" --define=ccs="ccs" --define=PART_TM4C123GH6PM -g --gcc --diag_warning=225 --diag_wrap=off --display_error_number --abi=eabi --preproc_with_compile --preproc_dependency="main.d_raw"  "../main.c"
Finished building: "../main.c"
 
Building file: "../open_interface.c"
Invoking: Arm Compiler
"C:/ti/ccs1271/ccs/tools/compiler/ti-cgt-arm_20.2.7.LTS/bin/armcl" -mv7M4 --code_state=16 --float_support=FPv4SPD16 -me --include_path="U:/cpre_2880/lab_2_4" --include_path="C:/ti/TivaWare_C_Series-2.2.0.295" --include_path="C:/ti/ccs1271/ccs/tools/compiler/ti-cgt-arm_20.2.7.LTS/include" --define=ccs="ccs" --define=PART_TM4C123GH6PM -g --gcc --diag_warning=225 --diag_wrap=off --display_error_number --abi=eabi --preproc_with_compile --preproc_dependency="open_interface.d_raw"  "../open_interface.c"
"../open_interface.c", line 356: warning #179-D: variable "charging_state" was declared but never referenced
Finished building: "../open_interface.c"
 
gmake: Target 'all' not remade because of errors.

**** Build Finished ****

**** Build of configuration Debug for project lab_1 ****

"C:\\ti\\ccs1271\\ccs\\utils\\bin\\gmake" -k -j 20 all -O 
 
gmake[1]: 'lab_1.out' is up to date.

**** Build Finished ****

**** Build of configuration Debug for project lab_2_3 ****

"C:\\ti\\ccs1271\\ccs\\utils\\bin\\gmake" -k -j 20 all -O 
 
gmake[1]: 'lab_2_3.out' is up to date.

**** Build Finished ****

**** Build of configuration Debug for project lab_2_4 ****

"C:\\ti\\ccs1271\\ccs\\utils\\bin\\gmake" -k -j 20 all -O 
 
Building file: "../movement.c"
Invoking: Arm Compiler
"C:/ti/ccs1271/ccs/tools/compiler/ti-cgt-arm_20.2.7.LTS/bin/armcl" -mv7M4 --code_state=16 --float_support=FPv4SPD16 -me --include_path="U:/cpre_2880/lab_2_4" --include_path="C:/ti/TivaWare_C_Series-2.2.0.295" --include_path="C:/ti/ccs1271/ccs/tools/compiler/ti-cgt-arm_20.2.7.LTS/include" --define=ccs="ccs" --define=PART_TM4C123GH6PM -g --gcc --diag_warning=225 --diag_wrap=off --display_error_number --abi=eabi --preproc_with_compile --preproc_dependency="movement.d_raw"  "../movement.c"
 
>> Compilation failure
subdir_rules.mk:9: recipe for target 'movement.obj' failed
"../movement.c", line 6: error #148: declaration is incompatible with "void move_forward(oi_t *, int)" (declared at line 3 of "..\movement.h")
"../movement.c", line 21: warning #112-D: statement is unreachable
1 error detected in the compilation of "../movement.c".
gmake: *** [movement.obj] Error 1
gmake: Target 'all' not remade because of errors.

**** Build Finished ****

**** Build of configuration Debug for project lab_1 ****

"C:\\ti\\ccs1271\\ccs\\utils\\bin\\gmake" -k -j 20 all -O 
 
gmake[1]: 'lab_1.out' is up to date.

**** Build Finished ****

**** Build of configuration Debug for project lab_2_3 ****

"C:\\ti\\ccs1271\\ccs\\utils\\bin\\gmake" -k -j 20 all -O 
 
gmake[1]: 'lab_2_3.out' is up to date.

**** Build Finished ****

**** Build of configuration Debug for project lab_2_4 ****

"C:\\ti\\ccs1271\\ccs\\utils\\bin\\gmake" -k -j 20 all -O 
 
Building file: "../main.c"
Invoking: Arm Compiler
"C:/ti/ccs1271/ccs/tools/compiler/ti-cgt-arm_20.2.7.LTS/bin/armcl" -mv7M4 --code_state=16 --float_support=FPv4SPD16 -me --include_path="U:/cpre_2880/lab_2_4" --include_path="C:/ti/TivaWare_C_Series-2.2.0.295" --include_path="C:/ti/ccs1271/ccs/tools/compiler/ti-cgt-arm_20.2.7.LTS/include" --define=ccs="ccs" --define=PART_TM4C123GH6PM -g --gcc --diag_warning=225 --diag_wrap=off --display_error_number --abi=eabi --preproc_with_compile --preproc_dependency="main.d_raw"  "../main.c"
Finished building: "../main.c"
 
Building file: "../movement.c"
Invoking: Arm Compiler
"C:/ti/ccs1271/ccs/tools/compiler/ti-cgt-arm_20.2.7.LTS/bin/armcl" -mv7M4 --code_state=16 --float_support=FPv4SPD16 -me --include_path="U:/cpre_2880/lab_2_4" --include_path="C:/ti/TivaWare_C_Series-2.2.0.295" --include_path="C:/ti/ccs1271/ccs/tools/compiler/ti-cgt-arm_20.2.7.LTS/include" --define=ccs="ccs" --define=PART_TM4C123GH6PM -g --gcc --diag_warning=225 --diag_wrap=off --display_error_number --abi=eabi --preproc_with_compile --preproc_dependency="movement.d_raw"  "../movement.c"
"../movement.c", line 21: warning #112-D: statement is unreachable
Finished building: "../movement.c"
 
Building target: "lab_2_4.out"
Invoking: Arm Linker
"C:/ti/ccs1271/ccs/tools/compiler/ti-cgt-arm_20.2.7.LTS/bin/armcl" -mv7M4 --code_state=16 --float_support=FPv4SPD16 -me --define=ccs="ccs" --define=PART_TM4C123GH6PM -g --gcc --diag_warning=225 --diag_wrap=off --display_error_number --abi=eabi -z -m"lab_2_4.map" --heap_size=1024 --stack_size=2048 -i"C:/ti/ccs1271/ccs/tools/compiler/ti-cgt-arm_20.2.7.LTS/lib" -i"C:/ti/ccs1271/ccs/tools/compiler/ti-cgt-arm_20.2.7.LTS/include" --reread_libs --diag_wrap=off --display_error_number --warn_sections --xml_link_info="lab_2_4_linkInfo.xml" --rom_model -o "lab_2_4.out" "./Timer.obj" "./lcd.obj" "./main.obj" "./movement.obj" "./open_interface.obj" "./tm4c123gh6pm_startup_ccs.obj" "../libcybotUART.lib" "../tm4c123gh6pm.cmd"  -llibc.a -l"C:/ti/TivaWare_C_Series-2.2.0.295/driverlib/ccs/Debug/driverlib.lib" 
<Linking>
Finished building target: "lab_2_4.out"
 

**** Build Finished ****

**** Build of configuration Debug for project lab_1 ****

"C:\\ti\\ccs1271\\ccs\\utils\\bin\\gmake" -k -j 20 all -O 
 
gmake[1]: 'lab_1.out' is up to date.

**** Build Finished ****

**** Build of configuration Debug for project lab_2_3 ****

"C:\\ti\\ccs1271\\ccs\\utils\\bin\\gmake" -k -j 20 all -O 
 
gmake[1]: 'lab_2_3.out' is up to date.

**** Build Finished ****

**** Build of configuration Debug for project lab_2_4 ****

"C:\\ti\\ccs1271\\ccs\\utils\\bin\\gmake" -k -j 20 all -O 
 
Building file: "../movement.c"
Invoking: Arm Compiler
"C:/ti/ccs1271/ccs/tools/compiler/ti-cgt-arm_20.2.7.LTS/bin/armcl" -mv7M4 --code_state=16 --float_support=FPv4SPD16 -me --include_path="U:/cpre_2880/lab_2_4" --include_path="C:/ti/TivaWare_C_Series-2.2.0.295" --include_path="C:/ti/ccs1271/ccs/tools/compiler/ti-cgt-arm_20.2.7.LTS/include" --define=ccs="ccs" --define=PART_TM4C123GH6PM -g --gcc --diag_warning=225 --diag_wrap=off --display_error_number --abi=eabi --preproc_with_compile --preproc_dependency="movement.d_raw"  "../movement.c"
 
>> Compilation failure
subdir_rules.mk:9: recipe for target 'movement.obj' failed
"../movement.c", line 6: error #148: declaration is incompatible with "double move_forward(oi_t *, int)" (declared at line 3 of "..\movement.h")
"../movement.c", line 21: warning #112-D: statement is unreachable
1 error detected in the compilation of "../movement.c".
gmake: *** [movement.obj] Error 1
Building file: "../main.c"
Invoking: Arm Compiler
"C:/ti/ccs1271/ccs/tools/compiler/ti-cgt-arm_20.2.7.LTS/bin/armcl" -mv7M4 --code_state=16 --float_support=FPv4SPD16 -me --include_path="U:/cpre_2880/lab_2_4" --include_path="C:/ti/TivaWare_C_Series-2.2.0.295" --include_path="C:/ti/ccs1271/ccs/tools/compiler/ti-cgt-arm_20.2.7.LTS/include" --define=ccs="ccs" --define=PART_TM4C123GH6PM -g --gcc --diag_warning=225 --diag_wrap=off --display_error_number --abi=eabi --preproc_with_compile --preproc_dependency="main.d_raw"  "../main.c"
Finished building: "../main.c"
 
gmake: Target 'all' not remade because of errors.

**** Build Finished ****

**** Build of configuration Debug for project lab_1 ****

"C:\\ti\\ccs1271\\ccs\\utils\\bin\\gmake" -k -j 20 all -O 
 
gmake[1]: 'lab_1.out' is up to date.

**** Build Finished ****

**** Build of configuration Debug for project lab_2_3 ****

"C:\\ti\\ccs1271\\ccs\\utils\\bin\\gmake" -k -j 20 all -O 
 
gmake[1]: 'lab_2_3.out' is up to date.

**** Build Finished ****

**** Build of configuration Debug for project lab_2_4 ****

"C:\\ti\\ccs1271\\ccs\\utils\\bin\\gmake" -k -j 20 all -O 
 
Building file: "../main.c"
Invoking: Arm Compiler
"C:/ti/ccs1271/ccs/tools/compiler/ti-cgt-arm_20.2.7.LTS/bin/armcl" -mv7M4 --code_state=16 --float_support=FPv4SPD16 -me --include_path="U:/cpre_2880/lab_2_4" --include_path="C:/ti/TivaWare_C_Series-2.2.0.295" --include_path="C:/ti/ccs1271/ccs/tools/compiler/ti-cgt-arm_20.2.7.LTS/include" --define=ccs="ccs" --define=PART_TM4C123GH6PM -g --gcc --diag_warning=225 --diag_wrap=off --display_error_number --abi=eabi --preproc_with_compile --preproc_dependency="main.d_raw"  "../main.c"
Finished building: "../main.c"
 
Building file: "../movement.c"
Invoking: Arm Compiler
"C:/ti/ccs1271/ccs/tools/compiler/ti-cgt-arm_20.2.7.LTS/bin/armcl" -mv7M4 --code_state=16 --float_support=FPv4SPD16 -me --include_path="U:/cpre_2880/lab_2_4" --include_path="C:/ti/TivaWare_C_Series-2.2.0.295" --include_path="C:/ti/ccs1271/ccs/tools/compiler/ti-cgt-arm_20.2.7.LTS/include" --define=ccs="ccs" --define=PART_TM4C123GH6PM -g --gcc --diag_warning=225 --diag_wrap=off --display_error_number --abi=eabi --preproc_with_compile --preproc_dependency="movement.d_raw"  "../movement.c"
"../movement.c", line 21: warning #112-D: statement is unreachable
Finished building: "../movement.c"
 
Building target: "lab_2_4.out"
Invoking: Arm Linker
"C:/ti/ccs1271/ccs/tools/compiler/ti-cgt-arm_20.2.7.LTS/bin/armcl" -mv7M4 --code_state=16 --float_support=FPv4SPD16 -me --define=ccs="ccs" --define=PART_TM4C123GH6PM -g --gcc --diag_warning=225 --diag_wrap=off --display_error_number --abi=eabi -z -m"lab_2_4.map" --heap_size=1024 --stack_size=2048 -i"C:/ti/ccs1271/ccs/tools/compiler/ti-cgt-arm_20.2.7.LTS/lib" -i"C:/ti/ccs1271/ccs/tools/compiler/ti-cgt-arm_20.2.7.LTS/include" --reread_libs --diag_wrap=off --display_error_number --warn_sections --xml_link_info="lab_2_4_linkInfo.xml" --rom_model -o "lab_2_4.out" "./Timer.obj" "./lcd.obj" "./main.obj" "./movement.obj" "./open_interface.obj" "./tm4c123gh6pm_startup_ccs.obj" "../libcybotUART.lib" "../tm4c123gh6pm.cmd"  -llibc.a -l"C:/ti/TivaWare_C_Series-2.2.0.295/driverlib/ccs/Debug/driverlib.lib" 
<Linking>
Finished building target: "lab_2_4.out"
 

**** Build Finished ****

**** Build of configuration Debug for project lab_1 ****

"C:\\ti\\ccs1271\\ccs\\utils\\bin\\gmake" -k -j 20 all -O 
 
gmake[1]: 'lab_1.out' is up to date.

**** Build Finished ****

**** Build of configuration Debug for project lab_2_3 ****

"C:\\ti\\ccs1271\\ccs\\utils\\bin\\gmake" -k -j 20 all -O 
 
gmake[1]: 'lab_2_3.out' is up to date.

**** Build Finished ****

**** Build of configuration Debug for project lab_2_4 ****

"C:\\ti\\ccs1271\\ccs\\utils\\bin\\gmake" -k -j 20 all -O 
 
Building file: "../main.c"
Invoking: Arm Compiler
"C:/ti/ccs1271/ccs/tools/compiler/ti-cgt-arm_20.2.7.LTS/bin/armcl" -mv7M4 --code_state=16 --float_support=FPv4SPD16 -me --include_path="U:/cpre_2880/lab_2_4" --include_path="C:/ti/TivaWare_C_Series-2.2.0.295" --include_path="C:/ti/ccs1271/ccs/tools/compiler/ti-cgt-arm_20.2.7.LTS/include" --define=ccs="ccs" --define=PART_TM4C123GH6PM -g --gcc --diag_warning=225 --diag_wrap=off --display_error_number --abi=eabi --preproc_with_compile --preproc_dependency="main.d_raw"  "../main.c"
Finished building: "../main.c"
 
Building target: "lab_2_4.out"
Invoking: Arm Linker
"C:/ti/ccs1271/ccs/tools/compiler/ti-cgt-arm_20.2.7.LTS/bin/armcl" -mv7M4 --code_state=16 --float_support=FPv4SPD16 -me --define=ccs="ccs" --define=PART_TM4C123GH6PM -g --gcc --diag_warning=225 --diag_wrap=off --display_error_number --abi=eabi -z -m"lab_2_4.map" --heap_size=1024 --stack_size=2048 -i"C:/ti/ccs1271/ccs/tools/compiler/ti-cgt-arm_20.2.7.LTS/lib" -i"C:/ti/ccs1271/ccs/tools/compiler/ti-cgt-arm_20.2.7.LTS/include" --reread_libs --diag_wrap=off --display_error_number --warn_sections --xml_link_info="lab_2_4_linkInfo.xml" --rom_model -o "lab_2_4.out" "./Timer.obj" "./lcd.obj" "./main.obj" "./movement.obj" "./open_interface.obj" "./tm4c123gh6pm_startup_ccs.obj" "../libcybotUART.lib" "../tm4c123gh6pm.cmd"  -llibc.a -l"C:/ti/TivaWare_C_Series-2.2.0.295/driverlib/ccs/Debug/driverlib.lib" 
<Linking>
Finished building target: "lab_2_4.out"
 

**** Build Finished ****

**** Build of configuration Debug for project lab_1 ****

"C:\\ti\\ccs1271\\ccs\\utils\\bin\\gmake" -k -j 20 all -O 
 
gmake[1]: 'lab_1.out' is up to date.

**** Build Finished ****

**** Build of configuration Debug for project lab_2_3 ****

"C:\\ti\\ccs1271\\ccs\\utils\\bin\\gmake" -k -j 20 all -O 
 
gmake[1]: 'lab_2_3.out' is up to date.

**** Build Finished ****

**** Build of configuration Debug for project lab_2_4 ****

"C:\\ti\\ccs1271\\ccs\\utils\\bin\\gmake" -k -j 20 all -O 
 
Building file: "../main.c"
Invoking: Arm Compiler
"C:/ti/ccs1271/ccs/tools/compiler/ti-cgt-arm_20.2.7.LTS/bin/armcl" -mv7M4 --code_state=16 --float_support=FPv4SPD16 -me --include_path="U:/cpre_2880/lab_2_4" --include_path="C:/ti/TivaWare_C_Series-2.2.0.295" --include_path="C:/ti/ccs1271/ccs/tools/compiler/ti-cgt-arm_20.2.7.LTS/include" --define=ccs="ccs" --define=PART_TM4C123GH6PM -g --gcc --diag_warning=225 --diag_wrap=off --display_error_number --abi=eabi --preproc_with_compile --preproc_dependency="main.d_raw"  "../main.c"
Finished building: "../main.c"
 
Building target: "lab_2_4.out"
Invoking: Arm Linker
"C:/ti/ccs1271/ccs/tools/compiler/ti-cgt-arm_20.2.7.LTS/bin/armcl" -mv7M4 --code_state=16 --float_support=FPv4SPD16 -me --define=ccs="ccs" --define=PART_TM4C123GH6PM -g --gcc --diag_warning=225 --diag_wrap=off --display_error_number --abi=eabi -z -m"lab_2_4.map" --heap_size=1024 --stack_size=2048 -i"C:/ti/ccs1271/ccs/tools/compiler/ti-cgt-arm_20.2.7.LTS/lib" -i"C:/ti/ccs1271/ccs/tools/compiler/ti-cgt-arm_20.2.7.LTS/include" --reread_libs --diag_wrap=off --display_error_number --warn_sections --xml_link_info="lab_2_4_linkInfo.xml" --rom_model -o "lab_2_4.out" "./Timer.obj" "./lcd.obj" "./main.obj" "./movement.obj" "./open_interface.obj" "./tm4c123gh6pm_startup_ccs.obj" "../libcybotUART.lib" "../tm4c123gh6pm.cmd"  -llibc.a -l"C:/ti/TivaWare_C_Series-2.2.0.295/driverlib/ccs/Debug/driverlib.lib" 
<Linking>
Finished building target: "lab_2_4.out"
 

**** Build Finished ****

**** Build of configuration Debug for project lab_2_4 ****

"C:\\ti\\ccs1271\\ccs\\utils\\bin\\gmake" -k -j 20 all -O 
 
gmake[1]: 'lab_2_4.out' is up to date.

**** Build Finished ****

**** Build of configuration Debug for project lab_2_4 ****

"C:\\ti\\ccs1271\\ccs\\utils\\bin\\gmake" -k -j 20 all -O 
 
gmake[1]: 'lab_2_4.out' is up to date.

**** Build Finished ****

**** Build of configuration Debug for project lab_2_3 ****

"C:\\ti\\ccs1271\\ccs\\utils\\bin\\gmake" -k -j 20 all -O 
 
gmake[1]: 'lab_2_3.out' is up to date.

**** Build Finished ****

**** Build of configuration Debug for project lab_2_3 ****

"C:\\ti\\ccs1271\\ccs\\utils\\bin\\gmake" -k -j 20 all -O 
 
gmake[1]: 'lab_2_3.out' is up to date.

**** Build Finished ****

**** Build of configuration Debug for project lab_2_4 ****

"C:\\ti\\ccs1271\\ccs\\utils\\bin\\gmake" -k -j 20 all -O 
 
gmake[1]: 'lab_2_4.out' is up to date.

**** Build Finished ****

**** Build of configuration Debug for project lab_2_4 ****

"C:\\ti\\ccs1271\\ccs\\utils\\bin\\gmake" -k -j 20 all -O 
 
Building file: "../movement.c"
Invoking: Arm Compiler
"C:/ti/ccs1271/ccs/tools/compiler/ti-cgt-arm_20.2.7.LTS/bin/armcl" -mv7M4 --code_state=16 --float_support=FPv4SPD16 -me --include_path="U:/cpre_2880/lab_2_4" --include_path="C:/ti/TivaWare_C_Series-2.2.0.295" --include_path="C:/ti/ccs1271/ccs/tools/compiler/ti-cgt-arm_20.2.7.LTS/include" --define=ccs="ccs" --define=PART_TM4C123GH6PM -g --gcc --diag_warning=225 --diag_wrap=off --display_error_number --abi=eabi --preproc_with_compile --preproc_dependency="movement.d_raw"  "../movement.c"
Finished building: "../movement.c"
 
Building target: "lab_2_4.out"
Invoking: Arm Linker
"C:/ti/ccs1271/ccs/tools/compiler/ti-cgt-arm_20.2.7.LTS/bin/armcl" -mv7M4 --code_state=16 --float_support=FPv4SPD16 -me --define=ccs="ccs" --define=PART_TM4C123GH6PM -g --gcc --diag_warning=225 --diag_wrap=off --display_error_number --abi=eabi -z -m"lab_2_4.map" --heap_size=1024 --stack_size=2048 -i"C:/ti/ccs1271/ccs/tools/compiler/ti-cgt-arm_20.2.7.LTS/lib" -i"C:/ti/ccs1271/ccs/tools/compiler/ti-cgt-arm_20.2.7.LTS/include" --reread_libs --diag_wrap=off --display_error_number --warn_sections --xml_link_info="lab_2_4_linkInfo.xml" --rom_model -o "lab_2_4.out" "./Timer.obj" "./lcd.obj" "./main.obj" "./movement.obj" "./open_interface.obj" "./tm4c123gh6pm_startup_ccs.obj" "../libcybotUART.lib" "../tm4c123gh6pm.cmd"  -llibc.a -l"C:/ti/TivaWare_C_Series-2.2.0.295/driverlib/ccs/Debug/driverlib.lib" 
<Linking>
Finished building target: "lab_2_4.out"
 

**** Build Finished ****

**** Build of configuration Debug for project lab_1 ****

"C:\\ti\\ccs1271\\ccs\\utils\\bin\\gmake" -k -j 20 all -O 
 
gmake[1]: 'lab_1.out' is up to date.

**** Build Finished ****

**** Build of configuration Debug for project lab_2_3 ****

"C:\\ti\\ccs1271\\ccs\\utils\\bin\\gmake" -k -j 20 all -O 
 
gmake[1]: 'lab_2_3.out' is up to date.

**** Build Finished ****

**** Build of configuration Debug for project lab_2_4 ****

"C:\\ti\\ccs1271\\ccs\\utils\\bin\\gmake" -k -j 20 all -O 
 
Building file: "../movement.c"
Invoking: Arm Compiler
"C:/ti/ccs1271/ccs/tools/compiler/ti-cgt-arm_20.2.7.LTS/bin/armcl" -mv7M4 --code_state=16 --float_support=FPv4SPD16 -me --include_path="U:/cpre_2880/lab_2_4" --include_path="C:/ti/TivaWare_C_Series-2.2.0.295" --include_path="C:/ti/ccs1271/ccs/tools/compiler/ti-cgt-arm_20.2.7.LTS/include" --define=ccs="ccs" --define=PART_TM4C123GH6PM -g --gcc --diag_warning=225 --diag_wrap=off --display_error_number --abi=eabi --preproc_with_compile --preproc_dependency="movement.d_raw"  "../movement.c"
 
>> Compilation failure
subdir_rules.mk:9: recipe for target 'movement.obj' failed
"../movement.c", line 22: warning #225-D: function "go_around" declared implicitly
"../movement.c", line 23: warning #112-D: statement is unreachable
"../movement.c", line 23: error #29: expected an expression
"../movement.c", line 31: warning #12-D: parsing restarts here after previous syntax error
"../movement.c", line 31: error #66: expected a ";"
"../movement.c", line 12: warning #179-D: variable "go_left" was declared but never referenced
"../movement.c", line 54: warning #161-D: declaration is incompatible with previous "go_around" (declared at line 22)
"../movement.c", line 57: error #20: identifier "sensor_data" is undefined
"../movement.c", line 67: error #20: identifier "sensor_data" is undefined
4 errors detected in the compilation of "../movement.c".
gmake: *** [movement.obj] Error 1
gmake: Target 'all' not remade because of errors.

**** Build Finished ****

**** Build of configuration Debug for project lab_1 ****

"C:\\ti\\ccs1271\\ccs\\utils\\bin\\gmake" -k -j 20 all -O 
 
gmake[1]: 'lab_1.out' is up to date.

**** Build Finished ****

**** Build of configuration Debug for project lab_2_3 ****

"C:\\ti\\ccs1271\\ccs\\utils\\bin\\gmake" -k -j 20 all -O 
 
gmake[1]: 'lab_2_3.out' is up to date.

**** Build Finished ****

**** Build of configuration Debug for project lab_2_4 ****

"C:\\ti\\ccs1271\\ccs\\utils\\bin\\gmake" -k -j 20 all -O 
 
Building file: "../movement.c"
Invoking: Arm Compiler
"C:/ti/ccs1271/ccs/tools/compiler/ti-cgt-arm_20.2.7.LTS/bin/armcl" -mv7M4 --code_state=16 --float_support=FPv4SPD16 -me --include_path="U:/cpre_2880/lab_2_4" --include_path="C:/ti/TivaWare_C_Series-2.2.0.295" --include_path="C:/ti/ccs1271/ccs/tools/compiler/ti-cgt-arm_20.2.7.LTS/include" --define=ccs="ccs" --define=PART_TM4C123GH6PM -g --gcc --diag_warning=225 --diag_wrap=off --display_error_number --abi=eabi --preproc_with_compile --preproc_dependency="movement.d_raw"  "../movement.c"
 
>> Compilation failure
subdir_rules.mk:9: recipe for target 'movement.obj' failed
"../movement.c", line 22: warning #225-D: function "go_around" declared implicitly
"../movement.c", line 25: warning #225-D: function "go_around" declared implicitly
"../movement.c", line 28: warning #225-D: function "go_around" declared implicitly
"../movement.c", line 32: warning #994-D: missing return statement at end of non-void function "move_forward"
"../movement.c", line 33: error #80: expected a type specifier
"../movement.c", line 33: error #80: expected a type specifier
"../movement.c", line 33: warning #78-D: this declaration has no storage class or type specifier
"../movement.c", line 33: error #148: declaration is incompatible with "void oi_setWheels(int16_t, int16_t)" (declared at line 158 of "..\open_interface.h")
"../movement.c", line 34: error #171: expected a declaration
"../movement.c", line 36: error #171: expected a declaration
At end of source: warning #12-D: parsing restarts here after previous syntax error
5 errors detected in the compilation of "../movement.c".
gmake: *** [movement.obj] Error 1
gmake: Target 'all' not remade because of errors.

**** Build Finished ****

**** Build of configuration Debug for project lab_1 ****

"C:\\ti\\ccs1271\\ccs\\utils\\bin\\gmake" -k -j 20 all -O 
 
gmake[1]: 'lab_1.out' is up to date.

**** Build Finished ****

**** Build of configuration Debug for project lab_2_3 ****

"C:\\ti\\ccs1271\\ccs\\utils\\bin\\gmake" -k -j 20 all -O 
 
gmake[1]: 'lab_2_3.out' is up to date.

**** Build Finished ****

**** Build of configuration Debug for project lab_2_4 ****

"C:\\ti\\ccs1271\\ccs\\utils\\bin\\gmake" -k -j 20 all -O 
 
Building file: "../movement.c"
Invoking: Arm Compiler
"C:/ti/ccs1271/ccs/tools/compiler/ti-cgt-arm_20.2.7.LTS/bin/armcl" -mv7M4 --code_state=16 --float_support=FPv4SPD16 -me --include_path="U:/cpre_2880/lab_2_4" --include_path="C:/ti/TivaWare_C_Series-2.2.0.295" --include_path="C:/ti/ccs1271/ccs/tools/compiler/ti-cgt-arm_20.2.7.LTS/include" --define=ccs="ccs" --define=PART_TM4C123GH6PM -g --gcc --diag_warning=225 --diag_wrap=off --display_error_number --abi=eabi --preproc_with_compile --preproc_dependency="movement.d_raw"  "../movement.c"
 
>> Compilation failure
subdir_rules.mk:9: recipe for target 'movement.obj' failed
"../movement.c", line 22: warning #225-D: function "go_around" declared implicitly
"../movement.c", line 25: warning #225-D: function "go_around" declared implicitly
"../movement.c", line 28: warning #225-D: function "go_around" declared implicitly
"../movement.c", line 53: warning #161-D: declaration is incompatible with previous "go_around" (declared at line 22)
"../movement.c", line 56: error #20: identifier "sensor_data" is undefined
"../movement.c", line 66: error #20: identifier "sensor_data" is undefined
2 errors detected in the compilation of "../movement.c".
gmake: *** [movement.obj] Error 1
gmake: Target 'all' not remade because of errors.

**** Build Finished ****

**** Build of configuration Debug for project lab_1 ****

"C:\\ti\\ccs1271\\ccs\\utils\\bin\\gmake" -k -j 20 all -O 
 
gmake[1]: 'lab_1.out' is up to date.

**** Build Finished ****

**** Build of configuration Debug for project lab_2_3 ****

"C:\\ti\\ccs1271\\ccs\\utils\\bin\\gmake" -k -j 20 all -O 
 
gmake[1]: 'lab_2_3.out' is up to date.

**** Build Finished ****

**** Build of configuration Debug for project lab_2_4 ****

"C:\\ti\\ccs1271\\ccs\\utils\\bin\\gmake" -k -j 20 all -O 
 
Building file: "../movement.c"
Invoking: Arm Compiler
"C:/ti/ccs1271/ccs/tools/compiler/ti-cgt-arm_20.2.7.LTS/bin/armcl" -mv7M4 --code_state=16 --float_support=FPv4SPD16 -me --include_path="U:/cpre_2880/lab_2_4" --include_path="C:/ti/TivaWare_C_Series-2.2.0.295" --include_path="C:/ti/ccs1271/ccs/tools/compiler/ti-cgt-arm_20.2.7.LTS/include" --define=ccs="ccs" --define=PART_TM4C123GH6PM -g --gcc --diag_warning=225 --diag_wrap=off --display_error_number --abi=eabi --preproc_with_compile --preproc_dependency="movement.d_raw"  "../movement.c"
"../movement.c", line 22: warning #225-D: function "go_around" declared implicitly
"../movement.c", line 25: warning #225-D: function "go_around" declared implicitly
"../movement.c", line 28: warning #225-D: function "go_around" declared implicitly
"../movement.c", line 53: warning #161-D: declaration is incompatible with previous "go_around" (declared at line 22)
Finished building: "../movement.c"
 
Building target: "lab_2_4.out"
Invoking: Arm Linker
"C:/ti/ccs1271/ccs/tools/compiler/ti-cgt-arm_20.2.7.LTS/bin/armcl" -mv7M4 --code_state=16 --float_support=FPv4SPD16 -me --define=ccs="ccs" --define=PART_TM4C123GH6PM -g --gcc --diag_warning=225 --diag_wrap=off --display_error_number --abi=eabi -z -m"lab_2_4.map" --heap_size=1024 --stack_size=2048 -i"C:/ti/ccs1271/ccs/tools/compiler/ti-cgt-arm_20.2.7.LTS/lib" -i"C:/ti/ccs1271/ccs/tools/compiler/ti-cgt-arm_20.2.7.LTS/include" --reread_libs --diag_wrap=off --display_error_number --warn_sections --xml_link_info="lab_2_4_linkInfo.xml" --rom_model -o "lab_2_4.out" "./Timer.obj" "./lcd.obj" "./main.obj" "./movement.obj" "./open_interface.obj" "./tm4c123gh6pm_startup_ccs.obj" "../libcybotUART.lib" "../tm4c123gh6pm.cmd"  -llibc.a -l"C:/ti/TivaWare_C_Series-2.2.0.295/driverlib/ccs/Debug/driverlib.lib" 
<Linking>
Finished building target: "lab_2_4.out"
 

**** Build Finished ****

**** Build of configuration Debug for project lab_1 ****

"C:\\ti\\ccs1271\\ccs\\utils\\bin\\gmake" -k -j 20 all -O 
 
gmake[1]: 'lab_1.out' is up to date.

**** Build Finished ****

**** Build of configuration Debug for project lab_2_3 ****

"C:\\ti\\ccs1271\\ccs\\utils\\bin\\gmake" -k -j 20 all -O 
 
gmake[1]: 'lab_2_3.out' is up to date.

**** Build Finished ****

**** Build of configuration Debug for project lab_2_4 ****

"C:\\ti\\ccs1271\\ccs\\utils\\bin\\gmake" -k -j 20 all -O 
 
Building file: "../main.c"
Invoking: Arm Compiler
"C:/ti/ccs1271/ccs/tools/compiler/ti-cgt-arm_20.2.7.LTS/bin/armcl" -mv7M4 --code_state=16 --float_support=FPv4SPD16 -me --include_path="U:/cpre_2880/lab_2_4" --include_path="C:/ti/TivaWare_C_Series-2.2.0.295" --include_path="C:/ti/ccs1271/ccs/tools/compiler/ti-cgt-arm_20.2.7.LTS/include" --define=ccs="ccs" --define=PART_TM4C123GH6PM -g --gcc --diag_warning=225 --diag_wrap=off --display_error_number --abi=eabi --preproc_with_compile --preproc_dependency="main.d_raw"  "../main.c"
Finished building: "../main.c"
 
Building target: "lab_2_4.out"
Invoking: Arm Linker
"C:/ti/ccs1271/ccs/tools/compiler/ti-cgt-arm_20.2.7.LTS/bin/armcl" -mv7M4 --code_state=16 --float_support=FPv4SPD16 -me --define=ccs="ccs" --define=PART_TM4C123GH6PM -g --gcc --diag_warning=225 --diag_wrap=off --display_error_number --abi=eabi -z -m"lab_2_4.map" --heap_size=1024 --stack_size=2048 -i"C:/ti/ccs1271/ccs/tools/compiler/ti-cgt-arm_20.2.7.LTS/lib" -i"C:/ti/ccs1271/ccs/tools/compiler/ti-cgt-arm_20.2.7.LTS/include" --reread_libs --diag_wrap=off --display_error_number --warn_sections --xml_link_info="lab_2_4_linkInfo.xml" --rom_model -o "lab_2_4.out" "./Timer.obj" "./lcd.obj" "./main.obj" "./movement.obj" "./open_interface.obj" "./tm4c123gh6pm_startup_ccs.obj" "../libcybotUART.lib" "../tm4c123gh6pm.cmd"  -llibc.a -l"C:/ti/TivaWare_C_Series-2.2.0.295/driverlib/ccs/Debug/driverlib.lib" 
<Linking>
Finished building target: "lab_2_4.out"
 

**** Build Finished ****

**** Build of configuration Debug for project lab_2_4 ****

"C:\\ti\\ccs1271\\ccs\\utils\\bin\\gmake" -k -j 20 all -O 
 
gmake[1]: 'lab_2_4.out' is up to date.

**** Build Finished ****

**** Build of configuration Debug for project lab_1 ****

"C:\\ti\\ccs1271\\ccs\\utils\\bin\\gmake" -k -j 20 all -O 
 
gmake[1]: 'lab_1.out' is up to date.

**** Build Finished ****

**** Build of configuration Debug for project lab_2_3 ****

"C:\\ti\\ccs1271\\ccs\\utils\\bin\\gmake" -k -j 20 all -O 
 
gmake[1]: 'lab_2_3.out' is up to date.

**** Build Finished ****

**** Build of configuration Debug for project lab_2_4 ****

"C:\\ti\\ccs1271\\ccs\\utils\\bin\\gmake" -k -j 20 all -O 
 
Building file: "../movement.c"
Invoking: Arm Compiler
"C:/ti/ccs1271/ccs/tools/compiler/ti-cgt-arm_20.2.7.LTS/bin/armcl" -mv7M4 --code_state=16 --float_support=FPv4SPD16 -me --include_path="U:/cpre_2880/lab_2_4" --include_path="C:/ti/TivaWare_C_Series-2.2.0.295" --include_path="C:/ti/ccs1271/ccs/tools/compiler/ti-cgt-arm_20.2.7.LTS/include" --define=ccs="ccs" --define=PART_TM4C123GH6PM -g --gcc --diag_warning=225 --diag_wrap=off --display_error_number --abi=eabi --preproc_with_compile --preproc_dependency="movement.d_raw"  "../movement.c"
 
>> Compilation failure
subdir_rules.mk:9: recipe for target 'movement.obj' failed
"../movement.c", line 28: error #66: expected a ";"
At end of source: warning #12-D: parsing restarts here after previous syntax error
At end of source: warning #994-D: missing return statement at end of non-void function "move_forward"
At end of source: error #68: expected a "}"
2 errors detected in the compilation of "../movement.c".
gmake: *** [movement.obj] Error 1
Building file: "../main.c"
Invoking: Arm Compiler
"C:/ti/ccs1271/ccs/tools/compiler/ti-cgt-arm_20.2.7.LTS/bin/armcl" -mv7M4 --code_state=16 --float_support=FPv4SPD16 -me --include_path="U:/cpre_2880/lab_2_4" --include_path="C:/ti/TivaWare_C_Series-2.2.0.295" --include_path="C:/ti/ccs1271/ccs/tools/compiler/ti-cgt-arm_20.2.7.LTS/include" --define=ccs="ccs" --define=PART_TM4C123GH6PM -g --gcc --diag_warning=225 --diag_wrap=off --display_error_number --abi=eabi --preproc_with_compile --preproc_dependency="main.d_raw"  "../main.c"
Finished building: "../main.c"
 
gmake: Target 'all' not remade because of errors.

**** Build Finished ****

**** Build of configuration Debug for project lab_1 ****

"C:\\ti\\ccs1271\\ccs\\utils\\bin\\gmake" -k -j 20 all -O 
 
gmake[1]: 'lab_1.out' is up to date.

**** Build Finished ****

**** Build of configuration Debug for project lab_2_3 ****

"C:\\ti\\ccs1271\\ccs\\utils\\bin\\gmake" -k -j 20 all -O 
 
gmake[1]: 'lab_2_3.out' is up to date.

**** Build Finished ****

**** Build of configuration Debug for project lab_2_4 ****

"C:\\ti\\ccs1271\\ccs\\utils\\bin\\gmake" -k -j 20 all -O 
 
Building file: "../movement.c"
Invoking: Arm Compiler
"C:/ti/ccs1271/ccs/tools/compiler/ti-cgt-arm_20.2.7.LTS/bin/armcl" -mv7M4 --code_state=16 --float_support=FPv4SPD16 -me --include_path="U:/cpre_2880/lab_2_4" --include_path="C:/ti/TivaWare_C_Series-2.2.0.295" --include_path="C:/ti/ccs1271/ccs/tools/compiler/ti-cgt-arm_20.2.7.LTS/include" --define=ccs="ccs" --define=PART_TM4C123GH6PM -g --gcc --diag_warning=225 --diag_wrap=off --display_error_number --abi=eabi --preproc_with_compile --preproc_dependency="movement.d_raw"  "../movement.c"
 
>> Compilation failure
subdir_rules.mk:9: recipe for target 'movement.obj' failed
"../movement.c", line 28: error #66: expected a ";"
At end of source: warning #12-D: parsing restarts here after previous syntax error
At end of source: warning #994-D: missing return statement at end of non-void function "move_forward"
At end of source: error #68: expected a "}"
2 errors detected in the compilation of "../movement.c".
gmake: *** [movement.obj] Error 1
gmake: Target 'all' not remade because of errors.

**** Build Finished ****

**** Build of configuration Debug for project lab_1 ****

"C:\\ti\\ccs1271\\ccs\\utils\\bin\\gmake" -k -j 20 all -O 
 
gmake[1]: 'lab_1.out' is up to date.

**** Build Finished ****

**** Build of configuration Debug for project lab_2_3 ****

"C:\\ti\\ccs1271\\ccs\\utils\\bin\\gmake" -k -j 20 all -O 
 
gmake[1]: 'lab_2_3.out' is up to date.

**** Build Finished ****

**** Build of configuration Debug for project lab_2_4 ****

"C:\\ti\\ccs1271\\ccs\\utils\\bin\\gmake" -k -j 20 all -O 
 
Building file: "../movement.c"
Invoking: Arm Compiler
"C:/ti/ccs1271/ccs/tools/compiler/ti-cgt-arm_20.2.7.LTS/bin/armcl" -mv7M4 --code_state=16 --float_support=FPv4SPD16 -me --include_path="U:/cpre_2880/lab_2_4" --include_path="C:/ti/TivaWare_C_Series-2.2.0.295" --include_path="C:/ti/ccs1271/ccs/tools/compiler/ti-cgt-arm_20.2.7.LTS/include" --define=ccs="ccs" --define=PART_TM4C123GH6PM -g --gcc --diag_warning=225 --diag_wrap=off --display_error_number --abi=eabi --preproc_with_compile --preproc_dependency="movement.d_raw"  "../movement.c"
 
>> Compilation failure
subdir_rules.mk:9: recipe for target 'movement.obj' failed
"../movement.c", line 26: warning #994-D: missing return statement at end of non-void function "move_forward"
"../movement.c", line 85: warning #176-D: expression has no effect
"../movement.c", line 85: error #66: expected a ";"
"../movement.c", line 92: warning #12-D: parsing restarts here after previous syntax error
1 error detected in the compilation of "../movement.c".
gmake: *** [movement.obj] Error 1
gmake: Target 'all' not remade because of errors.

**** Build Finished ****

**** Build of configuration Debug for project lab_1 ****

"C:\\ti\\ccs1271\\ccs\\utils\\bin\\gmake" -k -j 20 all -O 
 
gmake[1]: 'lab_1.out' is up to date.

**** Build Finished ****

**** Build of configuration Debug for project lab_2_3 ****

"C:\\ti\\ccs1271\\ccs\\utils\\bin\\gmake" -k -j 20 all -O 
 
gmake[1]: 'lab_2_3.out' is up to date.

**** Build Finished ****

**** Build of configuration Debug for project lab_2_4 ****

"C:\\ti\\ccs1271\\ccs\\utils\\bin\\gmake" -k -j 20 all -O 
 
Building file: "../movement.c"
Invoking: Arm Compiler
"C:/ti/ccs1271/ccs/tools/compiler/ti-cgt-arm_20.2.7.LTS/bin/armcl" -mv7M4 --code_state=16 --float_support=FPv4SPD16 -me --include_path="U:/cpre_2880/lab_2_4" --include_path="C:/ti/TivaWare_C_Series-2.2.0.295" --include_path="C:/ti/ccs1271/ccs/tools/compiler/ti-cgt-arm_20.2.7.LTS/include" --define=ccs="ccs" --define=PART_TM4C123GH6PM -g --gcc --diag_warning=225 --diag_wrap=off --display_error_number --abi=eabi --preproc_with_compile --preproc_dependency="movement.d_raw"  "../movement.c"
"../movement.c", line 26: warning #994-D: missing return statement at end of non-void function "move_forward"
Finished building: "../movement.c"
 
Building target: "lab_2_4.out"
Invoking: Arm Linker
"C:/ti/ccs1271/ccs/tools/compiler/ti-cgt-arm_20.2.7.LTS/bin/armcl" -mv7M4 --code_state=16 --float_support=FPv4SPD16 -me --define=ccs="ccs" --define=PART_TM4C123GH6PM -g --gcc --diag_warning=225 --diag_wrap=off --display_error_number --abi=eabi -z -m"lab_2_4.map" --heap_size=1024 --stack_size=2048 -i"C:/ti/ccs1271/ccs/tools/compiler/ti-cgt-arm_20.2.7.LTS/lib" -i"C:/ti/ccs1271/ccs/tools/compiler/ti-cgt-arm_20.2.7.LTS/include" --reread_libs --diag_wrap=off --display_error_number --warn_sections --xml_link_info="lab_2_4_linkInfo.xml" --rom_model -o "lab_2_4.out" "./Timer.obj" "./lcd.obj" "./main.obj" "./movement.obj" "./open_interface.obj" "./tm4c123gh6pm_startup_ccs.obj" "../libcybotUART.lib" "../tm4c123gh6pm.cmd"  -llibc.a -l"C:/ti/TivaWare_C_Series-2.2.0.295/driverlib/ccs/Debug/driverlib.lib" 
<Linking>
Finished building target: "lab_2_4.out"
 

**** Build Finished ****

**** Build of configuration Debug for project lab_2_4 ****

"C:\\ti\\ccs1271\\ccs\\utils\\bin\\gmake" -k -j 20 all -O 
 
gmake[1]: 'lab_2_4.out' is up to date.

**** Build Finished ****

**** Build of configuration Debug for project lab_2_4 ****

"C:\\ti\\ccs1271\\ccs\\utils\\bin\\gmake" -k -j 20 all -O 
 
gmake[1]: 'lab_2_4.out' is up to date.

**** Build Finished ****

**** Build of configuration Debug for project lab_2_4 ****

"C:\\ti\\ccs1271\\ccs\\utils\\bin\\gmake" -k -j 20 all -O 
 
gmake[1]: 'lab_2_4.out' is up to date.

**** Build Finished ****

**** Build of configuration Debug for project lab_1 ****

"C:\\ti\\ccs1271\\ccs\\utils\\bin\\gmake" -k -j 20 all -O 
 
gmake[1]: 'lab_1.out' is up to date.

**** Build Finished ****

**** Build of configuration Debug for project lab_2_3 ****

"C:\\ti\\ccs1271\\ccs\\utils\\bin\\gmake" -k -j 20 all -O 
 
gmake[1]: 'lab_2_3.out' is up to date.

**** Build Finished ****

**** Build of configuration Debug for project lab_2_4 ****

"C:\\ti\\ccs1271\\ccs\\utils\\bin\\gmake" -k -j 20 all -O 
 
Building file: "../movement.c"
Invoking: Arm Compiler
"C:/ti/ccs1271/ccs/tools/compiler/ti-cgt-arm_20.2.7.LTS/bin/armcl" -mv7M4 --code_state=16 --float_support=FPv4SPD16 -me --include_path="U:/cpre_2880/lab_2_4" --include_path="C:/ti/TivaWare_C_Series-2.2.0.295" --include_path="C:/ti/ccs1271/ccs/tools/compiler/ti-cgt-arm_20.2.7.LTS/include" --define=ccs="ccs" --define=PART_TM4C123GH6PM -g --gcc --diag_warning=225 --diag_wrap=off --display_error_number --abi=eabi --preproc_with_compile --preproc_dependency="movement.d_raw"  "../movement.c"
Finished building: "../movement.c"
 
Building target: "lab_2_4.out"
Invoking: Arm Linker
"C:/ti/ccs1271/ccs/tools/compiler/ti-cgt-arm_20.2.7.LTS/bin/armcl" -mv7M4 --code_state=16 --float_support=FPv4SPD16 -me --define=ccs="ccs" --define=PART_TM4C123GH6PM -g --gcc --diag_warning=225 --diag_wrap=off --display_error_number --abi=eabi -z -m"lab_2_4.map" --heap_size=1024 --stack_size=2048 -i"C:/ti/ccs1271/ccs/tools/compiler/ti-cgt-arm_20.2.7.LTS/lib" -i"C:/ti/ccs1271/ccs/tools/compiler/ti-cgt-arm_20.2.7.LTS/include" --reread_libs --diag_wrap=off --display_error_number --warn_sections --xml_link_info="lab_2_4_linkInfo.xml" --rom_model -o "lab_2_4.out" "./Timer.obj" "./lcd.obj" "./main.obj" "./movement.obj" "./open_interface.obj" "./tm4c123gh6pm_startup_ccs.obj" "../libcybotUART.lib" "../tm4c123gh6pm.cmd"  -llibc.a -l"C:/ti/TivaWare_C_Series-2.2.0.295/driverlib/ccs/Debug/driverlib.lib" 
<Linking>
Finished building target: "lab_2_4.out"
 

**** Build Finished ****

**** Build of configuration Debug for project lab_2_4 ****

"C:\\ti\\ccs1271\\ccs\\utils\\bin\\gmake" -k -j 20 all -O 
 
gmake[1]: 'lab_2_4.out' is up to date.

**** Build Finished ****

**** Build of configuration Debug for project lab_1 ****

"C:\\ti\\ccs1271\\ccs\\utils\\bin\\gmake" -k -j 20 all -O 
 
gmake[1]: 'lab_1.out' is up to date.

**** Build Finished ****

**** Build of configuration Debug for project lab_2_3 ****

"C:\\ti\\ccs1271\\ccs\\utils\\bin\\gmake" -k -j 20 all -O 
 
gmake[1]: 'lab_2_3.out' is up to date.

**** Build Finished ****

**** Build of configuration Debug for project lab_2_4 ****

"C:\\ti\\ccs1271\\ccs\\utils\\bin\\gmake" -k -j 20 all -O 
 
Building file: "../main.c"
Invoking: Arm Compiler
"C:/ti/ccs1271/ccs/tools/compiler/ti-cgt-arm_20.2.7.LTS/bin/armcl" -mv7M4 --code_state=16 --float_support=FPv4SPD16 -me --include_path="U:/cpre_2880/lab_2_4" --include_path="C:/ti/TivaWare_C_Series-2.2.0.295" --include_path="C:/ti/ccs1271/ccs/tools/compiler/ti-cgt-arm_20.2.7.LTS/include" --define=ccs="ccs" --define=PART_TM4C123GH6PM -g --gcc --diag_warning=225 --diag_wrap=off --display_error_number --abi=eabi --preproc_with_compile --preproc_dependency="main.d_raw"  "../main.c"
Finished building: "../main.c"
 
Building target: "lab_2_4.out"
Invoking: Arm Linker
"C:/ti/ccs1271/ccs/tools/compiler/ti-cgt-arm_20.2.7.LTS/bin/armcl" -mv7M4 --code_state=16 --float_support=FPv4SPD16 -me --define=ccs="ccs" --define=PART_TM4C123GH6PM -g --gcc --diag_warning=225 --diag_wrap=off --display_error_number --abi=eabi -z -m"lab_2_4.map" --heap_size=1024 --stack_size=2048 -i"C:/ti/ccs1271/ccs/tools/compiler/ti-cgt-arm_20.2.7.LTS/lib" -i"C:/ti/ccs1271/ccs/tools/compiler/ti-cgt-arm_20.2.7.LTS/include" --reread_libs --diag_wrap=off --display_error_number --warn_sections --xml_link_info="lab_2_4_linkInfo.xml" --rom_model -o "lab_2_4.out" "./Timer.obj" "./lcd.obj" "./main.obj" "./movement.obj" "./open_interface.obj" "./tm4c123gh6pm_startup_ccs.obj" "../libcybotUART.lib" "../tm4c123gh6pm.cmd"  -llibc.a -l"C:/ti/TivaWare_C_Series-2.2.0.295/driverlib/ccs/Debug/driverlib.lib" 
<Linking>
Finished building target: "lab_2_4.out"
 

**** Build Finished ****

**** Build of configuration Debug for project lab_2_4 ****

"C:\\ti\\ccs1271\\ccs\\utils\\bin\\gmake" -k -j 20 all -O 
 
gmake[1]: 'lab_2_4.out' is up to date.

**** Build Finished ****

**** Build of configuration Debug for project lab_1 ****

"C:\\ti\\ccs1271\\ccs\\utils\\bin\\gmake" -k -j 20 all -O 
 
gmake[1]: 'lab_1.out' is up to date.

**** Build Finished ****

**** Build of configuration Debug for project lab_2_3 ****

"C:\\ti\\ccs1271\\ccs\\utils\\bin\\gmake" -k -j 20 all -O 
 
gmake[1]: 'lab_2_3.out' is up to date.

**** Build Finished ****

**** Build of configuration Debug for project lab_2_4 ****

"C:\\ti\\ccs1271\\ccs\\utils\\bin\\gmake" -k -j 20 all -O 
 
Building file: "../main.c"
Invoking: Arm Compiler
"C:/ti/ccs1271/ccs/tools/compiler/ti-cgt-arm_20.2.7.LTS/bin/armcl" -mv7M4 --code_state=16 --float_support=FPv4SPD16 -me --include_path="U:/cpre_2880/lab_2_4" --include_path="C:/ti/TivaWare_C_Series-2.2.0.295" --include_path="C:/ti/ccs1271/ccs/tools/compiler/ti-cgt-arm_20.2.7.LTS/include" --define=ccs="ccs" --define=PART_TM4C123GH6PM -g --gcc --diag_warning=225 --diag_wrap=off --display_error_number --abi=eabi --preproc_with_compile --preproc_dependency="main.d_raw"  "../main.c"
Finished building: "../main.c"
 
Building target: "lab_2_4.out"
Invoking: Arm Linker
"C:/ti/ccs1271/ccs/tools/compiler/ti-cgt-arm_20.2.7.LTS/bin/armcl" -mv7M4 --code_state=16 --float_support=FPv4SPD16 -me --define=ccs="ccs" --define=PART_TM4C123GH6PM -g --gcc --diag_warning=225 --diag_wrap=off --display_error_number --abi=eabi -z -m"lab_2_4.map" --heap_size=1024 --stack_size=2048 -i"C:/ti/ccs1271/ccs/tools/compiler/ti-cgt-arm_20.2.7.LTS/lib" -i"C:/ti/ccs1271/ccs/tools/compiler/ti-cgt-arm_20.2.7.LTS/include" --reread_libs --diag_wrap=off --display_error_number --warn_sections --xml_link_info="lab_2_4_linkInfo.xml" --rom_model -o "lab_2_4.out" "./Timer.obj" "./lcd.obj" "./main.obj" "./movement.obj" "./open_interface.obj" "./tm4c123gh6pm_startup_ccs.obj" "../libcybotUART.lib" "../tm4c123gh6pm.cmd"  -llibc.a -l"C:/ti/TivaWare_C_Series-2.2.0.295/driverlib/ccs/Debug/driverlib.lib" 
<Linking>
Finished building target: "lab_2_4.out"
 

**** Build Finished ****

**** Build of configuration Debug for project lab_2_4 ****

"C:\\ti\\ccs1271\\ccs\\utils\\bin\\gmake" -k -j 20 all -O 
 
gmake[1]: 'lab_2_4.out' is up to date.

**** Build Finished ****

**** Build of configuration Debug for project lab_1 ****

"C:\\ti\\ccs1271\\ccs\\utils\\bin\\gmake" -k -j 20 all -O 
 
gmake[1]: 'lab_1.out' is up to date.

**** Build Finished ****

**** Build of configuration Debug for project lab_2_3 ****

"C:\\ti\\ccs1271\\ccs\\utils\\bin\\gmake" -k -j 20 all -O 
 
gmake[1]: 'lab_2_3.out' is up to date.

**** Build Finished ****

**** Build of configuration Debug for project lab_2_4 ****

"C:\\ti\\ccs1271\\ccs\\utils\\bin\\gmake" -k -j 20 all -O 
 
Building file: "../main.c"
Invoking: Arm Compiler
"C:/ti/ccs1271/ccs/tools/compiler/ti-cgt-arm_20.2.7.LTS/bin/armcl" -mv7M4 --code_state=16 --float_support=FPv4SPD16 -me --include_path="U:/cpre_2880/lab_2_4" --include_path="C:/ti/TivaWare_C_Series-2.2.0.295" --include_path="C:/ti/ccs1271/ccs/tools/compiler/ti-cgt-arm_20.2.7.LTS/include" --define=ccs="ccs" --define=PART_TM4C123GH6PM -g --gcc --diag_warning=225 --diag_wrap=off --display_error_number --abi=eabi --preproc_with_compile --preproc_dependency="main.d_raw"  "../main.c"
Finished building: "../main.c"
 
Building target: "lab_2_4.out"
Invoking: Arm Linker
"C:/ti/ccs1271/ccs/tools/compiler/ti-cgt-arm_20.2.7.LTS/bin/armcl" -mv7M4 --code_state=16 --float_support=FPv4SPD16 -me --define=ccs="ccs" --define=PART_TM4C123GH6PM -g --gcc --diag_warning=225 --diag_wrap=off --display_error_number --abi=eabi -z -m"lab_2_4.map" --heap_size=1024 --stack_size=2048 -i"C:/ti/ccs1271/ccs/tools/compiler/ti-cgt-arm_20.2.7.LTS/lib" -i"C:/ti/ccs1271/ccs/tools/compiler/ti-cgt-arm_20.2.7.LTS/include" --reread_libs --diag_wrap=off --display_error_number --warn_sections --xml_link_info="lab_2_4_linkInfo.xml" --rom_model -o "lab_2_4.out" "./Timer.obj" "./lcd.obj" "./main.obj" "./movement.obj" "./open_interface.obj" "./tm4c123gh6pm_startup_ccs.obj" "../libcybotUART.lib" "../tm4c123gh6pm.cmd"  -llibc.a -l"C:/ti/TivaWare_C_Series-2.2.0.295/driverlib/ccs/Debug/driverlib.lib" 
<Linking>
Finished building target: "lab_2_4.out"
 

**** Build Finished ****

**** Build of configuration Debug for project lab_2_4 ****

"C:\\ti\\ccs1271\\ccs\\utils\\bin\\gmake" -k -j 20 all -O 
 
gmake[1]: 'lab_2_4.out' is up to date.

**** Build Finished ****

**** Build of configuration Debug for project lab_1 ****

"C:\\ti\\ccs1271\\ccs\\utils\\bin\\gmake" -k -j 20 all -O 
 
gmake[1]: 'lab_1.out' is up to date.

**** Build Finished ****

**** Build of configuration Debug for project lab_2_3 ****

"C:\\ti\\ccs1271\\ccs\\utils\\bin\\gmake" -k -j 20 all -O 
 
gmake[1]: 'lab_2_3.out' is up to date.

**** Build Finished ****

**** Build of configuration Debug for project lab_2_4 ****

"C:\\ti\\ccs1271\\ccs\\utils\\bin\\gmake" -k -j 20 all -O 
 
Building file: "../movement.c"
Invoking: Arm Compiler
"C:/ti/ccs1271/ccs/tools/compiler/ti-cgt-arm_20.2.7.LTS/bin/armcl" -mv7M4 --code_state=16 --float_support=FPv4SPD16 -me --include_path="U:/cpre_2880/lab_2_4" --include_path="C:/ti/TivaWare_C_Series-2.2.0.295" --include_path="C:/ti/ccs1271/ccs/tools/compiler/ti-cgt-arm_20.2.7.LTS/include" --define=ccs="ccs" --define=PART_TM4C123GH6PM -g --gcc --diag_warning=225 --diag_wrap=off --display_error_number --abi=eabi --preproc_with_compile --preproc_dependency="movement.d_raw"  "../movement.c"
 
>> Compilation failure
subdir_rules.mk:9: recipe for target 'movement.obj' failed
"../movement.c", line 15: error #29: expected an expression
"../movement.c", line 14: warning #179-D: variable "adj_centimeters" was declared but never referenced
1 error detected in the compilation of "../movement.c".
gmake: *** [movement.obj] Error 1
gmake: Target 'all' not remade because of errors.

**** Build Finished ****

**** Build of configuration Debug for project lab_2_4 ****

"C:\\ti\\ccs1271\\ccs\\utils\\bin\\gmake" -k -j 20 all -O 
 
Building file: "../movement.c"
Invoking: Arm Compiler
"C:/ti/ccs1271/ccs/tools/compiler/ti-cgt-arm_20.2.7.LTS/bin/armcl" -mv7M4 --code_state=16 --float_support=FPv4SPD16 -me --include_path="U:/cpre_2880/lab_2_4" --include_path="C:/ti/TivaWare_C_Series-2.2.0.295" --include_path="C:/ti/ccs1271/ccs/tools/compiler/ti-cgt-arm_20.2.7.LTS/include" --define=ccs="ccs" --define=PART_TM4C123GH6PM -g --gcc --diag_warning=225 --diag_wrap=off --display_error_number --abi=eabi --preproc_with_compile --preproc_dependency="movement.d_raw"  "../movement.c"
 
>> Compilation failure
subdir_rules.mk:9: recipe for target 'movement.obj' failed
"../movement.c", line 15: error #29: expected an expression
"../movement.c", line 14: warning #179-D: variable "adj_centimeters" was declared but never referenced
1 error detected in the compilation of "../movement.c".
gmake: *** [movement.obj] Error 1
gmake: Target 'all' not remade because of errors.

**** Build Finished ****

**** Build of configuration Debug for project lab_1 ****

"C:\\ti\\ccs1271\\ccs\\utils\\bin\\gmake" -k -j 20 all -O 
 
gmake[1]: 'lab_1.out' is up to date.

**** Build Finished ****

**** Build of configuration Debug for project lab_2_3 ****

"C:\\ti\\ccs1271\\ccs\\utils\\bin\\gmake" -k -j 20 all -O 
 
gmake[1]: 'lab_2_3.out' is up to date.

**** Build Finished ****

**** Build of configuration Debug for project lab_2_4 ****

"C:\\ti\\ccs1271\\ccs\\utils\\bin\\gmake" -k -j 20 all -O 
 
Building file: "../movement.c"
Invoking: Arm Compiler
"C:/ti/ccs1271/ccs/tools/compiler/ti-cgt-arm_20.2.7.LTS/bin/armcl" -mv7M4 --code_state=16 --float_support=FPv4SPD16 -me --include_path="U:/cpre_2880/lab_2_4" --include_path="C:/ti/TivaWare_C_Series-2.2.0.295" --include_path="C:/ti/ccs1271/ccs/tools/compiler/ti-cgt-arm_20.2.7.LTS/include" --define=ccs="ccs" --define=PART_TM4C123GH6PM -g --gcc --diag_warning=225 --diag_wrap=off --display_error_number --abi=eabi --preproc_with_compile --preproc_dependency="movement.d_raw"  "../movement.c"
Finished building: "../movement.c"
 
Building target: "lab_2_4.out"
Invoking: Arm Linker
"C:/ti/ccs1271/ccs/tools/compiler/ti-cgt-arm_20.2.7.LTS/bin/armcl" -mv7M4 --code_state=16 --float_support=FPv4SPD16 -me --define=ccs="ccs" --define=PART_TM4C123GH6PM -g --gcc --diag_warning=225 --diag_wrap=off --display_error_number --abi=eabi -z -m"lab_2_4.map" --heap_size=1024 --stack_size=2048 -i"C:/ti/ccs1271/ccs/tools/compiler/ti-cgt-arm_20.2.7.LTS/lib" -i"C:/ti/ccs1271/ccs/tools/compiler/ti-cgt-arm_20.2.7.LTS/include" --reread_libs --diag_wrap=off --display_error_number --warn_sections --xml_link_info="lab_2_4_linkInfo.xml" --rom_model -o "lab_2_4.out" "./Timer.obj" "./lcd.obj" "./main.obj" "./movement.obj" "./open_interface.obj" "./tm4c123gh6pm_startup_ccs.obj" "../libcybotUART.lib" "../tm4c123gh6pm.cmd"  -llibc.a -l"C:/ti/TivaWare_C_Series-2.2.0.295/driverlib/ccs/Debug/driverlib.lib" 
<Linking>
Finished building target: "lab_2_4.out"
 

**** Build Finished ****

**** Build of configuration Debug for project lab_2_4 ****

"C:\\ti\\ccs1271\\ccs\\utils\\bin\\gmake" -k -j 20 all -O 
 
gmake[1]: 'lab_2_4.out' is up to date.

**** Build Finished ****

**** Build of configuration Debug for project lab_2_4 ****

"C:\\ti\\ccs1271\\ccs\\utils\\bin\\gmake" -k -j 20 all -O 
 
gmake[1]: 'lab_2_4.out' is up to date.

**** Build Finished ****

**** Build of configuration Debug for project lab_1 ****

"C:\\ti\\ccs1271\\ccs\\utils\\bin\\gmake" -k -j 20 all -O 
 
gmake[1]: 'lab_1.out' is up to date.

**** Build Finished ****

**** Build of configuration Debug for project lab_2_3 ****

"C:\\ti\\ccs1271\\ccs\\utils\\bin\\gmake" -k -j 20 all -O 
 
gmake[1]: 'lab_2_3.out' is up to date.

**** Build Finished ****

**** Build of configuration Debug for project lab_2_4 ****

"C:\\ti\\ccs1271\\ccs\\utils\\bin\\gmake" -k -j 20 all -O 
 
Building file: "../main.c"
Invoking: Arm Compiler
"C:/ti/ccs1271/ccs/tools/compiler/ti-cgt-arm_20.2.7.LTS/bin/armcl" -mv7M4 --code_state=16 --float_support=FPv4SPD16 -me --include_path="U:/cpre_2880/lab_2_4" --include_path="C:/ti/TivaWare_C_Series-2.2.0.295" --include_path="C:/ti/ccs1271/ccs/tools/compiler/ti-cgt-arm_20.2.7.LTS/include" --define=ccs="ccs" --define=PART_TM4C123GH6PM -g --gcc --diag_warning=225 --diag_wrap=off --display_error_number --abi=eabi --preproc_with_compile --preproc_dependency="main.d_raw"  "../main.c"
Finished building: "../main.c"
 
Building target: "lab_2_4.out"
Invoking: Arm Linker
"C:/ti/ccs1271/ccs/tools/compiler/ti-cgt-arm_20.2.7.LTS/bin/armcl" -mv7M4 --code_state=16 --float_support=FPv4SPD16 -me --define=ccs="ccs" --define=PART_TM4C123GH6PM -g --gcc --diag_warning=225 --diag_wrap=off --display_error_number --abi=eabi -z -m"lab_2_4.map" --heap_size=1024 --stack_size=2048 -i"C:/ti/ccs1271/ccs/tools/compiler/ti-cgt-arm_20.2.7.LTS/lib" -i"C:/ti/ccs1271/ccs/tools/compiler/ti-cgt-arm_20.2.7.LTS/include" --reread_libs --diag_wrap=off --display_error_number --warn_sections --xml_link_info="lab_2_4_linkInfo.xml" --rom_model -o "lab_2_4.out" "./Timer.obj" "./lcd.obj" "./main.obj" "./movement.obj" "./open_interface.obj" "./tm4c123gh6pm_startup_ccs.obj" "../libcybotUART.lib" "../tm4c123gh6pm.cmd"  -llibc.a -l"C:/ti/TivaWare_C_Series-2.2.0.295/driverlib/ccs/Debug/driverlib.lib" 
<Linking>
Finished building target: "lab_2_4.out"
 

**** Build Finished ****

**** Build of configuration Debug for project lab_2_4 ****

"C:\\ti\\ccs1271\\ccs\\utils\\bin\\gmake" -k -j 20 all -O 
 
gmake[1]: 'lab_2_4.out' is up to date.

**** Build Finished ****

**** Build of configuration Debug for project lab_1 ****

"C:\\ti\\ccs1271\\ccs\\utils\\bin\\gmake" -k -j 20 all -O 
 
gmake[1]: 'lab_1.out' is up to date.

**** Build Finished ****

**** Build of configuration Debug for project lab_2_3 ****

"C:\\ti\\ccs1271\\ccs\\utils\\bin\\gmake" -k -j 20 all -O 
 
gmake[1]: 'lab_2_3.out' is up to date.

**** Build Finished ****

**** Build of configuration Debug for project lab_2_4 ****

"C:\\ti\\ccs1271\\ccs\\utils\\bin\\gmake" -k -j 20 all -O 
 
Building file: "../main.c"
Invoking: Arm Compiler
"C:/ti/ccs1271/ccs/tools/compiler/ti-cgt-arm_20.2.7.LTS/bin/armcl" -mv7M4 --code_state=16 --float_support=FPv4SPD16 -me --include_path="U:/cpre_2880/lab_2_4" --include_path="C:/ti/TivaWare_C_Series-2.2.0.295" --include_path="C:/ti/ccs1271/ccs/tools/compiler/ti-cgt-arm_20.2.7.LTS/include" --define=ccs="ccs" --define=PART_TM4C123GH6PM -g --gcc --diag_warning=225 --diag_wrap=off --display_error_number --abi=eabi --preproc_with_compile --preproc_dependency="main.d_raw"  "../main.c"
Finished building: "../main.c"
 
Building target: "lab_2_4.out"
Invoking: Arm Linker
"C:/ti/ccs1271/ccs/tools/compiler/ti-cgt-arm_20.2.7.LTS/bin/armcl" -mv7M4 --code_state=16 --float_support=FPv4SPD16 -me --define=ccs="ccs" --define=PART_TM4C123GH6PM -g --gcc --diag_warning=225 --diag_wrap=off --display_error_number --abi=eabi -z -m"lab_2_4.map" --heap_size=1024 --stack_size=2048 -i"C:/ti/ccs1271/ccs/tools/compiler/ti-cgt-arm_20.2.7.LTS/lib" -i"C:/ti/ccs1271/ccs/tools/compiler/ti-cgt-arm_20.2.7.LTS/include" --reread_libs --diag_wrap=off --display_error_number --warn_sections --xml_link_info="lab_2_4_linkInfo.xml" --rom_model -o "lab_2_4.out" "./Timer.obj" "./lcd.obj" "./main.obj" "./movement.obj" "./open_interface.obj" "./tm4c123gh6pm_startup_ccs.obj" "../libcybotUART.lib" "../tm4c123gh6pm.cmd"  -llibc.a -l"C:/ti/TivaWare_C_Series-2.2.0.295/driverlib/ccs/Debug/driverlib.lib" 
<Linking>
Finished building target: "lab_2_4.out"
 

**** Build Finished ****

**** Build of configuration Debug for project lab_2_4 ****

"C:\\ti\\ccs1271\\ccs\\utils\\bin\\gmake" -k -j 20 all -O 
 
gmake[1]: 'lab_2_4.out' is up to date.

**** Build Finished ****

**** Build of configuration Debug for project lab_1 ****

"C:\\ti\\ccs1271\\ccs\\utils\\bin\\gmake" -k -j 20 all -O 
 
gmake[1]: 'lab_1.out' is up to date.

**** Build Finished ****

**** Build of configuration Debug for project lab_2_3 ****

"C:\\ti\\ccs1271\\ccs\\utils\\bin\\gmake" -k -j 20 all -O 
 
gmake[1]: 'lab_2_3.out' is up to date.

**** Build Finished ****

**** Build of configuration Debug for project lab_2_4 ****

"C:\\ti\\ccs1271\\ccs\\utils\\bin\\gmake" -k -j 20 all -O 
 
Building file: "../movement.c"
Invoking: Arm Compiler
"C:/ti/ccs1271/ccs/tools/compiler/ti-cgt-arm_20.2.7.LTS/bin/armcl" -mv7M4 --code_state=16 --float_support=FPv4SPD16 -me --include_path="U:/cpre_2880/lab_2_4" --include_path="C:/ti/TivaWare_C_Series-2.2.0.295" --include_path="C:/ti/ccs1271/ccs/tools/compiler/ti-cgt-arm_20.2.7.LTS/include" --define=ccs="ccs" --define=PART_TM4C123GH6PM -g --gcc --diag_warning=225 --diag_wrap=off --display_error_number --abi=eabi --preproc_with_compile --preproc_dependency="movement.d_raw"  "../movement.c"
Finished building: "../movement.c"
 
Building target: "lab_2_4.out"
Invoking: Arm Linker
"C:/ti/ccs1271/ccs/tools/compiler/ti-cgt-arm_20.2.7.LTS/bin/armcl" -mv7M4 --code_state=16 --float_support=FPv4SPD16 -me --define=ccs="ccs" --define=PART_TM4C123GH6PM -g --gcc --diag_warning=225 --diag_wrap=off --display_error_number --abi=eabi -z -m"lab_2_4.map" --heap_size=1024 --stack_size=2048 -i"C:/ti/ccs1271/ccs/tools/compiler/ti-cgt-arm_20.2.7.LTS/lib" -i"C:/ti/ccs1271/ccs/tools/compiler/ti-cgt-arm_20.2.7.LTS/include" --reread_libs --diag_wrap=off --display_error_number --warn_sections --xml_link_info="lab_2_4_linkInfo.xml" --rom_model -o "lab_2_4.out" "./Timer.obj" "./lcd.obj" "./main.obj" "./movement.obj" "./open_interface.obj" "./tm4c123gh6pm_startup_ccs.obj" "../libcybotUART.lib" "../tm4c123gh6pm.cmd"  -llibc.a -l"C:/ti/TivaWare_C_Series-2.2.0.295/driverlib/ccs/Debug/driverlib.lib" 
<Linking>
Finished building target: "lab_2_4.out"
 

**** Build Finished ****

**** Build of configuration Debug for project lab_2_4 ****

"C:\\ti\\ccs1271\\ccs\\utils\\bin\\gmake" -k -j 20 all -O 
 
gmake[1]: 'lab_2_4.out' is up to date.

**** Build Finished ****

**** Build of configuration Debug for project lab_1 ****

"C:\\ti\\ccs1271\\ccs\\utils\\bin\\gmake" -k -j 20 all -O 
 
gmake[1]: 'lab_1.out' is up to date.

**** Build Finished ****

**** Build of configuration Debug for project lab_2_3 ****

"C:\\ti\\ccs1271\\ccs\\utils\\bin\\gmake" -k -j 20 all -O 
 
gmake[1]: 'lab_2_3.out' is up to date.

**** Build Finished ****

**** Build of configuration Debug for project lab_2_4 ****

"C:\\ti\\ccs1271\\ccs\\utils\\bin\\gmake" -k -j 20 all -O 
 
Building file: "../movement.c"
Invoking: Arm Compiler
"C:/ti/ccs1271/ccs/tools/compiler/ti-cgt-arm_20.2.7.LTS/bin/armcl" -mv7M4 --code_state=16 --float_support=FPv4SPD16 -me --include_path="U:/cpre_2880/lab_2_4" --include_path="C:/ti/TivaWare_C_Series-2.2.0.295" --include_path="C:/ti/ccs1271/ccs/tools/compiler/ti-cgt-arm_20.2.7.LTS/include" --define=ccs="ccs" --define=PART_TM4C123GH6PM -g --gcc --diag_warning=225 --diag_wrap=off --display_error_number --abi=eabi --preproc_with_compile --preproc_dependency="movement.d_raw"  "../movement.c"
Finished building: "../movement.c"
 
Building target: "lab_2_4.out"
Invoking: Arm Linker
"C:/ti/ccs1271/ccs/tools/compiler/ti-cgt-arm_20.2.7.LTS/bin/armcl" -mv7M4 --code_state=16 --float_support=FPv4SPD16 -me --define=ccs="ccs" --define=PART_TM4C123GH6PM -g --gcc --diag_warning=225 --diag_wrap=off --display_error_number --abi=eabi -z -m"lab_2_4.map" --heap_size=1024 --stack_size=2048 -i"C:/ti/ccs1271/ccs/tools/compiler/ti-cgt-arm_20.2.7.LTS/lib" -i"C:/ti/ccs1271/ccs/tools/compiler/ti-cgt-arm_20.2.7.LTS/include" --reread_libs --diag_wrap=off --display_error_number --warn_sections --xml_link_info="lab_2_4_linkInfo.xml" --rom_model -o "lab_2_4.out" "./Timer.obj" "./lcd.obj" "./main.obj" "./movement.obj" "./open_interface.obj" "./tm4c123gh6pm_startup_ccs.obj" "../libcybotUART.lib" "../tm4c123gh6pm.cmd"  -llibc.a -l"C:/ti/TivaWare_C_Series-2.2.0.295/driverlib/ccs/Debug/driverlib.lib" 
<Linking>
Finished building target: "lab_2_4.out"
 

**** Build Finished ****

**** Build of configuration Debug for project lab_2_4 ****

"C:\\ti\\ccs1271\\ccs\\utils\\bin\\gmake" -k -j 20 all -O 
 
gmake[1]: 'lab_2_4.out' is up to date.

**** Build Finished ****

**** Build of configuration Debug for project lab_1 ****

"C:\\ti\\ccs1271\\ccs\\utils\\bin\\gmake" -k -j 20 all -O 
 
gmake[1]: 'lab_1.out' is up to date.

**** Build Finished ****

**** Build of configuration Debug for project lab_2_3 ****

"C:\\ti\\ccs1271\\ccs\\utils\\bin\\gmake" -k -j 20 all -O 
 
gmake[1]: 'lab_2_3.out' is up to date.

**** Build Finished ****

**** Build of configuration Debug for project lab_2_4 ****

"C:\\ti\\ccs1271\\ccs\\utils\\bin\\gmake" -k -j 20 all -O 
 
gmake[1]: 'lab_2_4.out' is up to date.

**** Build Finished ****

**** Clean-only build of configuration Debug for project lab_2_5 ****

"C:\\ti\\ccs1271\\ccs\\utils\\bin\\gmake" -k -j 20 clean -O 
 
DEL /F  "lab_2_5.out" 
DEL /F "Timer.obj" "lcd.obj" "main.obj" "movement.obj" "open_interface.obj" "tm4c123gh6pm_startup_ccs.obj" 
DEL /F "Timer.d" "lcd.d" "main.d" "movement.d" "open_interface.d" "tm4c123gh6pm_startup_ccs.d" 
Could Not Find U:\cpre_2880\lab_2_5\Debug\lab_2_5.out
Finished clean
 

**** Build Finished ****

**** Build of configuration Debug for project lab_2_5 ****

"C:\\ti\\ccs1271\\ccs\\utils\\bin\\gmake" -k -j 20 all -O 
 
Building file: "../main.c"
Invoking: Arm Compiler
"C:/ti/ccs1271/ccs/tools/compiler/ti-cgt-arm_20.2.7.LTS/bin/armcl" -mv7M4 --code_state=16 --float_support=FPv4SPD16 -me --include_path="U:/cpre_2880/lab_2_5" --include_path="C:/ti/TivaWare_C_Series-2.2.0.295" --include_path="C:/ti/ccs1271/ccs/tools/compiler/ti-cgt-arm_20.2.7.LTS/include" --define=ccs="ccs" --define=PART_TM4C123GH6PM -g --gcc --diag_warning=225 --diag_wrap=off --display_error_number --abi=eabi --preproc_with_compile --preproc_dependency="main.d_raw"  "../main.c"
 
>> Compilation failure
subdir_rules.mk:9: recipe for target 'main.obj' failed
"../main.c", line 21: error #29: expected an expression
"../main.c", line 24: error #29: expected an expression
"../main.c", line 24: error #141: too many arguments in function call
"../main.c", line 18: warning #179-D: variable "test" was declared but never referenced
"../main.c", line 30: error #80: expected a type specifier
"../main.c", line 30: error #80: expected a type specifier
"../main.c", line 30: warning #78-D: this declaration has no storage class or type specifier
"../main.c", line 30: error #148: declaration is incompatible with "void oi_setWheels(int16_t, int16_t)" (declared at line 158 of "..\open_interface.h")
"../main.c", line 31: warning #78-D: this declaration has no storage class or type specifier
"../main.c", line 31: warning #93-D: identifier-list parameters may only be used in a function definition
"../main.c", line 31: error #148: declaration is incompatible with "void oi_free(oi_t *)" (declared at line 137 of "..\open_interface.h")
"../main.c", line 32: error #171: expected a declaration
8 errors detected in the compilation of "../main.c".
gmake: *** [main.obj] Error 1
Building file: "../Timer.c"
Invoking: Arm Compiler
"C:/ti/ccs1271/ccs/tools/compiler/ti-cgt-arm_20.2.7.LTS/bin/armcl" -mv7M4 --code_state=16 --float_support=FPv4SPD16 -me --include_path="U:/cpre_2880/lab_2_5" --include_path="C:/ti/TivaWare_C_Series-2.2.0.295" --include_path="C:/ti/ccs1271/ccs/tools/compiler/ti-cgt-arm_20.2.7.LTS/include" --define=ccs="ccs" --define=PART_TM4C123GH6PM -g --gcc --diag_warning=225 --diag_wrap=off --display_error_number --abi=eabi --preproc_with_compile --preproc_dependency="Timer.d_raw"  "../Timer.c"
Finished building: "../Timer.c"
 
Building file: "../lcd.c"
Invoking: Arm Compiler
"C:/ti/ccs1271/ccs/tools/compiler/ti-cgt-arm_20.2.7.LTS/bin/armcl" -mv7M4 --code_state=16 --float_support=FPv4SPD16 -me --include_path="U:/cpre_2880/lab_2_5" --include_path="C:/ti/TivaWare_C_Series-2.2.0.295" --include_path="C:/ti/ccs1271/ccs/tools/compiler/ti-cgt-arm_20.2.7.LTS/include" --define=ccs="ccs" --define=PART_TM4C123GH6PM -g --gcc --diag_warning=225 --diag_wrap=off --display_error_number --abi=eabi --preproc_with_compile --preproc_dependency="lcd.d_raw"  "../lcd.c"
Finished building: "../lcd.c"
 
Building file: "../tm4c123gh6pm_startup_ccs.c"
Invoking: Arm Compiler
"C:/ti/ccs1271/ccs/tools/compiler/ti-cgt-arm_20.2.7.LTS/bin/armcl" -mv7M4 --code_state=16 --float_support=FPv4SPD16 -me --include_path="U:/cpre_2880/lab_2_5" --include_path="C:/ti/TivaWare_C_Series-2.2.0.295" --include_path="C:/ti/ccs1271/ccs/tools/compiler/ti-cgt-arm_20.2.7.LTS/include" --define=ccs="ccs" --define=PART_TM4C123GH6PM -g --gcc --diag_warning=225 --diag_wrap=off --display_error_number --abi=eabi --preproc_with_compile --preproc_dependency="tm4c123gh6pm_startup_ccs.d_raw"  "../tm4c123gh6pm_startup_ccs.c"
Finished building: "../tm4c123gh6pm_startup_ccs.c"
 
Building file: "../movement.c"
Invoking: Arm Compiler
"C:/ti/ccs1271/ccs/tools/compiler/ti-cgt-arm_20.2.7.LTS/bin/armcl" -mv7M4 --code_state=16 --float_support=FPv4SPD16 -me --include_path="U:/cpre_2880/lab_2_5" --include_path="C:/ti/TivaWare_C_Series-2.2.0.295" --include_path="C:/ti/ccs1271/ccs/tools/compiler/ti-cgt-arm_20.2.7.LTS/include" --define=ccs="ccs" --define=PART_TM4C123GH6PM -g --gcc --diag_warning=225 --diag_wrap=off --display_error_number --abi=eabi --preproc_with_compile --preproc_dependency="movement.d_raw"  "../movement.c"
Finished building: "../movement.c"
 
Building file: "../open_interface.c"
Invoking: Arm Compiler
"C:/ti/ccs1271/ccs/tools/compiler/ti-cgt-arm_20.2.7.LTS/bin/armcl" -mv7M4 --code_state=16 --float_support=FPv4SPD16 -me --include_path="U:/cpre_2880/lab_2_5" --include_path="C:/ti/TivaWare_C_Series-2.2.0.295" --include_path="C:/ti/ccs1271/ccs/tools/compiler/ti-cgt-arm_20.2.7.LTS/include" --define=ccs="ccs" --define=PART_TM4C123GH6PM -g --gcc --diag_warning=225 --diag_wrap=off --display_error_number --abi=eabi --preproc_with_compile --preproc_dependency="open_interface.d_raw"  "../open_interface.c"
"../open_interface.c", line 356: warning #179-D: variable "charging_state" was declared but never referenced
Finished building: "../open_interface.c"
 
gmake: Target 'all' not remade because of errors.

**** Build Finished ****

**** Build of configuration Debug for project lab_1 ****

"C:\\ti\\ccs1271\\ccs\\utils\\bin\\gmake" -k -j 20 all -O 
 
gmake[1]: 'lab_1.out' is up to date.

**** Build Finished ****

**** Build of configuration Debug for project lab_2_3 ****

"C:\\ti\\ccs1271\\ccs\\utils\\bin\\gmake" -k -j 20 all -O 
 
gmake[1]: 'lab_2_3.out' is up to date.

**** Build Finished ****

**** Build of configuration Debug for project lab_2_4 ****

"C:\\ti\\ccs1271\\ccs\\utils\\bin\\gmake" -k -j 20 all -O 
 
gmake[1]: 'lab_2_4.out' is up to date.

**** Build Finished ****

**** Build of configuration Debug for project lab_2_5 ****

"C:\\ti\\ccs1271\\ccs\\utils\\bin\\gmake" -k -j 20 all -O 
 
Building file: "../main.c"
Invoking: Arm Compiler
"C:/ti/ccs1271/ccs/tools/compiler/ti-cgt-arm_20.2.7.LTS/bin/armcl" -mv7M4 --code_state=16 --float_support=FPv4SPD16 -me --include_path="U:/cpre_2880/lab_2_5" --include_path="C:/ti/TivaWare_C_Series-2.2.0.295" --include_path="C:/ti/ccs1271/ccs/tools/compiler/ti-cgt-arm_20.2.7.LTS/include" --define=ccs="ccs" --define=PART_TM4C123GH6PM -g --gcc --diag_warning=225 --diag_wrap=off --display_error_number --abi=eabi --preproc_with_compile --preproc_dependency="main.d_raw"  "../main.c"
 
>> Compilation failure
subdir_rules.mk:9: recipe for target 'main.obj' failed
"../main.c", line 21: warning #169-D: argument of type "char *" is incompatible with parameter of type "char"
"../main.c", line 24: error #29: expected an expression
"../main.c", line 24: error #141: too many arguments in function call
"../main.c", line 30: error #80: expected a type specifier
"../main.c", line 30: error #80: expected a type specifier
"../main.c", line 30: warning #78-D: this declaration has no storage class or type specifier
"../main.c", line 30: error #148: declaration is incompatible with "void oi_setWheels(int16_t, int16_t)" (declared at line 158 of "..\open_interface.h")
"../main.c", line 31: warning #78-D: this declaration has no storage class or type specifier
"../main.c", line 31: warning #93-D: identifier-list parameters may only be used in a function definition
"../main.c", line 31: error #148: declaration is incompatible with "void oi_free(oi_t *)" (declared at line 137 of "..\open_interface.h")
"../main.c", line 32: error #171: expected a declaration
7 errors detected in the compilation of "../main.c".
gmake: *** [main.obj] Error 1
gmake: Target 'all' not remade because of errors.

**** Build Finished ****

**** Build of configuration Debug for project lab_1 ****

"C:\\ti\\ccs1271\\ccs\\utils\\bin\\gmake" -k -j 20 all -O 
 
gmake[1]: 'lab_1.out' is up to date.

**** Build Finished ****

**** Build of configuration Debug for project lab_2_3 ****

"C:\\ti\\ccs1271\\ccs\\utils\\bin\\gmake" -k -j 20 all -O 
 
gmake[1]: 'lab_2_3.out' is up to date.

**** Build Finished ****

**** Build of configuration Debug for project lab_2_4 ****

"C:\\ti\\ccs1271\\ccs\\utils\\bin\\gmake" -k -j 20 all -O 
 
gmake[1]: 'lab_2_4.out' is up to date.

**** Build Finished ****

**** Build of configuration Debug for project lab_2_5 ****

"C:\\ti\\ccs1271\\ccs\\utils\\bin\\gmake" -k -j 20 all -O 
 
Building file: "../main.c"
Invoking: Arm Compiler
"C:/ti/ccs1271/ccs/tools/compiler/ti-cgt-arm_20.2.7.LTS/bin/armcl" -mv7M4 --code_state=16 --float_support=FPv4SPD16 -me --include_path="U:/cpre_2880/lab_2_5" --include_path="C:/ti/TivaWare_C_Series-2.2.0.295" --include_path="C:/ti/ccs1271/ccs/tools/compiler/ti-cgt-arm_20.2.7.LTS/include" --define=ccs="ccs" --define=PART_TM4C123GH6PM -g --gcc --diag_warning=225 --diag_wrap=off --display_error_number --abi=eabi --preproc_with_compile --preproc_dependency="main.d_raw"  "../main.c"
 
>> Compilation failure
subdir_rules.mk:9: recipe for target 'main.obj' failed
"../main.c", line 21: warning #169-D: argument of type "char *" is incompatible with parameter of type "char"
"../main.c", line 30: error #80: expected a type specifier
"../main.c", line 30: error #80: expected a type specifier
"../main.c", line 30: warning #78-D: this declaration has no storage class or type specifier
"../main.c", line 30: error #148: declaration is incompatible with "void oi_setWheels(int16_t, int16_t)" (declared at line 158 of "..\open_interface.h")
"../main.c", line 31: warning #78-D: this declaration has no storage class or type specifier
"../main.c", line 31: warning #93-D: identifier-list parameters may only be used in a function definition
"../main.c", line 31: error #148: declaration is incompatible with "void oi_free(oi_t *)" (declared at line 137 of "..\open_interface.h")
"../main.c", line 32: error #171: expected a declaration
5 errors detected in the compilation of "../main.c".
gmake: *** [main.obj] Error 1
gmake: Target 'all' not remade because of errors.

**** Build Finished ****

**** Build of configuration Debug for project lab_1 ****

"C:\\ti\\ccs1271\\ccs\\utils\\bin\\gmake" -k -j 20 all -O 
 
gmake[1]: 'lab_1.out' is up to date.

**** Build Finished ****

**** Build of configuration Debug for project lab_2_3 ****

"C:\\ti\\ccs1271\\ccs\\utils\\bin\\gmake" -k -j 20 all -O 
 
gmake[1]: 'lab_2_3.out' is up to date.

**** Build Finished ****

**** Build of configuration Debug for project lab_2_4 ****

"C:\\ti\\ccs1271\\ccs\\utils\\bin\\gmake" -k -j 20 all -O 
 
gmake[1]: 'lab_2_4.out' is up to date.

**** Build Finished ****

**** Build of configuration Debug for project lab_2_5 ****

"C:\\ti\\ccs1271\\ccs\\utils\\bin\\gmake" -k -j 20 all -O 
 
Building file: "../main.c"
Invoking: Arm Compiler
"C:/ti/ccs1271/ccs/tools/compiler/ti-cgt-arm_20.2.7.LTS/bin/armcl" -mv7M4 --code_state=16 --float_support=FPv4SPD16 -me --include_path="U:/cpre_2880/lab_2_5" --include_path="C:/ti/TivaWare_C_Series-2.2.0.295" --include_path="C:/ti/ccs1271/ccs/tools/compiler/ti-cgt-arm_20.2.7.LTS/include" --define=ccs="ccs" --define=PART_TM4C123GH6PM -g --gcc --diag_warning=225 --diag_wrap=off --display_error_number --abi=eabi --preproc_with_compile --preproc_dependency="main.d_raw"  "../main.c"
"../main.c", line 21: warning #169-D: argument of type "char *" is incompatible with parameter of type "char"
Finished building: "../main.c"
 
Building target: "lab_2_5.out"
Invoking: Arm Linker
"C:/ti/ccs1271/ccs/tools/compiler/ti-cgt-arm_20.2.7.LTS/bin/armcl" -mv7M4 --code_state=16 --float_support=FPv4SPD16 -me --define=ccs="ccs" --define=PART_TM4C123GH6PM -g --gcc --diag_warning=225 --diag_wrap=off --display_error_number --abi=eabi -z -m"lab_2_5.map" --heap_size=1024 --stack_size=2048 -i"C:/ti/ccs1271/ccs/tools/compiler/ti-cgt-arm_20.2.7.LTS/lib" -i"C:/ti/ccs1271/ccs/tools/compiler/ti-cgt-arm_20.2.7.LTS/include" --reread_libs --diag_wrap=off --display_error_number --warn_sections --xml_link_info="lab_2_5_linkInfo.xml" --rom_model -o "lab_2_5.out" "./Timer.obj" "./lcd.obj" "./main.obj" "./movement.obj" "./open_interface.obj" "./tm4c123gh6pm_startup_ccs.obj" "../libcybotUART.lib" "../tm4c123gh6pm.cmd"  -llibc.a -l"C:/ti/TivaWare_C_Series-2.2.0.295/driverlib/ccs/Debug/driverlib.lib" 
<Linking>
Finished building target: "lab_2_5.out"
 

**** Build Finished ****

**** Build of configuration Debug for project lab_2_5 ****

"C:\\ti\\ccs1271\\ccs\\utils\\bin\\gmake" -k -j 20 all -O 
 
gmake[1]: 'lab_2_5.out' is up to date.

**** Build Finished ****

**** Build of configuration Debug for project lab_2_5 ****

"C:\\ti\\ccs1271\\ccs\\utils\\bin\\gmake" -k -j 20 all -O 
 
gmake[1]: 'lab_2_5.out' is up to date.

**** Build Finished ****

**** Build of configuration Debug for project lab_1 ****

"C:\\ti\\ccs1271\\ccs\\utils\\bin\\gmake" -k -j 20 all -O 
 
gmake[1]: 'lab_1.out' is up to date.

**** Build Finished ****

**** Clean-only build of configuration Debug for project lab_2_2 ****

"C:\\ti\\ccs1271\\ccs\\utils\\bin\\gmake" -k -j 20 clean -O 
 
DEL /F  "lab_2_2.out" 
DEL /F "Timer.obj" "lcd.obj" "main.obj" "movement.obj" "open_interface.obj" "tm4c123gh6pm_startup_ccs.obj" 
DEL /F "Timer.d" "lcd.d" "main.d" "movement.d" "open_interface.d" "tm4c123gh6pm_startup_ccs.d" 
Could Not Find U:\cpre_2880\lab_2_2\Debug\lab_2_2.out
Finished clean
 

**** Build Finished ****

**** Build of configuration Debug for project lab_2_2 ****

"C:\\ti\\ccs1271\\ccs\\utils\\bin\\gmake" -k -j 20 all -O 
 
Building file: "../Timer.c"
Invoking: Arm Compiler
"C:/ti/ccs1271/ccs/tools/compiler/ti-cgt-arm_20.2.7.LTS/bin/armcl" -mv7M4 --code_state=16 --float_support=FPv4SPD16 -me --include_path="U:/cpre_2880/lab_2_2" --include_path="C:/ti/TivaWare_C_Series-2.2.0.295" --include_path="C:/ti/ccs1271/ccs/tools/compiler/ti-cgt-arm_20.2.7.LTS/include" --define=ccs="ccs" --define=PART_TM4C123GH6PM -g --gcc --diag_warning=225 --diag_wrap=off --display_error_number --abi=eabi --preproc_with_compile --preproc_dependency="Timer.d_raw"  "../Timer.c"
Finished building: "../Timer.c"
 
Building file: "../lcd.c"
Invoking: Arm Compiler
"C:/ti/ccs1271/ccs/tools/compiler/ti-cgt-arm_20.2.7.LTS/bin/armcl" -mv7M4 --code_state=16 --float_support=FPv4SPD16 -me --include_path="U:/cpre_2880/lab_2_2" --include_path="C:/ti/TivaWare_C_Series-2.2.0.295" --include_path="C:/ti/ccs1271/ccs/tools/compiler/ti-cgt-arm_20.2.7.LTS/include" --define=ccs="ccs" --define=PART_TM4C123GH6PM -g --gcc --diag_warning=225 --diag_wrap=off --display_error_number --abi=eabi --preproc_with_compile --preproc_dependency="lcd.d_raw"  "../lcd.c"
Finished building: "../lcd.c"
 
Building file: "../tm4c123gh6pm_startup_ccs.c"
Invoking: Arm Compiler
"C:/ti/ccs1271/ccs/tools/compiler/ti-cgt-arm_20.2.7.LTS/bin/armcl" -mv7M4 --code_state=16 --float_support=FPv4SPD16 -me --include_path="U:/cpre_2880/lab_2_2" --include_path="C:/ti/TivaWare_C_Series-2.2.0.295" --include_path="C:/ti/ccs1271/ccs/tools/compiler/ti-cgt-arm_20.2.7.LTS/include" --define=ccs="ccs" --define=PART_TM4C123GH6PM -g --gcc --diag_warning=225 --diag_wrap=off --display_error_number --abi=eabi --preproc_with_compile --preproc_dependency="tm4c123gh6pm_startup_ccs.d_raw"  "../tm4c123gh6pm_startup_ccs.c"
Finished building: "../tm4c123gh6pm_startup_ccs.c"
 
Building file: "../main.c"
Invoking: Arm Compiler
"C:/ti/ccs1271/ccs/tools/compiler/ti-cgt-arm_20.2.7.LTS/bin/armcl" -mv7M4 --code_state=16 --float_support=FPv4SPD16 -me --include_path="U:/cpre_2880/lab_2_2" --include_path="C:/ti/TivaWare_C_Series-2.2.0.295" --include_path="C:/ti/ccs1271/ccs/tools/compiler/ti-cgt-arm_20.2.7.LTS/include" --define=ccs="ccs" --define=PART_TM4C123GH6PM -g --gcc --diag_warning=225 --diag_wrap=off --display_error_number --abi=eabi --preproc_with_compile --preproc_dependency="main.d_raw"  "../main.c"
Finished building: "../main.c"
 
Building file: "../movement.c"
Invoking: Arm Compiler
"C:/ti/ccs1271/ccs/tools/compiler/ti-cgt-arm_20.2.7.LTS/bin/armcl" -mv7M4 --code_state=16 --float_support=FPv4SPD16 -me --include_path="U:/cpre_2880/lab_2_2" --include_path="C:/ti/TivaWare_C_Series-2.2.0.295" --include_path="C:/ti/ccs1271/ccs/tools/compiler/ti-cgt-arm_20.2.7.LTS/include" --define=ccs="ccs" --define=PART_TM4C123GH6PM -g --gcc --diag_warning=225 --diag_wrap=off --display_error_number --abi=eabi --preproc_with_compile --preproc_dependency="movement.d_raw"  "../movement.c"
Finished building: "../movement.c"
 
Building file: "../open_interface.c"
Invoking: Arm Compiler
"C:/ti/ccs1271/ccs/tools/compiler/ti-cgt-arm_20.2.7.LTS/bin/armcl" -mv7M4 --code_state=16 --float_support=FPv4SPD16 -me --include_path="U:/cpre_2880/lab_2_2" --include_path="C:/ti/TivaWare_C_Series-2.2.0.295" --include_path="C:/ti/ccs1271/ccs/tools/compiler/ti-cgt-arm_20.2.7.LTS/include" --define=ccs="ccs" --define=PART_TM4C123GH6PM -g --gcc --diag_warning=225 --diag_wrap=off --display_error_number --abi=eabi --preproc_with_compile --preproc_dependency="open_interface.d_raw"  "../open_interface.c"
"../open_interface.c", line 356: warning #179-D: variable "charging_state" was declared but never referenced
Finished building: "../open_interface.c"
 
Building target: "lab_2_2.out"
Invoking: Arm Linker
"C:/ti/ccs1271/ccs/tools/compiler/ti-cgt-arm_20.2.7.LTS/bin/armcl" -mv7M4 --code_state=16 --float_support=FPv4SPD16 -me --define=ccs="ccs" --define=PART_TM4C123GH6PM -g --gcc --diag_warning=225 --diag_wrap=off --display_error_number --abi=eabi -z -m"lab_2_2.map" --heap_size=1024 --stack_size=2048 -i"C:/ti/ccs1271/ccs/tools/compiler/ti-cgt-arm_20.2.7.LTS/lib" -i"C:/ti/ccs1271/ccs/tools/compiler/ti-cgt-arm_20.2.7.LTS/include" --reread_libs --diag_wrap=off --display_error_number --warn_sections --xml_link_info="lab_2_2_linkInfo.xml" --rom_model -o "lab_2_2.out" "./Timer.obj" "./lcd.obj" "./main.obj" "./movement.obj" "./open_interface.obj" "./tm4c123gh6pm_startup_ccs.obj" "../libcybotUART.lib" "../tm4c123gh6pm.cmd"  -llibc.a -l"C:/ti/TivaWare_C_Series-2.2.0.295/driverlib/ccs/Debug/driverlib.lib" 
<Linking>
Finished building target: "lab_2_2.out"
 

**** Build Finished ****

**** Build of configuration Debug for project lab_2_3 ****

"C:\\ti\\ccs1271\\ccs\\utils\\bin\\gmake" -k -j 20 all -O 
 
Building file: "../main.c"
Invoking: Arm Compiler
"C:/ti/ccs1271/ccs/tools/compiler/ti-cgt-arm_20.2.7.LTS/bin/armcl" -mv7M4 --code_state=16 --float_support=FPv4SPD16 -me --include_path="U:/cpre_2880/lab_2_3" --include_path="C:/ti/TivaWare_C_Series-2.2.0.295" --include_path="C:/ti/ccs1271/ccs/tools/compiler/ti-cgt-arm_20.2.7.LTS/include" --define=ccs="ccs" --define=PART_TM4C123GH6PM -g --gcc --diag_warning=225 --diag_wrap=off --display_error_number --abi=eabi --preproc_with_compile --preproc_dependency="main.d_raw"  "../main.c"
Finished building: "../main.c"
 
Building file: "../movement.c"
Invoking: Arm Compiler
"C:/ti/ccs1271/ccs/tools/compiler/ti-cgt-arm_20.2.7.LTS/bin/armcl" -mv7M4 --code_state=16 --float_support=FPv4SPD16 -me --include_path="U:/cpre_2880/lab_2_3" --include_path="C:/ti/TivaWare_C_Series-2.2.0.295" --include_path="C:/ti/ccs1271/ccs/tools/compiler/ti-cgt-arm_20.2.7.LTS/include" --define=ccs="ccs" --define=PART_TM4C123GH6PM -g --gcc --diag_warning=225 --diag_wrap=off --display_error_number --abi=eabi --preproc_with_compile --preproc_dependency="movement.d_raw"  "../movement.c"
Finished building: "../movement.c"
 
Building target: "lab_2_3.out"
Invoking: Arm Linker
"C:/ti/ccs1271/ccs/tools/compiler/ti-cgt-arm_20.2.7.LTS/bin/armcl" -mv7M4 --code_state=16 --float_support=FPv4SPD16 -me --define=ccs="ccs" --define=PART_TM4C123GH6PM -g --gcc --diag_warning=225 --diag_wrap=off --display_error_number --abi=eabi -z -m"lab_2_3.map" --heap_size=1024 --stack_size=2048 -i"C:/ti/ccs1271/ccs/tools/compiler/ti-cgt-arm_20.2.7.LTS/lib" -i"C:/ti/ccs1271/ccs/tools/compiler/ti-cgt-arm_20.2.7.LTS/include" --reread_libs --diag_wrap=off --display_error_number --warn_sections --xml_link_info="lab_2_3_linkInfo.xml" --rom_model -o "lab_2_3.out" "./Timer.obj" "./lcd.obj" "./main.obj" "./movement.obj" "./open_interface.obj" "./tm4c123gh6pm_startup_ccs.obj" "../libcybotUART.lib" "../tm4c123gh6pm.cmd"  -llibc.a -l"C:/ti/TivaWare_C_Series-2.2.0.295/driverlib/ccs/Debug/driverlib.lib" 
<Linking>
Finished building target: "lab_2_3.out"
 

**** Build Finished ****

**** Build of configuration Debug for project lab_2_4 ****

"C:\\ti\\ccs1271\\ccs\\utils\\bin\\gmake" -k -j 20 all -O 
 
Building file: "../main.c"
Invoking: Arm Compiler
"C:/ti/ccs1271/ccs/tools/compiler/ti-cgt-arm_20.2.7.LTS/bin/armcl" -mv7M4 --code_state=16 --float_support=FPv4SPD16 -me --include_path="U:/cpre_2880/lab_2_4" --include_path="C:/ti/TivaWare_C_Series-2.2.0.295" --include_path="C:/ti/ccs1271/ccs/tools/compiler/ti-cgt-arm_20.2.7.LTS/include" --define=ccs="ccs" --define=PART_TM4C123GH6PM -g --gcc --diag_warning=225 --diag_wrap=off --display_error_number --abi=eabi --preproc_with_compile --preproc_dependency="main.d_raw"  "../main.c"
Finished building: "../main.c"
 
Building file: "../movement.c"
Invoking: Arm Compiler
"C:/ti/ccs1271/ccs/tools/compiler/ti-cgt-arm_20.2.7.LTS/bin/armcl" -mv7M4 --code_state=16 --float_support=FPv4SPD16 -me --include_path="U:/cpre_2880/lab_2_4" --include_path="C:/ti/TivaWare_C_Series-2.2.0.295" --include_path="C:/ti/ccs1271/ccs/tools/compiler/ti-cgt-arm_20.2.7.LTS/include" --define=ccs="ccs" --define=PART_TM4C123GH6PM -g --gcc --diag_warning=225 --diag_wrap=off --display_error_number --abi=eabi --preproc_with_compile --preproc_dependency="movement.d_raw"  "../movement.c"
Finished building: "../movement.c"
 
Building target: "lab_2_4.out"
Invoking: Arm Linker
"C:/ti/ccs1271/ccs/tools/compiler/ti-cgt-arm_20.2.7.LTS/bin/armcl" -mv7M4 --code_state=16 --float_support=FPv4SPD16 -me --define=ccs="ccs" --define=PART_TM4C123GH6PM -g --gcc --diag_warning=225 --diag_wrap=off --display_error_number --abi=eabi -z -m"lab_2_4.map" --heap_size=1024 --stack_size=2048 -i"C:/ti/ccs1271/ccs/tools/compiler/ti-cgt-arm_20.2.7.LTS/lib" -i"C:/ti/ccs1271/ccs/tools/compiler/ti-cgt-arm_20.2.7.LTS/include" --reread_libs --diag_wrap=off --display_error_number --warn_sections --xml_link_info="lab_2_4_linkInfo.xml" --rom_model -o "lab_2_4.out" "./Timer.obj" "./lcd.obj" "./main.obj" "./movement.obj" "./open_interface.obj" "./tm4c123gh6pm_startup_ccs.obj" "../libcybotUART.lib" "../tm4c123gh6pm.cmd"  -llibc.a -l"C:/ti/TivaWare_C_Series-2.2.0.295/driverlib/ccs/Debug/driverlib.lib" 
<Linking>
Finished building target: "lab_2_4.out"
 

**** Build Finished ****

**** Build of configuration Debug for project lab_2_5 ****

"C:\\ti\\ccs1271\\ccs\\utils\\bin\\gmake" -k -j 20 all -O 
 
Building file: "../main.c"
Invoking: Arm Compiler
"C:/ti/ccs1271/ccs/tools/compiler/ti-cgt-arm_20.2.7.LTS/bin/armcl" -mv7M4 --code_state=16 --float_support=FPv4SPD16 -me --include_path="U:/cpre_2880/lab_2_5" --include_path="C:/ti/TivaWare_C_Series-2.2.0.295" --include_path="C:/ti/ccs1271/ccs/tools/compiler/ti-cgt-arm_20.2.7.LTS/include" --define=ccs="ccs" --define=PART_TM4C123GH6PM -g --gcc --diag_warning=225 --diag_wrap=off --display_error_number --abi=eabi --preproc_with_compile --preproc_dependency="main.d_raw"  "../main.c"
Finished building: "../main.c"
 
Building file: "../movement.c"
Invoking: Arm Compiler
"C:/ti/ccs1271/ccs/tools/compiler/ti-cgt-arm_20.2.7.LTS/bin/armcl" -mv7M4 --code_state=16 --float_support=FPv4SPD16 -me --include_path="U:/cpre_2880/lab_2_5" --include_path="C:/ti/TivaWare_C_Series-2.2.0.295" --include_path="C:/ti/ccs1271/ccs/tools/compiler/ti-cgt-arm_20.2.7.LTS/include" --define=ccs="ccs" --define=PART_TM4C123GH6PM -g --gcc --diag_warning=225 --diag_wrap=off --display_error_number --abi=eabi --preproc_with_compile --preproc_dependency="movement.d_raw"  "../movement.c"
Finished building: "../movement.c"
 
Building target: "lab_2_5.out"
Invoking: Arm Linker
"C:/ti/ccs1271/ccs/tools/compiler/ti-cgt-arm_20.2.7.LTS/bin/armcl" -mv7M4 --code_state=16 --float_support=FPv4SPD16 -me --define=ccs="ccs" --define=PART_TM4C123GH6PM -g --gcc --diag_warning=225 --diag_wrap=off --display_error_number --abi=eabi -z -m"lab_2_5.map" --heap_size=1024 --stack_size=2048 -i"C:/ti/ccs1271/ccs/tools/compiler/ti-cgt-arm_20.2.7.LTS/lib" -i"C:/ti/ccs1271/ccs/tools/compiler/ti-cgt-arm_20.2.7.LTS/include" --reread_libs --diag_wrap=off --display_error_number --warn_sections --xml_link_info="lab_2_5_linkInfo.xml" --rom_model -o "lab_2_5.out" "./Timer.obj" "./lcd.obj" "./main.obj" "./movement.obj" "./open_interface.obj" "./tm4c123gh6pm_startup_ccs.obj" "../libcybotUART.lib" "../tm4c123gh6pm.cmd"  -llibc.a -l"C:/ti/TivaWare_C_Series-2.2.0.295/driverlib/ccs/Debug/driverlib.lib" 
<Linking>
Finished building target: "lab_2_5.out"
 

**** Build Finished ****

**** Build of configuration Debug for project lab_2_2 ****

"C:\\ti\\ccs1271\\ccs\\utils\\bin\\gmake" -k -j 20 all -O 
 
gmake[1]: 'lab_2_2.out' is up to date.

**** Build Finished ****

**** Build of configuration Debug for project lab_1 ****

"C:\\ti\\ccs1271\\ccs\\utils\\bin\\gmake" -k -j 20 all -O 
 
gmake[1]: 'lab_1.out' is up to date.

**** Build Finished ****

**** Build of configuration Debug for project lab_2_2 ****

"C:\\ti\\ccs1271\\ccs\\utils\\bin\\gmake" -k -j 20 all -O 
 
gmake[1]: 'lab_2_2.out' is up to date.

**** Build Finished ****

**** Build of configuration Debug for project lab_2_3 ****

"C:\\ti\\ccs1271\\ccs\\utils\\bin\\gmake" -k -j 20 all -O 
 
gmake[1]: 'lab_2_3.out' is up to date.

**** Build Finished ****

**** Build of configuration Debug for project lab_2_4 ****

"C:\\ti\\ccs1271\\ccs\\utils\\bin\\gmake" -k -j 20 all -O 
 
gmake[1]: 'lab_2_4.out' is up to date.

**** Build Finished ****

**** Build of configuration Debug for project lab_2_5 ****

"C:\\ti\\ccs1271\\ccs\\utils\\bin\\gmake" -k -j 20 all -O 
 
gmake[1]: 'lab_2_5.out' is up to date.

**** Build Finished ****

**** Build of configuration Debug for project lab_2_2 ****

"C:\\ti\\ccs1271\\ccs\\utils\\bin\\gmake" -k -j 20 all -O 
 
gmake[1]: 'lab_2_2.out' is up to date.

**** Build Finished ****

**** Build of configuration Debug for project lab_2_2 ****

"C:\\ti\\ccs1271\\ccs\\utils\\bin\\gmake" -k -j 20 all -O 
 
gmake[1]: 'lab_2_2.out' is up to date.

**** Build Finished ****

**** Build of configuration Debug for project lab_1 ****

"C:\\ti\\ccs1271\\ccs\\utils\\bin\\gmake" -k -j 20 all -O 
 
gmake[1]: 'lab_1.out' is up to date.

**** Build Finished ****

**** Build of configuration Debug for project lab_2_2 ****

"C:\\ti\\ccs1271\\ccs\\utils\\bin\\gmake" -k -j 20 all -O 
 
gmake[1]: 'lab_2_2.out' is up to date.

**** Build Finished ****

**** Build of configuration Debug for project lab_2_3 ****

"C:\\ti\\ccs1271\\ccs\\utils\\bin\\gmake" -k -j 20 all -O 
 
gmake[1]: 'lab_2_3.out' is up to date.

**** Build Finished ****

**** Build of configuration Debug for project lab_2_4 ****

"C:\\ti\\ccs1271\\ccs\\utils\\bin\\gmake" -k -j 20 all -O 
 
gmake[1]: 'lab_2_4.out' is up to date.

**** Build Finished ****

**** Build of configuration Debug for project lab_2_5 ****

"C:\\ti\\ccs1271\\ccs\\utils\\bin\\gmake" -k -j 20 all -O 
 
gmake[1]: 'lab_2_5.out' is up to date.

**** Build Finished ****

**** Build of configuration Debug for project lab_2_3 ****

"C:\\ti\\ccs1271\\ccs\\utils\\bin\\gmake" -k -j 20 all -O 
 
gmake[1]: 'lab_2_3.out' is up to date.

**** Build Finished ****

**** Build of configuration Debug for project lab_1 ****

"C:\\ti\\ccs1271\\ccs\\utils\\bin\\gmake" -k -j 20 all -O 
 
gmake[1]: 'lab_1.out' is up to date.

**** Build Finished ****

**** Build of configuration Debug for project lab_2_2 ****

"C:\\ti\\ccs1271\\ccs\\utils\\bin\\gmake" -k -j 20 all -O 
 
gmake[1]: 'lab_2_2.out' is up to date.

**** Build Finished ****

**** Build of configuration Debug for project lab_2_3 ****

"C:\\ti\\ccs1271\\ccs\\utils\\bin\\gmake" -k -j 20 all -O 
 
gmake[1]: 'lab_2_3.out' is up to date.

**** Build Finished ****

**** Build of configuration Debug for project lab_2_4 ****

"C:\\ti\\ccs1271\\ccs\\utils\\bin\\gmake" -k -j 20 all -O 
 
gmake[1]: 'lab_2_4.out' is up to date.

**** Build Finished ****

**** Build of configuration Debug for project lab_2_5 ****

"C:\\ti\\ccs1271\\ccs\\utils\\bin\\gmake" -k -j 20 all -O 
 
gmake[1]: 'lab_2_5.out' is up to date.

**** Build Finished ****

**** Build of configuration Debug for project lab_2_4 ****

"C:\\ti\\ccs1271\\ccs\\utils\\bin\\gmake" -k -j 20 all -O 
 
gmake[1]: 'lab_2_4.out' is up to date.

**** Build Finished ****

**** Build of configuration Debug for project lab_1 ****

"C:\\ti\\ccs1271\\ccs\\utils\\bin\\gmake" -k -j 20 all -O 
 
gmake[1]: 'lab_1.out' is up to date.

**** Build Finished ****

**** Build of configuration Debug for project lab_2_2 ****

"C:\\ti\\ccs1271\\ccs\\utils\\bin\\gmake" -k -j 20 all -O 
 
gmake[1]: 'lab_2_2.out' is up to date.

**** Build Finished ****

**** Build of configuration Debug for project lab_2_3 ****

"C:\\ti\\ccs1271\\ccs\\utils\\bin\\gmake" -k -j 20 all -O 
 
gmake[1]: 'lab_2_3.out' is up to date.

**** Build Finished ****

**** Build of configuration Debug for project lab_2_4 ****

"C:\\ti\\ccs1271\\ccs\\utils\\bin\\gmake" -k -j 20 all -O 
 
Building file: "../main.c"
Invoking: Arm Compiler
"C:/ti/ccs1271/ccs/tools/compiler/ti-cgt-arm_20.2.7.LTS/bin/armcl" -mv7M4 --code_state=16 --float_support=FPv4SPD16 -me --include_path="U:/cpre_2880/lab_2_4" --include_path="C:/ti/TivaWare_C_Series-2.2.0.295" --include_path="C:/ti/ccs1271/ccs/tools/compiler/ti-cgt-arm_20.2.7.LTS/include" --define=ccs="ccs" --define=PART_TM4C123GH6PM -g --gcc --diag_warning=225 --diag_wrap=off --display_error_number --abi=eabi --preproc_with_compile --preproc_dependency="main.d_raw"  "../main.c"
"../main.c", line 31: warning #1-D: last line of file ends without a newline
Finished building: "../main.c"
 
Building target: "lab_2_4.out"
Invoking: Arm Linker
"C:/ti/ccs1271/ccs/tools/compiler/ti-cgt-arm_20.2.7.LTS/bin/armcl" -mv7M4 --code_state=16 --float_support=FPv4SPD16 -me --define=ccs="ccs" --define=PART_TM4C123GH6PM -g --gcc --diag_warning=225 --diag_wrap=off --display_error_number --abi=eabi -z -m"lab_2_4.map" --heap_size=1024 --stack_size=2048 -i"C:/ti/ccs1271/ccs/tools/compiler/ti-cgt-arm_20.2.7.LTS/lib" -i"C:/ti/ccs1271/ccs/tools/compiler/ti-cgt-arm_20.2.7.LTS/include" --reread_libs --diag_wrap=off --display_error_number --warn_sections --xml_link_info="lab_2_4_linkInfo.xml" --rom_model -o "lab_2_4.out" "./Timer.obj" "./lcd.obj" "./main.obj" "./movement.obj" "./open_interface.obj" "./tm4c123gh6pm_startup_ccs.obj" "../libcybotUART.lib" "../tm4c123gh6pm.cmd"  -llibc.a -l"C:/ti/TivaWare_C_Series-2.2.0.295/driverlib/ccs/Debug/driverlib.lib" 
<Linking>
Finished building target: "lab_2_4.out"
 

**** Build Finished ****

**** Build of configuration Debug for project lab_2_5 ****

"C:\\ti\\ccs1271\\ccs\\utils\\bin\\gmake" -k -j 20 all -O 
 
gmake[1]: 'lab_2_5.out' is up to date.

**** Build Finished ****

**** Build of configuration Debug for project lab_2_4 ****

"C:\\ti\\ccs1271\\ccs\\utils\\bin\\gmake" -k -j 20 all -O 
 
gmake[1]: 'lab_2_4.out' is up to date.

**** Build Finished ****

**** Build of configuration Debug for project lab_1 ****

"C:\\ti\\ccs1271\\ccs\\utils\\bin\\gmake" -k -j 20 all -O 
 
gmake[1]: 'lab_1.out' is up to date.

**** Build Finished ****

**** Build of configuration Debug for project lab_2_2 ****

"C:\\ti\\ccs1271\\ccs\\utils\\bin\\gmake" -k -j 20 all -O 
 
gmake[1]: 'lab_2_2.out' is up to date.

**** Build Finished ****

**** Build of configuration Debug for project lab_2_3 ****

"C:\\ti\\ccs1271\\ccs\\utils\\bin\\gmake" -k -j 20 all -O 
 
gmake[1]: 'lab_2_3.out' is up to date.

**** Build Finished ****

**** Build of configuration Debug for project lab_2_4 ****

"C:\\ti\\ccs1271\\ccs\\utils\\bin\\gmake" -k -j 20 all -O 
 
Building file: "../movement.c"
Invoking: Arm Compiler
"C:/ti/ccs1271/ccs/tools/compiler/ti-cgt-arm_20.2.7.LTS/bin/armcl" -mv7M4 --code_state=16 --float_support=FPv4SPD16 -me --include_path="U:/cpre_2880/lab_2_4" --include_path="C:/ti/TivaWare_C_Series-2.2.0.295" --include_path="C:/ti/ccs1271/ccs/tools/compiler/ti-cgt-arm_20.2.7.LTS/include" --define=ccs="ccs" --define=PART_TM4C123GH6PM -g --gcc --diag_warning=225 --diag_wrap=off --display_error_number --abi=eabi --preproc_with_compile --preproc_dependency="movement.d_raw"  "../movement.c"
"../movement.c", line 14: warning #176-D: expression has no effect
Finished building: "../movement.c"
 
Building target: "lab_2_4.out"
Invoking: Arm Linker
"C:/ti/ccs1271/ccs/tools/compiler/ti-cgt-arm_20.2.7.LTS/bin/armcl" -mv7M4 --code_state=16 --float_support=FPv4SPD16 -me --define=ccs="ccs" --define=PART_TM4C123GH6PM -g --gcc --diag_warning=225 --diag_wrap=off --display_error_number --abi=eabi -z -m"lab_2_4.map" --heap_size=1024 --stack_size=2048 -i"C:/ti/ccs1271/ccs/tools/compiler/ti-cgt-arm_20.2.7.LTS/lib" -i"C:/ti/ccs1271/ccs/tools/compiler/ti-cgt-arm_20.2.7.LTS/include" --reread_libs --diag_wrap=off --display_error_number --warn_sections --xml_link_info="lab_2_4_linkInfo.xml" --rom_model -o "lab_2_4.out" "./Timer.obj" "./lcd.obj" "./main.obj" "./movement.obj" "./open_interface.obj" "./tm4c123gh6pm_startup_ccs.obj" "../libcybotUART.lib" "../tm4c123gh6pm.cmd"  -llibc.a -l"C:/ti/TivaWare_C_Series-2.2.0.295/driverlib/ccs/Debug/driverlib.lib" 
<Linking>
Finished building target: "lab_2_4.out"
 

**** Build Finished ****

**** Build of configuration Debug for project lab_2_5 ****

"C:\\ti\\ccs1271\\ccs\\utils\\bin\\gmake" -k -j 20 all -O 
 
gmake[1]: 'lab_2_5.out' is up to date.

**** Build Finished ****

**** Build of configuration Debug for project lab_2_4 ****

"C:\\ti\\ccs1271\\ccs\\utils\\bin\\gmake" -k -j 20 all -O 
 
gmake[1]: 'lab_2_4.out' is up to date.

**** Build Finished ****

**** Build of configuration Debug for project lab_1 ****

"C:\\ti\\ccs1271\\ccs\\utils\\bin\\gmake" -k -j 20 all -O 
 
gmake[1]: 'lab_1.out' is up to date.

**** Build Finished ****

**** Build of configuration Debug for project lab_2_2 ****

"C:\\ti\\ccs1271\\ccs\\utils\\bin\\gmake" -k -j 20 all -O 
 
gmake[1]: 'lab_2_2.out' is up to date.

**** Build Finished ****

**** Build of configuration Debug for project lab_2_3 ****

"C:\\ti\\ccs1271\\ccs\\utils\\bin\\gmake" -k -j 20 all -O 
 
gmake[1]: 'lab_2_3.out' is up to date.

**** Build Finished ****

**** Build of configuration Debug for project lab_2_4 ****

"C:\\ti\\ccs1271\\ccs\\utils\\bin\\gmake" -k -j 20 all -O 
 
Building file: "../movement.c"
Invoking: Arm Compiler
"C:/ti/ccs1271/ccs/tools/compiler/ti-cgt-arm_20.2.7.LTS/bin/armcl" -mv7M4 --code_state=16 --float_support=FPv4SPD16 -me --include_path="U:/cpre_2880/lab_2_4" --include_path="C:/ti/TivaWare_C_Series-2.2.0.295" --include_path="C:/ti/ccs1271/ccs/tools/compiler/ti-cgt-arm_20.2.7.LTS/include" --define=ccs="ccs" --define=PART_TM4C123GH6PM -g --gcc --diag_warning=225 --diag_wrap=off --display_error_number --abi=eabi --preproc_with_compile --preproc_dependency="movement.d_raw"  "../movement.c"
"../movement.c", line 14: warning #176-D: expression has no effect
Finished building: "../movement.c"
 
Building target: "lab_2_4.out"
Invoking: Arm Linker
"C:/ti/ccs1271/ccs/tools/compiler/ti-cgt-arm_20.2.7.LTS/bin/armcl" -mv7M4 --code_state=16 --float_support=FPv4SPD16 -me --define=ccs="ccs" --define=PART_TM4C123GH6PM -g --gcc --diag_warning=225 --diag_wrap=off --display_error_number --abi=eabi -z -m"lab_2_4.map" --heap_size=1024 --stack_size=2048 -i"C:/ti/ccs1271/ccs/tools/compiler/ti-cgt-arm_20.2.7.LTS/lib" -i"C:/ti/ccs1271/ccs/tools/compiler/ti-cgt-arm_20.2.7.LTS/include" --reread_libs --diag_wrap=off --display_error_number --warn_sections --xml_link_info="lab_2_4_linkInfo.xml" --rom_model -o "lab_2_4.out" "./Timer.obj" "./lcd.obj" "./main.obj" "./movement.obj" "./open_interface.obj" "./tm4c123gh6pm_startup_ccs.obj" "../libcybotUART.lib" "../tm4c123gh6pm.cmd"  -llibc.a -l"C:/ti/TivaWare_C_Series-2.2.0.295/driverlib/ccs/Debug/driverlib.lib" 
<Linking>
Finished building target: "lab_2_4.out"
 

**** Build Finished ****

**** Build of configuration Debug for project lab_2_5 ****

"C:\\ti\\ccs1271\\ccs\\utils\\bin\\gmake" -k -j 20 all -O 
 
gmake[1]: 'lab_2_5.out' is up to date.

**** Build Finished ****

**** Build of configuration Debug for project lab_2_4 ****

"C:\\ti\\ccs1271\\ccs\\utils\\bin\\gmake" -k -j 20 all -O 
 
gmake[1]: 'lab_2_4.out' is up to date.

**** Build Finished ****

**** Build of configuration Debug for project lab_1 ****

"C:\\ti\\ccs1271\\ccs\\utils\\bin\\gmake" -k -j 20 all -O 
 
gmake[1]: 'lab_1.out' is up to date.

**** Build Finished ****

**** Build of configuration Debug for project lab_2_2 ****

"C:\\ti\\ccs1271\\ccs\\utils\\bin\\gmake" -k -j 20 all -O 
 
gmake[1]: 'lab_2_2.out' is up to date.

**** Build Finished ****

**** Build of configuration Debug for project lab_2_3 ****

"C:\\ti\\ccs1271\\ccs\\utils\\bin\\gmake" -k -j 20 all -O 
 
gmake[1]: 'lab_2_3.out' is up to date.

**** Build Finished ****

**** Build of configuration Debug for project lab_2_4 ****

"C:\\ti\\ccs1271\\ccs\\utils\\bin\\gmake" -k -j 20 all -O 
 
Building file: "../main.c"
Invoking: Arm Compiler
"C:/ti/ccs1271/ccs/tools/compiler/ti-cgt-arm_20.2.7.LTS/bin/armcl" -mv7M4 --code_state=16 --float_support=FPv4SPD16 -me --include_path="U:/cpre_2880/lab_2_4" --include_path="C:/ti/TivaWare_C_Series-2.2.0.295" --include_path="C:/ti/ccs1271/ccs/tools/compiler/ti-cgt-arm_20.2.7.LTS/include" --define=ccs="ccs" --define=PART_TM4C123GH6PM -g --gcc --diag_warning=225 --diag_wrap=off --display_error_number --abi=eabi --preproc_with_compile --preproc_dependency="main.d_raw"  "../main.c"
Finished building: "../main.c"
 
Building file: "../movement.c"
Invoking: Arm Compiler
"C:/ti/ccs1271/ccs/tools/compiler/ti-cgt-arm_20.2.7.LTS/bin/armcl" -mv7M4 --code_state=16 --float_support=FPv4SPD16 -me --include_path="U:/cpre_2880/lab_2_4" --include_path="C:/ti/TivaWare_C_Series-2.2.0.295" --include_path="C:/ti/ccs1271/ccs/tools/compiler/ti-cgt-arm_20.2.7.LTS/include" --define=ccs="ccs" --define=PART_TM4C123GH6PM -g --gcc --diag_warning=225 --diag_wrap=off --display_error_number --abi=eabi --preproc_with_compile --preproc_dependency="movement.d_raw"  "../movement.c"
Finished building: "../movement.c"
 
Building target: "lab_2_4.out"
Invoking: Arm Linker
"C:/ti/ccs1271/ccs/tools/compiler/ti-cgt-arm_20.2.7.LTS/bin/armcl" -mv7M4 --code_state=16 --float_support=FPv4SPD16 -me --define=ccs="ccs" --define=PART_TM4C123GH6PM -g --gcc --diag_warning=225 --diag_wrap=off --display_error_number --abi=eabi -z -m"lab_2_4.map" --heap_size=1024 --stack_size=2048 -i"C:/ti/ccs1271/ccs/tools/compiler/ti-cgt-arm_20.2.7.LTS/lib" -i"C:/ti/ccs1271/ccs/tools/compiler/ti-cgt-arm_20.2.7.LTS/include" --reread_libs --diag_wrap=off --display_error_number --warn_sections --xml_link_info="lab_2_4_linkInfo.xml" --rom_model -o "lab_2_4.out" "./Timer.obj" "./lcd.obj" "./main.obj" "./movement.obj" "./open_interface.obj" "./tm4c123gh6pm_startup_ccs.obj" "../libcybotUART.lib" "../tm4c123gh6pm.cmd"  -llibc.a -l"C:/ti/TivaWare_C_Series-2.2.0.295/driverlib/ccs/Debug/driverlib.lib" 
<Linking>
Finished building target: "lab_2_4.out"
 

**** Build Finished ****

**** Build of configuration Debug for project lab_2_5 ****

"C:\\ti\\ccs1271\\ccs\\utils\\bin\\gmake" -k -j 20 all -O 
 
gmake[1]: 'lab_2_5.out' is up to date.

**** Build Finished ****

**** Build of configuration Debug for project lab_2_4 ****

"C:\\ti\\ccs1271\\ccs\\utils\\bin\\gmake" -k -j 20 all -O 
 
gmake[1]: 'lab_2_4.out' is up to date.

**** Build Finished ****

**** Build of configuration Debug for project lab_2_4 ****

"C:\\ti\\ccs1271\\ccs\\utils\\bin\\gmake" -k -j 20 all -O 
 
Building file: "../main.c"
Invoking: Arm Compiler
"C:/ti/ccs1271/ccs/tools/compiler/ti-cgt-arm_20.2.7.LTS/bin/armcl" -mv7M4 --code_state=16 --float_support=FPv4SPD16 -me --include_path="U:/cpre_2880/lab_2_4" --include_path="C:/ti/TivaWare_C_Series-2.2.0.295" --include_path="C:/ti/ccs1271/ccs/tools/compiler/ti-cgt-arm_20.2.7.LTS/include" --define=ccs="ccs" --define=PART_TM4C123GH6PM -g --gcc --diag_warning=225 --diag_wrap=off --display_error_number --abi=eabi --preproc_with_compile --preproc_dependency="main.d_raw"  "../main.c"
Finished building: "../main.c"
 
Building file: "../movement.c"
Invoking: Arm Compiler
"C:/ti/ccs1271/ccs/tools/compiler/ti-cgt-arm_20.2.7.LTS/bin/armcl" -mv7M4 --code_state=16 --float_support=FPv4SPD16 -me --include_path="U:/cpre_2880/lab_2_4" --include_path="C:/ti/TivaWare_C_Series-2.2.0.295" --include_path="C:/ti/ccs1271/ccs/tools/compiler/ti-cgt-arm_20.2.7.LTS/include" --define=ccs="ccs" --define=PART_TM4C123GH6PM -g --gcc --diag_warning=225 --diag_wrap=off --display_error_number --abi=eabi --preproc_with_compile --preproc_dependency="movement.d_raw"  "../movement.c"
Finished building: "../movement.c"
 
Building target: "lab_2_4.out"
Invoking: Arm Linker
"C:/ti/ccs1271/ccs/tools/compiler/ti-cgt-arm_20.2.7.LTS/bin/armcl" -mv7M4 --code_state=16 --float_support=FPv4SPD16 -me --define=ccs="ccs" --define=PART_TM4C123GH6PM -g --gcc --diag_warning=225 --diag_wrap=off --display_error_number --abi=eabi -z -m"lab_2_4.map" --heap_size=1024 --stack_size=2048 -i"C:/ti/ccs1271/ccs/tools/compiler/ti-cgt-arm_20.2.7.LTS/lib" -i"C:/ti/ccs1271/ccs/tools/compiler/ti-cgt-arm_20.2.7.LTS/include" --reread_libs --diag_wrap=off --display_error_number --warn_sections --xml_link_info="lab_2_4_linkInfo.xml" --rom_model -o "lab_2_4.out" "./Timer.obj" "./lcd.obj" "./main.obj" "./movement.obj" "./open_interface.obj" "./tm4c123gh6pm_startup_ccs.obj" "../libcybotUART.lib" "../tm4c123gh6pm.cmd"  -llibc.a -l"C:/ti/TivaWare_C_Series-2.2.0.295/driverlib/ccs/Debug/driverlib.lib" 
<Linking>
Finished building target: "lab_2_4.out"
 

**** Build Finished ****

**** Build of configuration Debug for project lab_1 ****

"C:\\ti\\ccs1271\\ccs\\utils\\bin\\gmake" -k -j 20 all -O 
 
gmake[1]: 'lab_1.out' is up to date.

**** Build Finished ****

**** Build of configuration Debug for project lab_2_2 ****

"C:\\ti\\ccs1271\\ccs\\utils\\bin\\gmake" -k -j 20 all -O 
 
gmake[1]: 'lab_2_2.out' is up to date.

**** Build Finished ****

**** Build of configuration Debug for project lab_2_3 ****

"C:\\ti\\ccs1271\\ccs\\utils\\bin\\gmake" -k -j 20 all -O 
 
gmake[1]: 'lab_2_3.out' is up to date.

**** Build Finished ****

**** Build of configuration Debug for project lab_2_4 ****

"C:\\ti\\ccs1271\\ccs\\utils\\bin\\gmake" -k -j 20 all -O 
 
Building file: "../main.c"
Invoking: Arm Compiler
"C:/ti/ccs1271/ccs/tools/compiler/ti-cgt-arm_20.2.7.LTS/bin/armcl" -mv7M4 --code_state=16 --float_support=FPv4SPD16 -me --include_path="U:/cpre_2880/lab_2_4" --include_path="C:/ti/TivaWare_C_Series-2.2.0.295" --include_path="C:/ti/ccs1271/ccs/tools/compiler/ti-cgt-arm_20.2.7.LTS/include" --define=ccs="ccs" --define=PART_TM4C123GH6PM -g --gcc --diag_warning=225 --diag_wrap=off --display_error_number --abi=eabi --preproc_with_compile --preproc_dependency="main.d_raw"  "../main.c"
Finished building: "../main.c"
 
Building target: "lab_2_4.out"
Invoking: Arm Linker
"C:/ti/ccs1271/ccs/tools/compiler/ti-cgt-arm_20.2.7.LTS/bin/armcl" -mv7M4 --code_state=16 --float_support=FPv4SPD16 -me --define=ccs="ccs" --define=PART_TM4C123GH6PM -g --gcc --diag_warning=225 --diag_wrap=off --display_error_number --abi=eabi -z -m"lab_2_4.map" --heap_size=1024 --stack_size=2048 -i"C:/ti/ccs1271/ccs/tools/compiler/ti-cgt-arm_20.2.7.LTS/lib" -i"C:/ti/ccs1271/ccs/tools/compiler/ti-cgt-arm_20.2.7.LTS/include" --reread_libs --diag_wrap=off --display_error_number --warn_sections --xml_link_info="lab_2_4_linkInfo.xml" --rom_model -o "lab_2_4.out" "./Timer.obj" "./lcd.obj" "./main.obj" "./movement.obj" "./open_interface.obj" "./tm4c123gh6pm_startup_ccs.obj" "../libcybotUART.lib" "../tm4c123gh6pm.cmd"  -llibc.a -l"C:/ti/TivaWare_C_Series-2.2.0.295/driverlib/ccs/Debug/driverlib.lib" 
<Linking>
Finished building target: "lab_2_4.out"
 

**** Build Finished ****

**** Build of configuration Debug for project lab_2_5 ****

"C:\\ti\\ccs1271\\ccs\\utils\\bin\\gmake" -k -j 20 all -O 
 
gmake[1]: 'lab_2_5.out' is up to date.

**** Build Finished ****

**** Build of configuration Debug for project lab_2_4 ****

"C:\\ti\\ccs1271\\ccs\\utils\\bin\\gmake" -k -j 20 all -O 
 
gmake[1]: 'lab_2_4.out' is up to date.

**** Build Finished ****

**** Build of configuration Debug for project lab_1 ****

"C:\\ti\\ccs1271\\ccs\\utils\\bin\\gmake" -k -j 20 all -O 
 
gmake[1]: 'lab_1.out' is up to date.

**** Build Finished ****

**** Build of configuration Debug for project lab_2_2 ****

"C:\\ti\\ccs1271\\ccs\\utils\\bin\\gmake" -k -j 20 all -O 
 
gmake[1]: 'lab_2_2.out' is up to date.

**** Build Finished ****

**** Build of configuration Debug for project lab_2_3 ****

"C:\\ti\\ccs1271\\ccs\\utils\\bin\\gmake" -k -j 20 all -O 
 
gmake[1]: 'lab_2_3.out' is up to date.

**** Build Finished ****

**** Build of configuration Debug for project lab_2_4 ****

"C:\\ti\\ccs1271\\ccs\\utils\\bin\\gmake" -k -j 20 all -O 
 
gmake[1]: 'lab_2_4.out' is up to date.

**** Build Finished ****

**** Build of configuration Debug for project lab_2_5 ****

"C:\\ti\\ccs1271\\ccs\\utils\\bin\\gmake" -k -j 20 all -O 
 
gmake[1]: 'lab_2_5.out' is up to date.

**** Build Finished ****

**** Build of configuration Debug for project lab_2_5 ****

"C:\\ti\\ccs1271\\ccs\\utils\\bin\\gmake" -k -j 20 all -O 
 
gmake[1]: 'lab_2_5.out' is up to date.

**** Build Finished ****

**** Build of configuration Debug for project lab_2_5 ****

"C:\\ti\\ccs1271\\ccs\\utils\\bin\\gmake" -k -j 20 all -O 
 
gmake[1]: 'lab_2_5.out' is up to date.

**** Build Finished ****

**** Build of configuration Debug for project lab_1 ****

"C:\\ti\\ccs1271\\ccs\\utils\\bin\\gmake" -k -j 20 all -O 
 
gmake[1]: 'lab_1.out' is up to date.

**** Build Finished ****

**** Build of configuration Debug for project lab_2_2 ****

"C:\\ti\\ccs1271\\ccs\\utils\\bin\\gmake" -k -j 20 all -O 
 
gmake[1]: 'lab_2_2.out' is up to date.

**** Build Finished ****

**** Build of configuration Debug for project lab_2_3 ****

"C:\\ti\\ccs1271\\ccs\\utils\\bin\\gmake" -k -j 20 all -O 
 
gmake[1]: 'lab_2_3.out' is up to date.

**** Build Finished ****

**** Build of configuration Debug for project lab_2_4 ****

"C:\\ti\\ccs1271\\ccs\\utils\\bin\\gmake" -k -j 20 all -O 
 
gmake[1]: 'lab_2_4.out' is up to date.

**** Build Finished ****

**** Build of configuration Debug for project lab_2_5 ****

"C:\\ti\\ccs1271\\ccs\\utils\\bin\\gmake" -k -j 20 all -O 
 
Building file: "../main.c"
Invoking: Arm Compiler
"C:/ti/ccs1271/ccs/tools/compiler/ti-cgt-arm_20.2.7.LTS/bin/armcl" -mv7M4 --code_state=16 --float_support=FPv4SPD16 -me --include_path="U:/cpre_2880/lab_2_5" --include_path="C:/ti/TivaWare_C_Series-2.2.0.295" --include_path="C:/ti/ccs1271/ccs/tools/compiler/ti-cgt-arm_20.2.7.LTS/include" --define=ccs="ccs" --define=PART_TM4C123GH6PM -g --gcc --diag_warning=225 --diag_wrap=off --display_error_number --abi=eabi --preproc_with_compile --preproc_dependency="main.d_raw"  "../main.c"
Finished building: "../main.c"
 
Building target: "lab_2_5.out"
Invoking: Arm Linker
"C:/ti/ccs1271/ccs/tools/compiler/ti-cgt-arm_20.2.7.LTS/bin/armcl" -mv7M4 --code_state=16 --float_support=FPv4SPD16 -me --define=ccs="ccs" --define=PART_TM4C123GH6PM -g --gcc --diag_warning=225 --diag_wrap=off --display_error_number --abi=eabi -z -m"lab_2_5.map" --heap_size=1024 --stack_size=2048 -i"C:/ti/ccs1271/ccs/tools/compiler/ti-cgt-arm_20.2.7.LTS/lib" -i"C:/ti/ccs1271/ccs/tools/compiler/ti-cgt-arm_20.2.7.LTS/include" --reread_libs --diag_wrap=off --display_error_number --warn_sections --xml_link_info="lab_2_5_linkInfo.xml" --rom_model -o "lab_2_5.out" "./Timer.obj" "./lcd.obj" "./main.obj" "./movement.obj" "./open_interface.obj" "./tm4c123gh6pm_startup_ccs.obj" "../libcybotUART.lib" "../tm4c123gh6pm.cmd"  -llibc.a -l"C:/ti/TivaWare_C_Series-2.2.0.295/driverlib/ccs/Debug/driverlib.lib" 
<Linking>
Finished building target: "lab_2_5.out"
 

**** Build Finished ****

**** Build of configuration Debug for project lab_2_5 ****

"C:\\ti\\ccs1271\\ccs\\utils\\bin\\gmake" -k -j 20 all -O 
 
gmake[1]: 'lab_2_5.out' is up to date.

**** Build Finished ****

**** Build of configuration Debug for project lab_1 ****

"C:\\ti\\ccs1271\\ccs\\utils\\bin\\gmake" -k -j 20 all -O 
 
gmake[1]: 'lab_1.out' is up to date.

**** Build Finished ****

**** Build of configuration Debug for project lab_2_2 ****

"C:\\ti\\ccs1271\\ccs\\utils\\bin\\gmake" -k -j 20 all -O 
 
gmake[1]: 'lab_2_2.out' is up to date.

**** Build Finished ****

**** Build of configuration Debug for project lab_2_3 ****

"C:\\ti\\ccs1271\\ccs\\utils\\bin\\gmake" -k -j 20 all -O 
 
gmake[1]: 'lab_2_3.out' is up to date.

**** Build Finished ****

**** Build of configuration Debug for project lab_2_4 ****

"C:\\ti\\ccs1271\\ccs\\utils\\bin\\gmake" -k -j 20 all -O 
 
gmake[1]: 'lab_2_4.out' is up to date.

**** Build Finished ****

**** Build of configuration Debug for project lab_2_5 ****

"C:\\ti\\ccs1271\\ccs\\utils\\bin\\gmake" -k -j 20 all -O 
 
gmake[1]: 'lab_2_5.out' is up to date.

**** Build Finished ****

**** Build of configuration Debug for project lab_2_2 ****

"C:\\ti\\ccs1271\\ccs\\utils\\bin\\gmake" -k -j 20 all -O 
 
gmake[1]: 'lab_2_2.out' is up to date.

**** Build Finished ****

**** Build of configuration Debug for project lab_1 ****

"C:\\ti\\ccs1271\\ccs\\utils\\bin\\gmake" -k -j 20 all -O 
 
gmake[1]: 'lab_1.out' is up to date.

**** Build Finished ****

**** Build of configuration Debug for project lab_2_2 ****

"C:\\ti\\ccs1271\\ccs\\utils\\bin\\gmake" -k -j 20 all -O 
 
gmake[1]: 'lab_2_2.out' is up to date.

**** Build Finished ****

**** Build of configuration Debug for project lab_2_3 ****

"C:\\ti\\ccs1271\\ccs\\utils\\bin\\gmake" -k -j 20 all -O 
 
gmake[1]: 'lab_2_3.out' is up to date.

**** Build Finished ****

**** Build of configuration Debug for project lab_2_4 ****

"C:\\ti\\ccs1271\\ccs\\utils\\bin\\gmake" -k -j 20 all -O 
 
gmake[1]: 'lab_2_4.out' is up to date.

**** Build Finished ****

**** Build of configuration Debug for project lab_2_5 ****

"C:\\ti\\ccs1271\\ccs\\utils\\bin\\gmake" -k -j 20 all -O 
 
gmake[1]: 'lab_2_5.out' is up to date.

**** Build Finished ****

**** Build of configuration Debug for project lab_2_3 ****

"C:\\ti\\ccs1271\\ccs\\utils\\bin\\gmake" -k -j 20 all -O 
 
gmake[1]: 'lab_2_3.out' is up to date.

**** Build Finished ****

**** Build of configuration Debug for project lab_1 ****

"C:\\ti\\ccs1271\\ccs\\utils\\bin\\gmake" -k -j 20 all -O 
 
gmake[1]: 'lab_1.out' is up to date.

**** Build Finished ****

**** Build of configuration Debug for project lab_2_2 ****

"C:\\ti\\ccs1271\\ccs\\utils\\bin\\gmake" -k -j 20 all -O 
 
gmake[1]: 'lab_2_2.out' is up to date.

**** Build Finished ****

**** Build of configuration Debug for project lab_2_3 ****

"C:\\ti\\ccs1271\\ccs\\utils\\bin\\gmake" -k -j 20 all -O 
 
Building file: "../movement.c"
Invoking: Arm Compiler
"C:/ti/ccs1271/ccs/tools/compiler/ti-cgt-arm_20.2.7.LTS/bin/armcl" -mv7M4 --code_state=16 --float_support=FPv4SPD16 -me --include_path="U:/cpre_2880/lab_2_3" --include_path="C:/ti/TivaWare_C_Series-2.2.0.295" --include_path="C:/ti/ccs1271/ccs/tools/compiler/ti-cgt-arm_20.2.7.LTS/include" --define=ccs="ccs" --define=PART_TM4C123GH6PM -g --gcc --diag_warning=225 --diag_wrap=off --display_error_number --abi=eabi --preproc_with_compile --preproc_dependency="movement.d_raw"  "../movement.c"
Finished building: "../movement.c"
 
Building target: "lab_2_3.out"
Invoking: Arm Linker
"C:/ti/ccs1271/ccs/tools/compiler/ti-cgt-arm_20.2.7.LTS/bin/armcl" -mv7M4 --code_state=16 --float_support=FPv4SPD16 -me --define=ccs="ccs" --define=PART_TM4C123GH6PM -g --gcc --diag_warning=225 --diag_wrap=off --display_error_number --abi=eabi -z -m"lab_2_3.map" --heap_size=1024 --stack_size=2048 -i"C:/ti/ccs1271/ccs/tools/compiler/ti-cgt-arm_20.2.7.LTS/lib" -i"C:/ti/ccs1271/ccs/tools/compiler/ti-cgt-arm_20.2.7.LTS/include" --reread_libs --diag_wrap=off --display_error_number --warn_sections --xml_link_info="lab_2_3_linkInfo.xml" --rom_model -o "lab_2_3.out" "./Timer.obj" "./lcd.obj" "./main.obj" "./movement.obj" "./open_interface.obj" "./tm4c123gh6pm_startup_ccs.obj" "../libcybotUART.lib" "../tm4c123gh6pm.cmd"  -llibc.a -l"C:/ti/TivaWare_C_Series-2.2.0.295/driverlib/ccs/Debug/driverlib.lib" 
<Linking>
Finished building target: "lab_2_3.out"
 

**** Build Finished ****

**** Build of configuration Debug for project lab_2_4 ****

"C:\\ti\\ccs1271\\ccs\\utils\\bin\\gmake" -k -j 20 all -O 
 
gmake[1]: 'lab_2_4.out' is up to date.

**** Build Finished ****

**** Build of configuration Debug for project lab_2_5 ****

"C:\\ti\\ccs1271\\ccs\\utils\\bin\\gmake" -k -j 20 all -O 
 
gmake[1]: 'lab_2_5.out' is up to date.

**** Build Finished ****

**** Build of configuration Debug for project lab_2_3 ****

"C:\\ti\\ccs1271\\ccs\\utils\\bin\\gmake" -k -j 20 all -O 
 
gmake[1]: 'lab_2_3.out' is up to date.

**** Build Finished ****

**** Build of configuration Debug for project lab_1 ****

"C:\\ti\\ccs1271\\ccs\\utils\\bin\\gmake" -k -j 20 all -O 
 
gmake[1]: 'lab_1.out' is up to date.

**** Build Finished ****

**** Build of configuration Debug for project lab_2_2 ****

"C:\\ti\\ccs1271\\ccs\\utils\\bin\\gmake" -k -j 20 all -O 
 
gmake[1]: 'lab_2_2.out' is up to date.

**** Build Finished ****

**** Build of configuration Debug for project lab_2_3 ****

"C:\\ti\\ccs1271\\ccs\\utils\\bin\\gmake" -k -j 20 all -O 
 
Building file: "../movement.c"
Invoking: Arm Compiler
"C:/ti/ccs1271/ccs/tools/compiler/ti-cgt-arm_20.2.7.LTS/bin/armcl" -mv7M4 --code_state=16 --float_support=FPv4SPD16 -me --include_path="U:/cpre_2880/lab_2_3" --include_path="C:/ti/TivaWare_C_Series-2.2.0.295" --include_path="C:/ti/ccs1271/ccs/tools/compiler/ti-cgt-arm_20.2.7.LTS/include" --define=ccs="ccs" --define=PART_TM4C123GH6PM -g --gcc --diag_warning=225 --diag_wrap=off --display_error_number --abi=eabi --preproc_with_compile --preproc_dependency="movement.d_raw"  "../movement.c"
Finished building: "../movement.c"
 
Building target: "lab_2_3.out"
Invoking: Arm Linker
"C:/ti/ccs1271/ccs/tools/compiler/ti-cgt-arm_20.2.7.LTS/bin/armcl" -mv7M4 --code_state=16 --float_support=FPv4SPD16 -me --define=ccs="ccs" --define=PART_TM4C123GH6PM -g --gcc --diag_warning=225 --diag_wrap=off --display_error_number --abi=eabi -z -m"lab_2_3.map" --heap_size=1024 --stack_size=2048 -i"C:/ti/ccs1271/ccs/tools/compiler/ti-cgt-arm_20.2.7.LTS/lib" -i"C:/ti/ccs1271/ccs/tools/compiler/ti-cgt-arm_20.2.7.LTS/include" --reread_libs --diag_wrap=off --display_error_number --warn_sections --xml_link_info="lab_2_3_linkInfo.xml" --rom_model -o "lab_2_3.out" "./Timer.obj" "./lcd.obj" "./main.obj" "./movement.obj" "./open_interface.obj" "./tm4c123gh6pm_startup_ccs.obj" "../libcybotUART.lib" "../tm4c123gh6pm.cmd"  -llibc.a -l"C:/ti/TivaWare_C_Series-2.2.0.295/driverlib/ccs/Debug/driverlib.lib" 
<Linking>
Finished building target: "lab_2_3.out"
 

**** Build Finished ****

**** Build of configuration Debug for project lab_2_4 ****

"C:\\ti\\ccs1271\\ccs\\utils\\bin\\gmake" -k -j 20 all -O 
 
gmake[1]: 'lab_2_4.out' is up to date.

**** Build Finished ****

**** Build of configuration Debug for project lab_2_5 ****

"C:\\ti\\ccs1271\\ccs\\utils\\bin\\gmake" -k -j 20 all -O 
 
gmake[1]: 'lab_2_5.out' is up to date.

**** Build Finished ****

**** Build of configuration Debug for project lab_2_3 ****

"C:\\ti\\ccs1271\\ccs\\utils\\bin\\gmake" -k -j 20 all -O 
 
gmake[1]: 'lab_2_3.out' is up to date.

**** Build Finished ****

**** Build of configuration Debug for project lab_1 ****

"C:\\ti\\ccs1271\\ccs\\utils\\bin\\gmake" -k -j 20 all -O 
 
gmake[1]: 'lab_1.out' is up to date.

**** Build Finished ****

**** Build of configuration Debug for project lab_2_2 ****

"C:\\ti\\ccs1271\\ccs\\utils\\bin\\gmake" -k -j 20 all -O 
 
gmake[1]: 'lab_2_2.out' is up to date.

**** Build Finished ****

**** Build of configuration Debug for project lab_2_3 ****

"C:\\ti\\ccs1271\\ccs\\utils\\bin\\gmake" -k -j 20 all -O 
 
gmake[1]: 'lab_2_3.out' is up to date.

**** Build Finished ****

**** Build of configuration Debug for project lab_2_4 ****

"C:\\ti\\ccs1271\\ccs\\utils\\bin\\gmake" -k -j 20 all -O 
 
gmake[1]: 'lab_2_4.out' is up to date.

**** Build Finished ****

**** Build of configuration Debug for project lab_2_5 ****

"C:\\ti\\ccs1271\\ccs\\utils\\bin\\gmake" -k -j 20 all -O 
 
gmake[1]: 'lab_2_5.out' is up to date.

**** Build Finished ****

**** Build of configuration Debug for project lab_1 ****

"C:\\ti\\ccs1271\\ccs\\utils\\bin\\gmake" -k -j 20 all -O 
 
gmake[1]: 'lab_1.out' is up to date.

**** Build Finished ****

**** Build of configuration Debug for project lab_2_2 ****

"C:\\ti\\ccs1271\\ccs\\utils\\bin\\gmake" -k -j 20 all -O 
 
gmake[1]: 'lab_2_2.out' is up to date.

**** Build Finished ****

**** Build of configuration Debug for project lab_2_3 ****

"C:\\ti\\ccs1271\\ccs\\utils\\bin\\gmake" -k -j 20 all -O 
 
gmake[1]: 'lab_2_3.out' is up to date.

**** Build Finished ****

**** Build of configuration Debug for project lab_2_4 ****

"C:\\ti\\ccs1271\\ccs\\utils\\bin\\gmake" -k -j 20 all -O 
 
gmake[1]: 'lab_2_4.out' is up to date.

**** Build Finished ****

**** Build of configuration Debug for project lab_2_5 ****

"C:\\ti\\ccs1271\\ccs\\utils\\bin\\gmake" -k -j 20 all -O 
 
gmake[1]: 'lab_2_5.out' is up to date.

**** Build Finished ****

**** Build of configuration Debug for project lab_2_4 ****

"C:\\ti\\ccs1271\\ccs\\utils\\bin\\gmake" -k -j 20 all -O 
 
gmake[1]: 'lab_2_4.out' is up to date.

**** Build Finished ****

**** Build of configuration Debug for project lab_1 ****

"C:\\ti\\ccs1271\\ccs\\utils\\bin\\gmake" -k -j 20 all -O 
 
gmake[1]: 'lab_1.out' is up to date.

**** Build Finished ****

**** Build of configuration Debug for project lab_2_2 ****

"C:\\ti\\ccs1271\\ccs\\utils\\bin\\gmake" -k -j 20 all -O 
 
gmake[1]: 'lab_2_2.out' is up to date.

**** Build Finished ****

**** Build of configuration Debug for project lab_2_3 ****

"C:\\ti\\ccs1271\\ccs\\utils\\bin\\gmake" -k -j 20 all -O 
 
gmake[1]: 'lab_2_3.out' is up to date.

**** Build Finished ****

**** Build of configuration Debug for project lab_2_4 ****

"C:\\ti\\ccs1271\\ccs\\utils\\bin\\gmake" -k -j 20 all -O 
 
Building file: "../main.c"
Invoking: Arm Compiler
"C:/ti/ccs1271/ccs/tools/compiler/ti-cgt-arm_20.2.7.LTS/bin/armcl" -mv7M4 --code_state=16 --float_support=FPv4SPD16 -me --include_path="U:/cpre_2880/lab_2_4" --include_path="C:/ti/TivaWare_C_Series-2.2.0.295" --include_path="C:/ti/ccs1271/ccs/tools/compiler/ti-cgt-arm_20.2.7.LTS/include" --define=ccs="ccs" --define=PART_TM4C123GH6PM -g --gcc --diag_warning=225 --diag_wrap=off --display_error_number --abi=eabi --preproc_with_compile --preproc_dependency="main.d_raw"  "../main.c"
Finished building: "../main.c"
 
Building target: "lab_2_4.out"
Invoking: Arm Linker
"C:/ti/ccs1271/ccs/tools/compiler/ti-cgt-arm_20.2.7.LTS/bin/armcl" -mv7M4 --code_state=16 --float_support=FPv4SPD16 -me --define=ccs="ccs" --define=PART_TM4C123GH6PM -g --gcc --diag_warning=225 --diag_wrap=off --display_error_number --abi=eabi -z -m"lab_2_4.map" --heap_size=1024 --stack_size=2048 -i"C:/ti/ccs1271/ccs/tools/compiler/ti-cgt-arm_20.2.7.LTS/lib" -i"C:/ti/ccs1271/ccs/tools/compiler/ti-cgt-arm_20.2.7.LTS/include" --reread_libs --diag_wrap=off --display_error_number --warn_sections --xml_link_info="lab_2_4_linkInfo.xml" --rom_model -o "lab_2_4.out" "./Timer.obj" "./lcd.obj" "./main.obj" "./movement.obj" "./open_interface.obj" "./tm4c123gh6pm_startup_ccs.obj" "../libcybotUART.lib" "../tm4c123gh6pm.cmd"  -llibc.a -l"C:/ti/TivaWare_C_Series-2.2.0.295/driverlib/ccs/Debug/driverlib.lib" 
<Linking>
Finished building target: "lab_2_4.out"
 

**** Build Finished ****

**** Build of configuration Debug for project lab_2_5 ****

"C:\\ti\\ccs1271\\ccs\\utils\\bin\\gmake" -k -j 20 all -O 
 
gmake[1]: 'lab_2_5.out' is up to date.

**** Build Finished ****

**** Build of configuration Debug for project lab_2_4 ****

"C:\\ti\\ccs1271\\ccs\\utils\\bin\\gmake" -k -j 20 all -O 
 
gmake[1]: 'lab_2_4.out' is up to date.

**** Build Finished ****

**** Build of configuration Debug for project lab_1 ****

"C:\\ti\\ccs1271\\ccs\\utils\\bin\\gmake" -k -j 20 all -O 
 
gmake[1]: 'lab_1.out' is up to date.

**** Build Finished ****

**** Build of configuration Debug for project lab_2_2 ****

"C:\\ti\\ccs1271\\ccs\\utils\\bin\\gmake" -k -j 20 all -O 
 
gmake[1]: 'lab_2_2.out' is up to date.

**** Build Finished ****

**** Build of configuration Debug for project lab_2_3 ****

"C:\\ti\\ccs1271\\ccs\\utils\\bin\\gmake" -k -j 20 all -O 
 
gmake[1]: 'lab_2_3.out' is up to date.

**** Build Finished ****

**** Build of configuration Debug for project lab_2_4 ****

"C:\\ti\\ccs1271\\ccs\\utils\\bin\\gmake" -k -j 20 all -O 
 
Building file: "../main.c"
Invoking: Arm Compiler
"C:/ti/ccs1271/ccs/tools/compiler/ti-cgt-arm_20.2.7.LTS/bin/armcl" -mv7M4 --code_state=16 --float_support=FPv4SPD16 -me --include_path="U:/cpre_2880/lab_2_4" --include_path="C:/ti/TivaWare_C_Series-2.2.0.295" --include_path="C:/ti/ccs1271/ccs/tools/compiler/ti-cgt-arm_20.2.7.LTS/include" --define=ccs="ccs" --define=PART_TM4C123GH6PM -g --gcc --diag_warning=225 --diag_wrap=off --display_error_number --abi=eabi --preproc_with_compile --preproc_dependency="main.d_raw"  "../main.c"
Finished building: "../main.c"
 
Building target: "lab_2_4.out"
Invoking: Arm Linker
"C:/ti/ccs1271/ccs/tools/compiler/ti-cgt-arm_20.2.7.LTS/bin/armcl" -mv7M4 --code_state=16 --float_support=FPv4SPD16 -me --define=ccs="ccs" --define=PART_TM4C123GH6PM -g --gcc --diag_warning=225 --diag_wrap=off --display_error_number --abi=eabi -z -m"lab_2_4.map" --heap_size=1024 --stack_size=2048 -i"C:/ti/ccs1271/ccs/tools/compiler/ti-cgt-arm_20.2.7.LTS/lib" -i"C:/ti/ccs1271/ccs/tools/compiler/ti-cgt-arm_20.2.7.LTS/include" --reread_libs --diag_wrap=off --display_error_number --warn_sections --xml_link_info="lab_2_4_linkInfo.xml" --rom_model -o "lab_2_4.out" "./Timer.obj" "./lcd.obj" "./main.obj" "./movement.obj" "./open_interface.obj" "./tm4c123gh6pm_startup_ccs.obj" "../libcybotUART.lib" "../tm4c123gh6pm.cmd"  -llibc.a -l"C:/ti/TivaWare_C_Series-2.2.0.295/driverlib/ccs/Debug/driverlib.lib" 
<Linking>
Finished building target: "lab_2_4.out"
 

**** Build Finished ****

**** Build of configuration Debug for project lab_2_5 ****

"C:\\ti\\ccs1271\\ccs\\utils\\bin\\gmake" -k -j 20 all -O 
 
gmake[1]: 'lab_2_5.out' is up to date.

**** Build Finished ****

**** Build of configuration Debug for project lab_2_4 ****

"C:\\ti\\ccs1271\\ccs\\utils\\bin\\gmake" -k -j 20 all -O 
 
gmake[1]: 'lab_2_4.out' is up to date.

**** Build Finished ****

**** Build of configuration Debug for project lab_1 ****

"C:\\ti\\ccs1271\\ccs\\utils\\bin\\gmake" -k -j 20 all -O 
 
gmake[1]: 'lab_1.out' is up to date.

**** Build Finished ****

**** Build of configuration Debug for project lab_2_2 ****

"C:\\ti\\ccs1271\\ccs\\utils\\bin\\gmake" -k -j 20 all -O 
 
gmake[1]: 'lab_2_2.out' is up to date.

**** Build Finished ****

**** Build of configuration Debug for project lab_2_3 ****

"C:\\ti\\ccs1271\\ccs\\utils\\bin\\gmake" -k -j 20 all -O 
 
gmake[1]: 'lab_2_3.out' is up to date.

**** Build Finished ****

**** Build of configuration Debug for project lab_2_4 ****

"C:\\ti\\ccs1271\\ccs\\utils\\bin\\gmake" -k -j 20 all -O 
 
Building file: "../main.c"
Invoking: Arm Compiler
"C:/ti/ccs1271/ccs/tools/compiler/ti-cgt-arm_20.2.7.LTS/bin/armcl" -mv7M4 --code_state=16 --float_support=FPv4SPD16 -me --include_path="U:/cpre_2880/lab_2_4" --include_path="C:/ti/TivaWare_C_Series-2.2.0.295" --include_path="C:/ti/ccs1271/ccs/tools/compiler/ti-cgt-arm_20.2.7.LTS/include" --define=ccs="ccs" --define=PART_TM4C123GH6PM -g --gcc --diag_warning=225 --diag_wrap=off --display_error_number --abi=eabi --preproc_with_compile --preproc_dependency="main.d_raw"  "../main.c"
Finished building: "../main.c"
 
Building target: "lab_2_4.out"
Invoking: Arm Linker
"C:/ti/ccs1271/ccs/tools/compiler/ti-cgt-arm_20.2.7.LTS/bin/armcl" -mv7M4 --code_state=16 --float_support=FPv4SPD16 -me --define=ccs="ccs" --define=PART_TM4C123GH6PM -g --gcc --diag_warning=225 --diag_wrap=off --display_error_number --abi=eabi -z -m"lab_2_4.map" --heap_size=1024 --stack_size=2048 -i"C:/ti/ccs1271/ccs/tools/compiler/ti-cgt-arm_20.2.7.LTS/lib" -i"C:/ti/ccs1271/ccs/tools/compiler/ti-cgt-arm_20.2.7.LTS/include" --reread_libs --diag_wrap=off --display_error_number --warn_sections --xml_link_info="lab_2_4_linkInfo.xml" --rom_model -o "lab_2_4.out" "./Timer.obj" "./lcd.obj" "./main.obj" "./movement.obj" "./open_interface.obj" "./tm4c123gh6pm_startup_ccs.obj" "../libcybotUART.lib" "../tm4c123gh6pm.cmd"  -llibc.a -l"C:/ti/TivaWare_C_Series-2.2.0.295/driverlib/ccs/Debug/driverlib.lib" 
<Linking>
Finished building target: "lab_2_4.out"
 

**** Build Finished ****

**** Build of configuration Debug for project lab_2_5 ****

"C:\\ti\\ccs1271\\ccs\\utils\\bin\\gmake" -k -j 20 all -O 
 
gmake[1]: 'lab_2_5.out' is up to date.

**** Build Finished ****

**** Build of configuration Debug for project lab_2_4 ****

"C:\\ti\\ccs1271\\ccs\\utils\\bin\\gmake" -k -j 20 all -O 
 
gmake[1]: 'lab_2_4.out' is up to date.

**** Build Finished ****

**** Build of configuration Debug for project lab_1 ****

"C:\\ti\\ccs1271\\ccs\\utils\\bin\\gmake" -k -j 20 all -O 
 
gmake[1]: 'lab_1.out' is up to date.

**** Build Finished ****

**** Build of configuration Debug for project lab_2_2 ****

"C:\\ti\\ccs1271\\ccs\\utils\\bin\\gmake" -k -j 20 all -O 
 
gmake[1]: 'lab_2_2.out' is up to date.

**** Build Finished ****

**** Build of configuration Debug for project lab_2_3 ****

"C:\\ti\\ccs1271\\ccs\\utils\\bin\\gmake" -k -j 20 all -O 
 
gmake[1]: 'lab_2_3.out' is up to date.

**** Build Finished ****

**** Build of configuration Debug for project lab_2_4 ****

"C:\\ti\\ccs1271\\ccs\\utils\\bin\\gmake" -k -j 20 all -O 
 
gmake[1]: 'lab_2_4.out' is up to date.

**** Build Finished ****

**** Build of configuration Debug for project lab_2_5 ****

"C:\\ti\\ccs1271\\ccs\\utils\\bin\\gmake" -k -j 20 all -O 
 
Building file: "../main.c"
Invoking: Arm Compiler
"C:/ti/ccs1271/ccs/tools/compiler/ti-cgt-arm_20.2.7.LTS/bin/armcl" -mv7M4 --code_state=16 --float_support=FPv4SPD16 -me --include_path="U:/cpre_2880/lab_2_5" --include_path="C:/ti/TivaWare_C_Series-2.2.0.295" --include_path="C:/ti/ccs1271/ccs/tools/compiler/ti-cgt-arm_20.2.7.LTS/include" --define=ccs="ccs" --define=PART_TM4C123GH6PM -g --gcc --diag_warning=225 --diag_wrap=off --display_error_number --abi=eabi --preproc_with_compile --preproc_dependency="main.d_raw"  "../main.c"
 
>> Compilation failure
subdir_rules.mk:9: recipe for target 'main.obj' failed
"../main.c", line 20: error #20: identifier "wwwwwwwwwwwwwwwwwwwwwwwwwww" is undefined
"../main.c", line 21: error #80: expected a type specifier
"../main.c", line 21: error #760: variable "data" is not a type name
"../main.c", line 21: error #161: declaration is incompatible with previous "lcd_printf" (declared at line 44 of "..\lcd.h")
4 errors detected in the compilation of "../main.c".
gmake: *** [main.obj] Error 1
gmake: Target 'all' not remade because of errors.

**** Build Finished ****

**** Build of configuration Debug for project lab_1 ****

"C:\\ti\\ccs1271\\ccs\\utils\\bin\\gmake" -k -j 20 all -O 
 
gmake[1]: 'lab_1.out' is up to date.

**** Build Finished ****

**** Build of configuration Debug for project lab_2_2 ****

"C:\\ti\\ccs1271\\ccs\\utils\\bin\\gmake" -k -j 20 all -O 
 
gmake[1]: 'lab_2_2.out' is up to date.

**** Build Finished ****

**** Build of configuration Debug for project lab_2_3 ****

"C:\\ti\\ccs1271\\ccs\\utils\\bin\\gmake" -k -j 20 all -O 
 
gmake[1]: 'lab_2_3.out' is up to date.

**** Build Finished ****

**** Build of configuration Debug for project lab_2_4 ****

"C:\\ti\\ccs1271\\ccs\\utils\\bin\\gmake" -k -j 20 all -O 
 
gmake[1]: 'lab_2_4.out' is up to date.

**** Build Finished ****

**** Build of configuration Debug for project lab_2_5 ****

"C:\\ti\\ccs1271\\ccs\\utils\\bin\\gmake" -k -j 20 all -O 
 
Building file: "../main.c"
Invoking: Arm Compiler
"C:/ti/ccs1271/ccs/tools/compiler/ti-cgt-arm_20.2.7.LTS/bin/armcl" -mv7M4 --code_state=16 --float_support=FPv4SPD16 -me --include_path="U:/cpre_2880/lab_2_5" --include_path="C:/ti/TivaWare_C_Series-2.2.0.295" --include_path="C:/ti/ccs1271/ccs/tools/compiler/ti-cgt-arm_20.2.7.LTS/include" --define=ccs="ccs" --define=PART_TM4C123GH6PM -g --gcc --diag_warning=225 --diag_wrap=off --display_error_number --abi=eabi --preproc_with_compile --preproc_dependency="main.d_raw"  "../main.c"
Finished building: "../main.c"
 
Building target: "lab_2_5.out"
Invoking: Arm Linker
"C:/ti/ccs1271/ccs/tools/compiler/ti-cgt-arm_20.2.7.LTS/bin/armcl" -mv7M4 --code_state=16 --float_support=FPv4SPD16 -me --define=ccs="ccs" --define=PART_TM4C123GH6PM -g --gcc --diag_warning=225 --diag_wrap=off --display_error_number --abi=eabi -z -m"lab_2_5.map" --heap_size=1024 --stack_size=2048 -i"C:/ti/ccs1271/ccs/tools/compiler/ti-cgt-arm_20.2.7.LTS/lib" -i"C:/ti/ccs1271/ccs/tools/compiler/ti-cgt-arm_20.2.7.LTS/include" --reread_libs --diag_wrap=off --display_error_number --warn_sections --xml_link_info="lab_2_5_linkInfo.xml" --rom_model -o "lab_2_5.out" "./Timer.obj" "./lcd.obj" "./main.obj" "./movement.obj" "./open_interface.obj" "./tm4c123gh6pm_startup_ccs.obj" "../libcybotUART.lib" "../tm4c123gh6pm.cmd"  -llibc.a -l"C:/ti/TivaWare_C_Series-2.2.0.295/driverlib/ccs/Debug/driverlib.lib" 
<Linking>
Finished building target: "lab_2_5.out"
 

**** Build Finished ****

**** Build of configuration Debug for project lab_2_5 ****

"C:\\ti\\ccs1271\\ccs\\utils\\bin\\gmake" -k -j 20 all -O 
 
gmake[1]: 'lab_2_5.out' is up to date.

**** Build Finished ****

**** Build of configuration Debug for project lab_1 ****

"C:\\ti\\ccs1271\\ccs\\utils\\bin\\gmake" -k -j 20 all -O 
 
gmake[1]: 'lab_1.out' is up to date.

**** Build Finished ****

**** Build of configuration Debug for project lab_2_2 ****

"C:\\ti\\ccs1271\\ccs\\utils\\bin\\gmake" -k -j 20 all -O 
 
gmake[1]: 'lab_2_2.out' is up to date.

**** Build Finished ****

**** Build of configuration Debug for project lab_2_3 ****

"C:\\ti\\ccs1271\\ccs\\utils\\bin\\gmake" -k -j 20 all -O 
 
gmake[1]: 'lab_2_3.out' is up to date.

**** Build Finished ****

**** Build of configuration Debug for project lab_2_4 ****

"C:\\ti\\ccs1271\\ccs\\utils\\bin\\gmake" -k -j 20 all -O 
 
gmake[1]: 'lab_2_4.out' is up to date.

**** Build Finished ****

**** Build of configuration Debug for project lab_2_5 ****

"C:\\ti\\ccs1271\\ccs\\utils\\bin\\gmake" -k -j 20 all -O 
 
Building file: "../main.c"
Invoking: Arm Compiler
"C:/ti/ccs1271/ccs/tools/compiler/ti-cgt-arm_20.2.7.LTS/bin/armcl" -mv7M4 --code_state=16 --float_support=FPv4SPD16 -me --include_path="U:/cpre_2880/lab_2_5" --include_path="C:/ti/TivaWare_C_Series-2.2.0.295" --include_path="C:/ti/ccs1271/ccs/tools/compiler/ti-cgt-arm_20.2.7.LTS/include" --define=ccs="ccs" --define=PART_TM4C123GH6PM -g --gcc --diag_warning=225 --diag_wrap=off --display_error_number --abi=eabi --preproc_with_compile --preproc_dependency="main.d_raw"  "../main.c"
Finished building: "../main.c"
 
Building target: "lab_2_5.out"
Invoking: Arm Linker
"C:/ti/ccs1271/ccs/tools/compiler/ti-cgt-arm_20.2.7.LTS/bin/armcl" -mv7M4 --code_state=16 --float_support=FPv4SPD16 -me --define=ccs="ccs" --define=PART_TM4C123GH6PM -g --gcc --diag_warning=225 --diag_wrap=off --display_error_number --abi=eabi -z -m"lab_2_5.map" --heap_size=1024 --stack_size=2048 -i"C:/ti/ccs1271/ccs/tools/compiler/ti-cgt-arm_20.2.7.LTS/lib" -i"C:/ti/ccs1271/ccs/tools/compiler/ti-cgt-arm_20.2.7.LTS/include" --reread_libs --diag_wrap=off --display_error_number --warn_sections --xml_link_info="lab_2_5_linkInfo.xml" --rom_model -o "lab_2_5.out" "./Timer.obj" "./lcd.obj" "./main.obj" "./movement.obj" "./open_interface.obj" "./tm4c123gh6pm_startup_ccs.obj" "../libcybotUART.lib" "../tm4c123gh6pm.cmd"  -llibc.a -l"C:/ti/TivaWare_C_Series-2.2.0.295/driverlib/ccs/Debug/driverlib.lib" 
<Linking>
Finished building target: "lab_2_5.out"
 

**** Build Finished ****

**** Clean-only build of configuration Debug for project lab_2_6 ****

"C:\\ti\\ccs1271\\ccs\\utils\\bin\\gmake" -k -j 20 clean -O 
 
DEL /F  "lab_2_6.out" 
DEL /F "Timer.obj" "button.obj" "lab3_template.obj" "lcd.obj" "tm4c123gh6pm_startup_ccs.obj" "lab_2_4\Timer.obj" "lab_2_4\lcd.obj" "lab_2_4\main.obj" "lab_2_4\movement.obj" "lab_2_4\open_interface.obj" "lab_2_4\tm4c123gh6pm_startup_ccs.obj" 
DEL /F "Timer.d" "button.d" "lab3_template.d" "lcd.d" "tm4c123gh6pm_startup_ccs.d" "lab_2_4\Timer.d" "lab_2_4\lcd.d" "lab_2_4\main.d" "lab_2_4\movement.d" "lab_2_4\open_interface.d" "lab_2_4\tm4c123gh6pm_startup_ccs.d" 
Could Not Find U:\cpre_2880\lab_3\lab_3_2\Debug\lab_2_6.out
Could Not Find U:\cpre_2880\lab_3\lab_3_2\Debug\lab_2_4\Timer.obj
Could Not Find U:\cpre_2880\lab_3\lab_3_2\Debug\lab_2_4\Timer.d
Finished clean
 

**** Build Finished ****

**** Build of configuration Debug for project lab_2_6 ****

"C:\\ti\\ccs1271\\ccs\\utils\\bin\\gmake" -k -j 20 all -O 
 
Building file: "../button.c"
Invoking: Arm Compiler
"C:/ti/ccs1271/ccs/tools/compiler/ti-cgt-arm_20.2.7.LTS/bin/armcl" -mv7M4 --code_state=16 --float_support=FPv4SPD16 -me --include_path="U:/cpre_2880/lab_3/lab_3_2" --include_path="C:/ti/TivaWare_C_Series-2.2.0.295" --include_path="C:/ti/ccs1271/ccs/tools/compiler/ti-cgt-arm_20.2.7.LTS/include" --define=ccs="ccs" --define=PART_TM4C123GH6PM -g --gcc --diag_warning=225 --diag_wrap=off --display_error_number --abi=eabi --preproc_with_compile --preproc_dependency="button.d_raw"  "../button.c"
 
>> Compilation failure
subdir_rules.mk:9: recipe for target 'button.obj' failed
"../button.c", line 31: warning #1181-D: #warning directive: "Unimplemented function: void button_init()"
"../button.c", line 66: warning #1181-D: #warning directive: "Unimplemented function: uint8_t button_getButton(void)"	// delete warning after implementing
"../button.c", line 102: error #18: expected a ")"
"../button.c", line 104: error #18: expected a ")"
"../button.c", line 106: error #18: expected a ")"
"../button.c", line 108: error #18: expected a ")"
4 errors detected in the compilation of "../button.c".
gmake: *** [button.obj] Error 1
Building file: "../Timer.c"
Invoking: Arm Compiler
"C:/ti/ccs1271/ccs/tools/compiler/ti-cgt-arm_20.2.7.LTS/bin/armcl" -mv7M4 --code_state=16 --float_support=FPv4SPD16 -me --include_path="U:/cpre_2880/lab_3/lab_3_2" --include_path="C:/ti/TivaWare_C_Series-2.2.0.295" --include_path="C:/ti/ccs1271/ccs/tools/compiler/ti-cgt-arm_20.2.7.LTS/include" --define=ccs="ccs" --define=PART_TM4C123GH6PM -g --gcc --diag_warning=225 --diag_wrap=off --display_error_number --abi=eabi --preproc_with_compile --preproc_dependency="Timer.d_raw"  "../Timer.c"
Finished building: "../Timer.c"
 
Building file: "../lab3_template.c"
Invoking: Arm Compiler
"C:/ti/ccs1271/ccs/tools/compiler/ti-cgt-arm_20.2.7.LTS/bin/armcl" -mv7M4 --code_state=16 --float_support=FPv4SPD16 -me --include_path="U:/cpre_2880/lab_3/lab_3_2" --include_path="C:/ti/TivaWare_C_Series-2.2.0.295" --include_path="C:/ti/ccs1271/ccs/tools/compiler/ti-cgt-arm_20.2.7.LTS/include" --define=ccs="ccs" --define=PART_TM4C123GH6PM -g --gcc --diag_warning=225 --diag_wrap=off --display_error_number --abi=eabi --preproc_with_compile --preproc_dependency="lab3_template.d_raw"  "../lab3_template.c"
"../lab3_template.c", line 16: warning #1181-D: #warning directive: "Possible unimplemented functions"
Finished building: "../lab3_template.c"
 
Building file: "../tm4c123gh6pm_startup_ccs.c"
Invoking: Arm Compiler
"C:/ti/ccs1271/ccs/tools/compiler/ti-cgt-arm_20.2.7.LTS/bin/armcl" -mv7M4 --code_state=16 --float_support=FPv4SPD16 -me --include_path="U:/cpre_2880/lab_3/lab_3_2" --include_path="C:/ti/TivaWare_C_Series-2.2.0.295" --include_path="C:/ti/ccs1271/ccs/tools/compiler/ti-cgt-arm_20.2.7.LTS/include" --define=ccs="ccs" --define=PART_TM4C123GH6PM -g --gcc --diag_warning=225 --diag_wrap=off --display_error_number --abi=eabi --preproc_with_compile --preproc_dependency="tm4c123gh6pm_startup_ccs.d_raw"  "../tm4c123gh6pm_startup_ccs.c"
Finished building: "../tm4c123gh6pm_startup_ccs.c"
 
Building file: "../lcd.c"
Invoking: Arm Compiler
"C:/ti/ccs1271/ccs/tools/compiler/ti-cgt-arm_20.2.7.LTS/bin/armcl" -mv7M4 --code_state=16 --float_support=FPv4SPD16 -me --include_path="U:/cpre_2880/lab_3/lab_3_2" --include_path="C:/ti/TivaWare_C_Series-2.2.0.295" --include_path="C:/ti/ccs1271/ccs/tools/compiler/ti-cgt-arm_20.2.7.LTS/include" --define=ccs="ccs" --define=PART_TM4C123GH6PM -g --gcc --diag_warning=225 --diag_wrap=off --display_error_number --abi=eabi --preproc_with_compile --preproc_dependency="lcd.d_raw"  "../lcd.c"
Finished building: "../lcd.c"
 
Building file: "../lab_2_4/Timer.c"
Invoking: Arm Compiler
"C:/ti/ccs1271/ccs/tools/compiler/ti-cgt-arm_20.2.7.LTS/bin/armcl" -mv7M4 --code_state=16 --float_support=FPv4SPD16 -me --include_path="U:/cpre_2880/lab_3/lab_3_2" --include_path="C:/ti/TivaWare_C_Series-2.2.0.295" --include_path="C:/ti/ccs1271/ccs/tools/compiler/ti-cgt-arm_20.2.7.LTS/include" --define=ccs="ccs" --define=PART_TM4C123GH6PM -g --gcc --diag_warning=225 --diag_wrap=off --display_error_number --abi=eabi --preproc_with_compile --preproc_dependency="lab_2_4/Timer.d_raw" --obj_directory="lab_2_4"  "../lab_2_4/Timer.c"
Finished building: "../lab_2_4/Timer.c"
 
Building file: "../lab_2_4/lcd.c"
Invoking: Arm Compiler
"C:/ti/ccs1271/ccs/tools/compiler/ti-cgt-arm_20.2.7.LTS/bin/armcl" -mv7M4 --code_state=16 --float_support=FPv4SPD16 -me --include_path="U:/cpre_2880/lab_3/lab_3_2" --include_path="C:/ti/TivaWare_C_Series-2.2.0.295" --include_path="C:/ti/ccs1271/ccs/tools/compiler/ti-cgt-arm_20.2.7.LTS/include" --define=ccs="ccs" --define=PART_TM4C123GH6PM -g --gcc --diag_warning=225 --diag_wrap=off --display_error_number --abi=eabi --preproc_with_compile --preproc_dependency="lab_2_4/lcd.d_raw" --obj_directory="lab_2_4"  "../lab_2_4/lcd.c"
Finished building: "../lab_2_4/lcd.c"
 
Building file: "../lab_2_4/main.c"
Invoking: Arm Compiler
"C:/ti/ccs1271/ccs/tools/compiler/ti-cgt-arm_20.2.7.LTS/bin/armcl" -mv7M4 --code_state=16 --float_support=FPv4SPD16 -me --include_path="U:/cpre_2880/lab_3/lab_3_2" --include_path="C:/ti/TivaWare_C_Series-2.2.0.295" --include_path="C:/ti/ccs1271/ccs/tools/compiler/ti-cgt-arm_20.2.7.LTS/include" --define=ccs="ccs" --define=PART_TM4C123GH6PM -g --gcc --diag_warning=225 --diag_wrap=off --display_error_number --abi=eabi --preproc_with_compile --preproc_dependency="lab_2_4/main.d_raw" --obj_directory="lab_2_4"  "../lab_2_4/main.c"
Finished building: "../lab_2_4/main.c"
 
Building file: "../lab_2_4/tm4c123gh6pm_startup_ccs.c"
Invoking: Arm Compiler
"C:/ti/ccs1271/ccs/tools/compiler/ti-cgt-arm_20.2.7.LTS/bin/armcl" -mv7M4 --code_state=16 --float_support=FPv4SPD16 -me --include_path="U:/cpre_2880/lab_3/lab_3_2" --include_path="C:/ti/TivaWare_C_Series-2.2.0.295" --include_path="C:/ti/ccs1271/ccs/tools/compiler/ti-cgt-arm_20.2.7.LTS/include" --define=ccs="ccs" --define=PART_TM4C123GH6PM -g --gcc --diag_warning=225 --diag_wrap=off --display_error_number --abi=eabi --preproc_with_compile --preproc_dependency="lab_2_4/tm4c123gh6pm_startup_ccs.d_raw" --obj_directory="lab_2_4"  "../lab_2_4/tm4c123gh6pm_startup_ccs.c"
Finished building: "../lab_2_4/tm4c123gh6pm_startup_ccs.c"
 
Building file: "../lab_2_4/movement.c"
Invoking: Arm Compiler
"C:/ti/ccs1271/ccs/tools/compiler/ti-cgt-arm_20.2.7.LTS/bin/armcl" -mv7M4 --code_state=16 --float_support=FPv4SPD16 -me --include_path="U:/cpre_2880/lab_3/lab_3_2" --include_path="C:/ti/TivaWare_C_Series-2.2.0.295" --include_path="C:/ti/ccs1271/ccs/tools/compiler/ti-cgt-arm_20.2.7.LTS/include" --define=ccs="ccs" --define=PART_TM4C123GH6PM -g --gcc --diag_warning=225 --diag_wrap=off --display_error_number --abi=eabi --preproc_with_compile --preproc_dependency="lab_2_4/movement.d_raw" --obj_directory="lab_2_4"  "../lab_2_4/movement.c"
Finished building: "../lab_2_4/movement.c"
 
Building file: "../lab_2_4/open_interface.c"
Invoking: Arm Compiler
"C:/ti/ccs1271/ccs/tools/compiler/ti-cgt-arm_20.2.7.LTS/bin/armcl" -mv7M4 --code_state=16 --float_support=FPv4SPD16 -me --include_path="U:/cpre_2880/lab_3/lab_3_2" --include_path="C:/ti/TivaWare_C_Series-2.2.0.295" --include_path="C:/ti/ccs1271/ccs/tools/compiler/ti-cgt-arm_20.2.7.LTS/include" --define=ccs="ccs" --define=PART_TM4C123GH6PM -g --gcc --diag_warning=225 --diag_wrap=off --display_error_number --abi=eabi --preproc_with_compile --preproc_dependency="lab_2_4/open_interface.d_raw" --obj_directory="lab_2_4"  "../lab_2_4/open_interface.c"
"../lab_2_4/open_interface.c", line 356: warning #179-D: variable "charging_state" was declared but never referenced
Finished building: "../lab_2_4/open_interface.c"
 
gmake: Target 'all' not remade because of errors.

**** Build Finished ****

**** Build of configuration Debug for project lab_1 ****

"C:\\ti\\ccs1271\\ccs\\utils\\bin\\gmake" -k -j 20 all -O 
 
gmake[1]: 'lab_1.out' is up to date.

**** Build Finished ****

**** Build of configuration Debug for project lab_2_2 ****

"C:\\ti\\ccs1271\\ccs\\utils\\bin\\gmake" -k -j 20 all -O 
 
gmake[1]: 'lab_2_2.out' is up to date.

**** Build Finished ****

**** Build of configuration Debug for project lab_2_3 ****

"C:\\ti\\ccs1271\\ccs\\utils\\bin\\gmake" -k -j 20 all -O 
 
gmake[1]: 'lab_2_3.out' is up to date.

**** Build Finished ****

**** Build of configuration Debug for project lab_2_4 ****

"C:\\ti\\ccs1271\\ccs\\utils\\bin\\gmake" -k -j 20 all -O 
 
gmake[1]: 'lab_2_4.out' is up to date.

**** Build Finished ****

**** Build of configuration Debug for project lab_2_5 ****

"C:\\ti\\ccs1271\\ccs\\utils\\bin\\gmake" -k -j 20 all -O 
 
gmake[1]: 'lab_2_5.out' is up to date.

**** Build Finished ****

**** Build of configuration Debug for project lab_2_6 ****

"C:\\ti\\ccs1271\\ccs\\utils\\bin\\gmake" -k -j 20 all -O 
 
Building file: "../button.c"
Invoking: Arm Compiler
"C:/ti/ccs1271/ccs/tools/compiler/ti-cgt-arm_20.2.7.LTS/bin/armcl" -mv7M4 --code_state=16 --float_support=FPv4SPD16 -me --include_path="U:/cpre_2880/lab_3/lab_3_2" --include_path="C:/ti/TivaWare_C_Series-2.2.0.295" --include_path="C:/ti/ccs1271/ccs/tools/compiler/ti-cgt-arm_20.2.7.LTS/include" --define=ccs="ccs" --define=PART_TM4C123GH6PM -g --gcc --diag_warning=225 --diag_wrap=off --display_error_number --abi=eabi --preproc_with_compile --preproc_dependency="button.d_raw"  "../button.c"
Finished building: "../button.c"
 
Building file: "../lab3_template.c"
Invoking: Arm Compiler
"C:/ti/ccs1271/ccs/tools/compiler/ti-cgt-arm_20.2.7.LTS/bin/armcl" -mv7M4 --code_state=16 --float_support=FPv4SPD16 -me --include_path="U:/cpre_2880/lab_3/lab_3_2" --include_path="C:/ti/TivaWare_C_Series-2.2.0.295" --include_path="C:/ti/ccs1271/ccs/tools/compiler/ti-cgt-arm_20.2.7.LTS/include" --define=ccs="ccs" --define=PART_TM4C123GH6PM -g --gcc --diag_warning=225 --diag_wrap=off --display_error_number --abi=eabi --preproc_with_compile --preproc_dependency="lab3_template.d_raw"  "../lab3_template.c"
Finished building: "../lab3_template.c"
 
Building target: "lab_2_6.out"
Invoking: Arm Linker
"C:/ti/ccs1271/ccs/tools/compiler/ti-cgt-arm_20.2.7.LTS/bin/armcl" -mv7M4 --code_state=16 --float_support=FPv4SPD16 -me --define=ccs="ccs" --define=PART_TM4C123GH6PM -g --gcc --diag_warning=225 --diag_wrap=off --display_error_number --abi=eabi -z -m"lab_2_6.map" --heap_size=1024 --stack_size=2048 -i"C:/ti/ccs1271/ccs/tools/compiler/ti-cgt-arm_20.2.7.LTS/lib" -i"C:/ti/ccs1271/ccs/tools/compiler/ti-cgt-arm_20.2.7.LTS/include" --reread_libs --diag_wrap=off --display_error_number --warn_sections --xml_link_info="lab_2_6_linkInfo.xml" --rom_model -o "lab_2_6.out" "./Timer.obj" "./button.obj" "./lab3_template.obj" "./lcd.obj" "./tm4c123gh6pm_startup_ccs.obj" "../lab_2_4/Debug/Timer.obj" "../lab_2_4/Debug/lcd.obj" "../lab_2_4/Debug/main.obj" "../lab_2_4/Debug/movement.obj" "../lab_2_4/Debug/open_interface.obj" "../lab_2_4/Debug/tm4c123gh6pm_startup_ccs.obj" "./lab_2_4/Timer.obj" "./lab_2_4/lcd.obj" "./lab_2_4/main.obj" "./lab_2_4/movement.obj" "./lab_2_4/open_interface.obj" "./lab_2_4/tm4c123gh6pm_startup_ccs.obj" "../libcybotUART.lib" "../tm4c123gh6pm.cmd" "../lab_2_4/libcybotUART.lib" "../lab_2_4/tm4c123gh6pm.cmd"  -llibc.a -l"C:/ti/TivaWare_C_Series-2.2.0.295/driverlib/ccs/Debug/driverlib.lib" 
<Linking>
"../lab_2_4/tm4c123gh6pm.cmd", line 13: error #10263: FLASH memory range has already been specified
"../lab_2_4/tm4c123gh6pm.cmd", line 13: error #10264: FLASH memory range overlaps existing memory range FLASH
"../lab_2_4/tm4c123gh6pm.cmd", line 14: error #10263: SRAM memory range has already been specified
"../lab_2_4/tm4c123gh6pm.cmd", line 14: error #10264: SRAM memory range overlaps existing memory range SRAM
"../lab_2_4/tm4c123gh6pm.cmd", line 45: warning #10190-D: absolute symbol "__STACK_TOP" being redefined
"../lab_2_4/tm4c123gh6pm.cmd", line 45: warning #10190-D: absolute symbol "__STACK_TOP" being redefined
error #10056: symbol "timer_pause" redefined: first defined in "./Timer.obj"; redefined in "../lab_2_4/Debug/Timer.obj"
error #10056: symbol "timer_resume" redefined: first defined in "./Timer.obj"; redefined in "../lab_2_4/Debug/Timer.obj"
error #10056: symbol "timer_getMillis" redefined: first defined in "./Timer.obj"; redefined in "../lab_2_4/Debug/Timer.obj"
error #10056: symbol "_running" redefined: first defined in "./Timer.obj"; redefined in "../lab_2_4/Debug/Timer.obj"
error #10056: symbol "timer_init" redefined: first defined in "./Timer.obj"; redefined in "../lab_2_4/Debug/Timer.obj"
error #10056: symbol "timer_stop" redefined: first defined in "./Timer.obj"; redefined in "../lab_2_4/Debug/Timer.obj"
error #10056: symbol "timer_getMicros" redefined: first defined in "./Timer.obj"; redefined in "../lab_2_4/Debug/Timer.obj"
error #10056: symbol "timer_waitMillis" redefined: first defined in "./Timer.obj"; redefined in "../lab_2_4/Debug/Timer.obj"
error #10056: symbol "timer_waitMicros" redefined: first defined in "./Timer.obj"; redefined in "../lab_2_4/Debug/Timer.obj"
error #10056: symbol "lcd_sendCommand" redefined: first defined in "./lcd.obj"; redefined in "../lab_2_4/Debug/lcd.obj"
error #10056: symbol "lcd_sendNibble" redefined: first defined in "./lcd.obj"; redefined in "../lab_2_4/Debug/lcd.obj"
error #10056: symbol "lcd_printf" redefined: first defined in "./lcd.obj"; redefined in "../lab_2_4/Debug/lcd.obj"
error #10056: symbol "lcd_setCursorPos" redefined: first defined in "./lcd.obj"; redefined in "../lab_2_4/Debug/lcd.obj"
error #10056: symbol "lcd_init" redefined: first defined in "./lcd.obj"; redefined in "../lab_2_4/Debug/lcd.obj"
error #10056: symbol "lcd_puts" redefined: first defined in "./lcd.obj"; redefined in "../lab_2_4/Debug/lcd.obj"
error #10056: symbol "lcd_putc" redefined: first defined in "./lcd.obj"; redefined in "../lab_2_4/Debug/lcd.obj"
error #10056: symbol "lcd_reverseNibble" redefined: first defined in "./lcd.obj"; redefined in "../lab_2_4/Debug/lcd.obj"
error #10056: symbol "lcd_gotoLine" redefined: first defined in "./lcd.obj"; redefined in "../lab_2_4/Debug/lcd.obj"
error #10056: symbol "main" redefined: first defined in "./lab3_template.obj"; redefined in "../lab_2_4/Debug/main.obj"
error #10056: symbol "ResetISR" redefined: first defined in "./tm4c123gh6pm_startup_ccs.obj"; redefined in "../lab_2_4/Debug/tm4c123gh6pm_startup_ccs.obj"
error #10056: symbol "g_pfnVectors" redefined: first defined in "./tm4c123gh6pm_startup_ccs.obj"; redefined in "../lab_2_4/Debug/tm4c123gh6pm_startup_ccs.obj"
error #10056: symbol "timer_pause" redefined: first defined in "./Timer.obj"; redefined in "./lab_2_4/Timer.obj"
error #10056: symbol "timer_resume" redefined: first defined in "./Timer.obj"; redefined in "./lab_2_4/Timer.obj"
error #10056: symbol "timer_getMillis" redefined: first defined in "./Timer.obj"; redefined in "./lab_2_4/Timer.obj"
error #10056: symbol "_running" redefined: first defined in "./Timer.obj"; redefined in "./lab_2_4/Timer.obj"
error #10056: symbol "timer_init" redefined: first defined in "./Timer.obj"; redefined in "./lab_2_4/Timer.obj"
error #10056: symbol "timer_stop" redefined: first defined in "./Timer.obj"; redefined in "./lab_2_4/Timer.obj"
error #10056: symbol "timer_getMicros" redefined: first defined in "./Timer.obj"; redefined in "./lab_2_4/Timer.obj"
error #10056: symbol "timer_waitMillis" redefined: first defined in "./Timer.obj"; redefined in "./lab_2_4/Timer.obj"
error #10056: symbol "timer_waitMicros" redefined: first defined in "./Timer.obj"; redefined in "./lab_2_4/Timer.obj"
error #10056: symbol "lcd_sendCommand" redefined: first defined in "./lcd.obj"; redefined in "./lab_2_4/lcd.obj"
error #10056: symbol "lcd_sendNibble" redefined: first defined in "./lcd.obj"; redefined in "./lab_2_4/lcd.obj"
error #10056: symbol "lcd_printf" redefined: first defined in "./lcd.obj"; redefined in "./lab_2_4/lcd.obj"
error #10056: symbol "lcd_setCursorPos" redefined: first defined in "./lcd.obj"; redefined in "./lab_2_4/lcd.obj"
error #10056: symbol "lcd_init" redefined: first defined in "./lcd.obj"; redefined in "./lab_2_4/lcd.obj"
error #10056: symbol "lcd_puts" redefined: first defined in "./lcd.obj"; redefined in "./lab_2_4/lcd.obj"
error #10056: symbol "lcd_putc" redefined: first defined in "./lcd.obj"; redefined in "./lab_2_4/lcd.obj"
error #10056: symbol "lcd_reverseNibble" redefined: first defined in "./lcd.obj"; redefined in "./lab_2_4/lcd.obj"
error #10056: symbol "lcd_gotoLine" redefined: first defined in "./lcd.obj"; redefined in "./lab_2_4/lcd.obj"
error #10056: symbol "main" redefined: first defined in "./lab3_template.obj"; redefined in "./lab_2_4/main.obj"
error #10056: symbol "move_forward" redefined: first defined in "../lab_2_4/Debug/movement.obj"; redefined in "./lab_2_4/movement.obj"
error #10056: symbol "turn_clockwise" redefined: first defined in "../lab_2_4/Debug/movement.obj"; redefined in "./lab_2_4/movement.obj"
error #10056: symbol "turn_counter_clockwise" redefined: first defined in "../lab_2_4/Debug/movement.obj"; redefined in "./lab_2_4/movement.obj"
error #10056: symbol "move_backward" redefined: first defined in "../lab_2_4/Debug/movement.obj"; redefined in "./lab_2_4/movement.obj"
error #10056: symbol "go_around" redefined: first defined in "../lab_2_4/Debug/movement.obj"; redefined in "./lab_2_4/movement.obj"
error #10056: symbol "go_charge" redefined: first defined in "../lab_2_4/Debug/open_interface.obj"; redefined in "./lab_2_4/open_interface.obj"
error #10056: symbol "GPIOF_Handler" redefined: first defined in "../lab_2_4/Debug/open_interface.obj"; redefined in "./lab_2_4/open_interface.obj"
error #10056: symbol "oi_free" redefined: first defined in "../lab_2_4/Debug/open_interface.obj"; redefined in "./lab_2_4/open_interface.obj"
error #10056: symbol "oi_getMotorCalibrationRight" redefined: first defined in "../lab_2_4/Debug/open_interface.obj"; redefined in "./lab_2_4/open_interface.obj"
error #10056: symbol "oi_uartReceive" redefined: first defined in "../lab_2_4/Debug/open_interface.obj"; redefined in "./lab_2_4/open_interface.obj"
error #10056: symbol "oi_setWheels" redefined: first defined in "../lab_2_4/Debug/open_interface.obj"; redefined in "./lab_2_4/open_interface.obj"
error #10056: symbol "oi_shutoff_init" redefined: first defined in "../lab_2_4/Debug/open_interface.obj"; redefined in "./lab_2_4/open_interface.obj"
error #10056: symbol "motor_cal_factor_L" redefined: first defined in "../lab_2_4/Debug/open_interface.obj"; redefined in "./lab_2_4/open_interface.obj"
error #10056: symbol "motor_cal_factor_R" redefined: first defined in "../lab_2_4/Debug/open_interface.obj"; redefined in "./lab_2_4/open_interface.obj"
error #10056: symbol "oi_setMotorCalibration" redefined: first defined in "../lab_2_4/Debug/open_interface.obj"; redefined in "./lab_2_4/open_interface.obj"
error #10056: symbol "oi_uartSendStr" redefined: first defined in "../lab_2_4/Debug/open_interface.obj"; redefined in "./lab_2_4/open_interface.obj"
error #10056: symbol "oi_close" redefined: first defined in "../lab_2_4/Debug/open_interface.obj"; redefined in "./lab_2_4/open_interface.obj"
error #10056: symbol "oi_uartSendBuff" redefined: first defined in "../lab_2_4/Debug/open_interface.obj"; redefined in "./lab_2_4/open_interface.obj"
error #10056: symbol "oi_checkFirmware" redefined: first defined in "../lab_2_4/Debug/open_interface.obj"; redefined in "./lab_2_4/open_interface.obj"
error #10056: symbol "oi_init_noupdate" redefined: first defined in "../lab_2_4/Debug/open_interface.obj"; redefined in "./lab_2_4/open_interface.obj"
error #10056: symbol "oi_uartSendChar" redefined: first defined in "../lab_2_4/Debug/open_interface.obj"; redefined in "./lab_2_4/open_interface.obj"
error #10056: symbol "oi_alloc" redefined: first defined in "../lab_2_4/Debug/open_interface.obj"; redefined in "./lab_2_4/open_interface.obj"
error #10056: symbol "oi_getMotorCalibrationLeft" redefined: first defined in "../lab_2_4/Debug/open_interface.obj"; redefined in "./lab_2_4/open_interface.obj"
error #10056: symbol "oi_loadSong" redefined: first defined in "../lab_2_4/Debug/open_interface.obj"; redefined in "./lab_2_4/open_interface.obj"
error #10056: symbol "oi_play_song" redefined: first defined in "../lab_2_4/Debug/open_interface.obj"; redefined in "./lab_2_4/open_interface.obj"
error #10056: symbol "oi_parsePacket" redefined: first defined in "../lab_2_4/Debug/open_interface.obj"; redefined in "./lab_2_4/open_interface.obj"
error #10056: symbol "oi_setLeds" redefined: first defined in "../lab_2_4/Debug/open_interface.obj"; redefined in "./lab_2_4/open_interface.obj"
error #10056: symbol "oi_init" redefined: first defined in "../lab_2_4/Debug/open_interface.obj"; redefined in "./lab_2_4/open_interface.obj"
error #10056: symbol "oi_update" redefined: first defined in "../lab_2_4/Debug/open_interface.obj"; redefined in "./lab_2_4/open_interface.obj"
error #10056: symbol "oi_uartInit" redefined: first defined in "../lab_2_4/Debug/open_interface.obj"; redefined in "./lab_2_4/open_interface.obj"
error #10056: symbol "ResetISR" redefined: first defined in "./tm4c123gh6pm_startup_ccs.obj"; redefined in "./lab_2_4/tm4c123gh6pm_startup_ccs.obj"
error #10056: symbol "g_pfnVectors" redefined: first defined in "./tm4c123gh6pm_startup_ccs.obj"; redefined in "./lab_2_4/tm4c123gh6pm_startup_ccs.obj"
"../lab_2_4/tm4c123gh6pm.cmd", line 45: warning #10190-D: absolute symbol "__STACK_TOP" being redefined
error #10010: errors encountered during linking; "lab_2_6.out" not built
 
gmake[1]: *** [lab_2_6.out] Error 1
>> Compilation failure
makefile:159: recipe for target 'lab_2_6.out' failed
gmake: *** [all] Error 2
makefile:155: recipe for target 'all' failed

**** Build Finished ****

**** Build of configuration Debug for project lab_1 ****

"C:\\ti\\ccs1271\\ccs\\utils\\bin\\gmake" -k -j 20 all -O 
 
gmake[1]: 'lab_1.out' is up to date.

**** Build Finished ****

**** Build of configuration Debug for project lab_2_2 ****

"C:\\ti\\ccs1271\\ccs\\utils\\bin\\gmake" -k -j 20 all -O 
 
gmake[1]: 'lab_2_2.out' is up to date.

**** Build Finished ****

**** Build of configuration Debug for project lab_2_3 ****

"C:\\ti\\ccs1271\\ccs\\utils\\bin\\gmake" -k -j 20 all -O 
 
gmake[1]: 'lab_2_3.out' is up to date.

**** Build Finished ****

**** Build of configuration Debug for project lab_2_4 ****

"C:\\ti\\ccs1271\\ccs\\utils\\bin\\gmake" -k -j 20 all -O 
 
gmake[1]: 'lab_2_4.out' is up to date.

**** Build Finished ****

**** Build of configuration Debug for project lab_2_5 ****

"C:\\ti\\ccs1271\\ccs\\utils\\bin\\gmake" -k -j 20 all -O 
 
gmake[1]: 'lab_2_5.out' is up to date.

**** Build Finished ****

**** Build of configuration Debug for project lab_2_6 ****

"C:\\ti\\ccs1271\\ccs\\utils\\bin\\gmake" -k -j 20 all -O 
 
Building target: "lab_2_6.out"
Invoking: Arm Linker
"C:/ti/ccs1271/ccs/tools/compiler/ti-cgt-arm_20.2.7.LTS/bin/armcl" -mv7M4 --code_state=16 --float_support=FPv4SPD16 -me --define=ccs="ccs" --define=PART_TM4C123GH6PM -g --gcc --diag_warning=225 --diag_wrap=off --display_error_number --abi=eabi -z -m"lab_2_6.map" --heap_size=1024 --stack_size=2048 -i"C:/ti/ccs1271/ccs/tools/compiler/ti-cgt-arm_20.2.7.LTS/lib" -i"C:/ti/ccs1271/ccs/tools/compiler/ti-cgt-arm_20.2.7.LTS/include" --reread_libs --diag_wrap=off --display_error_number --warn_sections --xml_link_info="lab_2_6_linkInfo.xml" --rom_model -o "lab_2_6.out" "./Timer.obj" "./button.obj" "./lab3_template.obj" "./lcd.obj" "./tm4c123gh6pm_startup_ccs.obj" "../libcybotUART.lib" "../tm4c123gh6pm.cmd"  -llibc.a -l"C:/ti/TivaWare_C_Series-2.2.0.295/driverlib/ccs/Debug/driverlib.lib" 
<Linking>
Finished building target: "lab_2_6.out"
 

**** Build Finished ****

**** Build of configuration Debug for project lab_2_6 ****

"C:\\ti\\ccs1271\\ccs\\utils\\bin\\gmake" -k -j 20 all -O 
 
gmake[1]: 'lab_2_6.out' is up to date.

**** Build Finished ****

**** Build of configuration Debug for project lab_2_6 ****

"C:\\ti\\ccs1271\\ccs\\utils\\bin\\gmake" -k -j 20 all -O 
 
Building file: "../button.c"
Invoking: Arm Compiler
"C:/ti/ccs1271/ccs/tools/compiler/ti-cgt-arm_20.2.7.LTS/bin/armcl" -mv7M4 --code_state=16 --float_support=FPv4SPD16 -me --include_path="U:/cpre_2880/lab_3/lab_3_2" --include_path="C:/ti/TivaWare_C_Series-2.2.0.295" --include_path="C:/ti/ccs1271/ccs/tools/compiler/ti-cgt-arm_20.2.7.LTS/include" --define=ccs="ccs" --define=PART_TM4C123GH6PM -g --gcc --diag_warning=225 --diag_wrap=off --display_error_number --abi=eabi --preproc_with_compile --preproc_dependency="button.d_raw"  "../button.c"
Finished building: "../button.c"
 
Building target: "lab_2_6.out"
Invoking: Arm Linker
"C:/ti/ccs1271/ccs/tools/compiler/ti-cgt-arm_20.2.7.LTS/bin/armcl" -mv7M4 --code_state=16 --float_support=FPv4SPD16 -me --define=ccs="ccs" --define=PART_TM4C123GH6PM -g --gcc --diag_warning=225 --diag_wrap=off --display_error_number --abi=eabi -z -m"lab_2_6.map" --heap_size=1024 --stack_size=2048 -i"C:/ti/ccs1271/ccs/tools/compiler/ti-cgt-arm_20.2.7.LTS/lib" -i"C:/ti/ccs1271/ccs/tools/compiler/ti-cgt-arm_20.2.7.LTS/include" --reread_libs --diag_wrap=off --display_error_number --warn_sections --xml_link_info="lab_2_6_linkInfo.xml" --rom_model -o "lab_2_6.out" "./Timer.obj" "./button.obj" "./lab3_template.obj" "./lcd.obj" "./tm4c123gh6pm_startup_ccs.obj" "../libcybotUART.lib" "../tm4c123gh6pm.cmd"  -llibc.a -l"C:/ti/TivaWare_C_Series-2.2.0.295/driverlib/ccs/Debug/driverlib.lib" 
<Linking>
Finished building target: "lab_2_6.out"
 

**** Build Finished ****

**** Build of configuration Debug for project lab_2_6 ****

"C:\\ti\\ccs1271\\ccs\\utils\\bin\\gmake" -k -j 20 all -O 
 
gmake[1]: 'lab_2_6.out' is up to date.

**** Build Finished ****

**** Build of configuration Debug for project lab_2_6 ****

"C:\\ti\\ccs1271\\ccs\\utils\\bin\\gmake" -k -j 20 all -O 
 
Building file: "../button.c"
Invoking: Arm Compiler
"C:/ti/ccs1271/ccs/tools/compiler/ti-cgt-arm_20.2.7.LTS/bin/armcl" -mv7M4 --code_state=16 --float_support=FPv4SPD16 -me --include_path="U:/cpre_2880/lab_3/lab_3_2" --include_path="C:/ti/TivaWare_C_Series-2.2.0.295" --include_path="C:/ti/ccs1271/ccs/tools/compiler/ti-cgt-arm_20.2.7.LTS/include" --define=ccs="ccs" --define=PART_TM4C123GH6PM -g --gcc --diag_warning=225 --diag_wrap=off --display_error_number --abi=eabi --preproc_with_compile --preproc_dependency="button.d_raw"  "../button.c"
"../button.c", line 116: warning #994-D: missing return statement at end of non-void function "button_getButton"
Finished building: "../button.c"
 
Building target: "lab_2_6.out"
Invoking: Arm Linker
"C:/ti/ccs1271/ccs/tools/compiler/ti-cgt-arm_20.2.7.LTS/bin/armcl" -mv7M4 --code_state=16 --float_support=FPv4SPD16 -me --define=ccs="ccs" --define=PART_TM4C123GH6PM -g --gcc --diag_warning=225 --diag_wrap=off --display_error_number --abi=eabi -z -m"lab_2_6.map" --heap_size=1024 --stack_size=2048 -i"C:/ti/ccs1271/ccs/tools/compiler/ti-cgt-arm_20.2.7.LTS/lib" -i"C:/ti/ccs1271/ccs/tools/compiler/ti-cgt-arm_20.2.7.LTS/include" --reread_libs --diag_wrap=off --display_error_number --warn_sections --xml_link_info="lab_2_6_linkInfo.xml" --rom_model -o "lab_2_6.out" "./Timer.obj" "./button.obj" "./lab3_template.obj" "./lcd.obj" "./tm4c123gh6pm_startup_ccs.obj" "../libcybotUART.lib" "../tm4c123gh6pm.cmd"  -llibc.a -l"C:/ti/TivaWare_C_Series-2.2.0.295/driverlib/ccs/Debug/driverlib.lib" 
<Linking>
Finished building target: "lab_2_6.out"
 

**** Build Finished ****

**** Build of configuration Debug for project lab_2_6 ****

"C:\\ti\\ccs1271\\ccs\\utils\\bin\\gmake" -k -j 20 all -O 
 
gmake[1]: 'lab_2_6.out' is up to date.

**** Build Finished ****

**** Build of configuration Debug for project lab_1 ****

"C:\\ti\\ccs1271\\ccs\\utils\\bin\\gmake" -k -j 20 all -O 
 
gmake[1]: 'lab_1.out' is up to date.

**** Build Finished ****

**** Build of configuration Debug for project lab_2_2 ****

"C:\\ti\\ccs1271\\ccs\\utils\\bin\\gmake" -k -j 20 all -O 
 
gmake[1]: 'lab_2_2.out' is up to date.

**** Build Finished ****

**** Build of configuration Debug for project lab_2_3 ****

"C:\\ti\\ccs1271\\ccs\\utils\\bin\\gmake" -k -j 20 all -O 
 
gmake[1]: 'lab_2_3.out' is up to date.

**** Build Finished ****

**** Build of configuration Debug for project lab_2_4 ****

"C:\\ti\\ccs1271\\ccs\\utils\\bin\\gmake" -k -j 20 all -O 
 
gmake[1]: 'lab_2_4.out' is up to date.

**** Build Finished ****

**** Build of configuration Debug for project lab_2_5 ****

"C:\\ti\\ccs1271\\ccs\\utils\\bin\\gmake" -k -j 20 all -O 
 
gmake[1]: 'lab_2_5.out' is up to date.

**** Build Finished ****

**** Build of configuration Debug for project lab_2_6 ****

"C:\\ti\\ccs1271\\ccs\\utils\\bin\\gmake" -k -j 20 all -O 
 
Building file: "../button.c"
Invoking: Arm Compiler
"C:/ti/ccs1271/ccs/tools/compiler/ti-cgt-arm_20.2.7.LTS/bin/armcl" -mv7M4 --code_state=16 --float_support=FPv4SPD16 -me --include_path="U:/cpre_2880/lab_3/lab_3_2" --include_path="C:/ti/TivaWare_C_Series-2.2.0.295" --include_path="C:/ti/ccs1271/ccs/tools/compiler/ti-cgt-arm_20.2.7.LTS/include" --define=ccs="ccs" --define=PART_TM4C123GH6PM -g --gcc --diag_warning=225 --diag_wrap=off --display_error_number --abi=eabi --preproc_with_compile --preproc_dependency="button.d_raw"  "../button.c"
"../button.c", line 116: warning #994-D: missing return statement at end of non-void function "button_getButton"
Finished building: "../button.c"
 
Building target: "lab_2_6.out"
Invoking: Arm Linker
"C:/ti/ccs1271/ccs/tools/compiler/ti-cgt-arm_20.2.7.LTS/bin/armcl" -mv7M4 --code_state=16 --float_support=FPv4SPD16 -me --define=ccs="ccs" --define=PART_TM4C123GH6PM -g --gcc --diag_warning=225 --diag_wrap=off --display_error_number --abi=eabi -z -m"lab_2_6.map" --heap_size=1024 --stack_size=2048 -i"C:/ti/ccs1271/ccs/tools/compiler/ti-cgt-arm_20.2.7.LTS/lib" -i"C:/ti/ccs1271/ccs/tools/compiler/ti-cgt-arm_20.2.7.LTS/include" --reread_libs --diag_wrap=off --display_error_number --warn_sections --xml_link_info="lab_2_6_linkInfo.xml" --rom_model -o "lab_2_6.out" "./Timer.obj" "./button.obj" "./lab3_template.obj" "./lcd.obj" "./tm4c123gh6pm_startup_ccs.obj" "../libcybotUART.lib" "../tm4c123gh6pm.cmd"  -llibc.a -l"C:/ti/TivaWare_C_Series-2.2.0.295/driverlib/ccs/Debug/driverlib.lib" 
<Linking>
Finished building target: "lab_2_6.out"
 

**** Build Finished ****

**** Build of configuration Debug for project lab_2_6 ****

"C:\\ti\\ccs1271\\ccs\\utils\\bin\\gmake" -k -j 20 all -O 
 
gmake[1]: 'lab_2_6.out' is up to date.

**** Build Finished ****

**** Build of configuration Debug for project lab_1 ****

"C:\\ti\\ccs1271\\ccs\\utils\\bin\\gmake" -k -j 20 all -O 
 
gmake[1]: 'lab_1.out' is up to date.

**** Build Finished ****

**** Build of configuration Debug for project lab_2_2 ****

"C:\\ti\\ccs1271\\ccs\\utils\\bin\\gmake" -k -j 20 all -O 
 
gmake[1]: 'lab_2_2.out' is up to date.

**** Build Finished ****

**** Build of configuration Debug for project lab_2_3 ****

"C:\\ti\\ccs1271\\ccs\\utils\\bin\\gmake" -k -j 20 all -O 
 
gmake[1]: 'lab_2_3.out' is up to date.

**** Build Finished ****

**** Build of configuration Debug for project lab_2_4 ****

"C:\\ti\\ccs1271\\ccs\\utils\\bin\\gmake" -k -j 20 all -O 
 
gmake[1]: 'lab_2_4.out' is up to date.

**** Build Finished ****

**** Build of configuration Debug for project lab_2_5 ****

"C:\\ti\\ccs1271\\ccs\\utils\\bin\\gmake" -k -j 20 all -O 
 
gmake[1]: 'lab_2_5.out' is up to date.

**** Build Finished ****

**** Build of configuration Debug for project lab_2_6 ****

"C:\\ti\\ccs1271\\ccs\\utils\\bin\\gmake" -k -j 20 all -O 
 
Building file: "../button.c"
Invoking: Arm Compiler
"C:/ti/ccs1271/ccs/tools/compiler/ti-cgt-arm_20.2.7.LTS/bin/armcl" -mv7M4 --code_state=16 --float_support=FPv4SPD16 -me --include_path="U:/cpre_2880/lab_3/lab_3_2" --include_path="C:/ti/TivaWare_C_Series-2.2.0.295" --include_path="C:/ti/ccs1271/ccs/tools/compiler/ti-cgt-arm_20.2.7.LTS/include" --define=ccs="ccs" --define=PART_TM4C123GH6PM -g --gcc --diag_warning=225 --diag_wrap=off --display_error_number --abi=eabi --preproc_with_compile --preproc_dependency="button.d_raw"  "../button.c"
"../button.c", line 116: warning #994-D: missing return statement at end of non-void function "button_getButton"
Finished building: "../button.c"
 
Building target: "lab_2_6.out"
Invoking: Arm Linker
"C:/ti/ccs1271/ccs/tools/compiler/ti-cgt-arm_20.2.7.LTS/bin/armcl" -mv7M4 --code_state=16 --float_support=FPv4SPD16 -me --define=ccs="ccs" --define=PART_TM4C123GH6PM -g --gcc --diag_warning=225 --diag_wrap=off --display_error_number --abi=eabi -z -m"lab_2_6.map" --heap_size=1024 --stack_size=2048 -i"C:/ti/ccs1271/ccs/tools/compiler/ti-cgt-arm_20.2.7.LTS/lib" -i"C:/ti/ccs1271/ccs/tools/compiler/ti-cgt-arm_20.2.7.LTS/include" --reread_libs --diag_wrap=off --display_error_number --warn_sections --xml_link_info="lab_2_6_linkInfo.xml" --rom_model -o "lab_2_6.out" "./Timer.obj" "./button.obj" "./lab3_template.obj" "./lcd.obj" "./tm4c123gh6pm_startup_ccs.obj" "../libcybotUART.lib" "../tm4c123gh6pm.cmd"  -llibc.a -l"C:/ti/TivaWare_C_Series-2.2.0.295/driverlib/ccs/Debug/driverlib.lib" 
<Linking>
Finished building target: "lab_2_6.out"
 

**** Build Finished ****

**** Build of configuration Debug for project lab_2_6 ****

"C:\\ti\\ccs1271\\ccs\\utils\\bin\\gmake" -k -j 20 all -O 
 
gmake[1]: 'lab_2_6.out' is up to date.

**** Build Finished ****

**** Build of configuration Debug for project lab_2_6 ****

"C:\\ti\\ccs1271\\ccs\\utils\\bin\\gmake" -k -j 20 all -O 
 
gmake[1]: 'lab_2_6.out' is up to date.

**** Build Finished ****

**** Build of configuration Debug for project lab_2_6 ****

"C:\\ti\\ccs1271\\ccs\\utils\\bin\\gmake" -k -j 20 all -O 
 
Building file: "../button.c"
Invoking: Arm Compiler
"C:/ti/ccs1271/ccs/tools/compiler/ti-cgt-arm_20.2.7.LTS/bin/armcl" -mv7M4 --code_state=16 --float_support=FPv4SPD16 -me --include_path="U:/cpre_2880/lab_3/lab_3_2" --include_path="C:/ti/TivaWare_C_Series-2.2.0.295" --include_path="C:/ti/ccs1271/ccs/tools/compiler/ti-cgt-arm_20.2.7.LTS/include" --define=ccs="ccs" --define=PART_TM4C123GH6PM -g --gcc --diag_warning=225 --diag_wrap=off --display_error_number --abi=eabi --preproc_with_compile --preproc_dependency="button.d_raw"  "../button.c"
"../button.c", line 116: warning #994-D: missing return statement at end of non-void function "button_getButton"
Finished building: "../button.c"
 
Building target: "lab_2_6.out"
Invoking: Arm Linker
"C:/ti/ccs1271/ccs/tools/compiler/ti-cgt-arm_20.2.7.LTS/bin/armcl" -mv7M4 --code_state=16 --float_support=FPv4SPD16 -me --define=ccs="ccs" --define=PART_TM4C123GH6PM -g --gcc --diag_warning=225 --diag_wrap=off --display_error_number --abi=eabi -z -m"lab_2_6.map" --heap_size=1024 --stack_size=2048 -i"C:/ti/ccs1271/ccs/tools/compiler/ti-cgt-arm_20.2.7.LTS/lib" -i"C:/ti/ccs1271/ccs/tools/compiler/ti-cgt-arm_20.2.7.LTS/include" --reread_libs --diag_wrap=off --display_error_number --warn_sections --xml_link_info="lab_2_6_linkInfo.xml" --rom_model -o "lab_2_6.out" "./Timer.obj" "./button.obj" "./lab3_template.obj" "./lcd.obj" "./tm4c123gh6pm_startup_ccs.obj" "../libcybotUART.lib" "../tm4c123gh6pm.cmd"  -llibc.a -l"C:/ti/TivaWare_C_Series-2.2.0.295/driverlib/ccs/Debug/driverlib.lib" 
<Linking>
Finished building target: "lab_2_6.out"
 

**** Build Finished ****

**** Build of configuration Debug for project lab_2_6 ****

"C:\\ti\\ccs1271\\ccs\\utils\\bin\\gmake" -k -j 20 all -O 
 
Building file: "../button.c"
Invoking: Arm Compiler
"C:/ti/ccs1271/ccs/tools/compiler/ti-cgt-arm_20.2.7.LTS/bin/armcl" -mv7M4 --code_state=16 --float_support=FPv4SPD16 -me --include_path="U:/cpre_2880/lab_3/lab_3_2" --include_path="C:/ti/TivaWare_C_Series-2.2.0.295" --include_path="C:/ti/ccs1271/ccs/tools/compiler/ti-cgt-arm_20.2.7.LTS/include" --define=ccs="ccs" --define=PART_TM4C123GH6PM -g --gcc --diag_warning=225 --diag_wrap=off --display_error_number --abi=eabi --preproc_with_compile --preproc_dependency="button.d_raw"  "../button.c"
"../button.c", line 120: warning #994-D: missing return statement at end of non-void function "button_getButton"
Finished building: "../button.c"
 
Building target: "lab_2_6.out"
Invoking: Arm Linker
"C:/ti/ccs1271/ccs/tools/compiler/ti-cgt-arm_20.2.7.LTS/bin/armcl" -mv7M4 --code_state=16 --float_support=FPv4SPD16 -me --define=ccs="ccs" --define=PART_TM4C123GH6PM -g --gcc --diag_warning=225 --diag_wrap=off --display_error_number --abi=eabi -z -m"lab_2_6.map" --heap_size=1024 --stack_size=2048 -i"C:/ti/ccs1271/ccs/tools/compiler/ti-cgt-arm_20.2.7.LTS/lib" -i"C:/ti/ccs1271/ccs/tools/compiler/ti-cgt-arm_20.2.7.LTS/include" --reread_libs --diag_wrap=off --display_error_number --warn_sections --xml_link_info="lab_2_6_linkInfo.xml" --rom_model -o "lab_2_6.out" "./Timer.obj" "./button.obj" "./lab3_template.obj" "./lcd.obj" "./tm4c123gh6pm_startup_ccs.obj" "../libcybotUART.lib" "../tm4c123gh6pm.cmd"  -llibc.a -l"C:/ti/TivaWare_C_Series-2.2.0.295/driverlib/ccs/Debug/driverlib.lib" 
<Linking>
Finished building target: "lab_2_6.out"
 

**** Build Finished ****

**** Build of configuration Debug for project lab_2_6 ****

"C:\\ti\\ccs1271\\ccs\\utils\\bin\\gmake" -k -j 20 all -O 
 
gmake[1]: 'lab_2_6.out' is up to date.

**** Build Finished ****

**** Build of configuration Debug for project lab_2_6 ****

"C:\\ti\\ccs1271\\ccs\\utils\\bin\\gmake" -k -j 20 all -O 
 
gmake[1]: 'lab_2_6.out' is up to date.

**** Build Finished ****

**** Build of configuration Debug for project lab_2_6 ****

"C:\\ti\\ccs1271\\ccs\\utils\\bin\\gmake" -k -j 20 all -O 
 
gmake[1]: 'lab_2_6.out' is up to date.

**** Build Finished ****

**** Build of configuration Debug for project lab_1 ****

"C:\\ti\\ccs1271\\ccs\\utils\\bin\\gmake" -k -j 20 all -O 
 
gmake[1]: 'lab_1.out' is up to date.

**** Build Finished ****

**** Build of configuration Debug for project lab_2_2 ****

"C:\\ti\\ccs1271\\ccs\\utils\\bin\\gmake" -k -j 20 all -O 
 
gmake[1]: 'lab_2_2.out' is up to date.

**** Build Finished ****

**** Build of configuration Debug for project lab_2_3 ****

"C:\\ti\\ccs1271\\ccs\\utils\\bin\\gmake" -k -j 20 all -O 
 
gmake[1]: 'lab_2_3.out' is up to date.

**** Build Finished ****

**** Build of configuration Debug for project lab_2_4 ****

"C:\\ti\\ccs1271\\ccs\\utils\\bin\\gmake" -k -j 20 all -O 
 
gmake[1]: 'lab_2_4.out' is up to date.

**** Build Finished ****

**** Build of configuration Debug for project lab_2_5 ****

"C:\\ti\\ccs1271\\ccs\\utils\\bin\\gmake" -k -j 20 all -O 
 
gmake[1]: 'lab_2_5.out' is up to date.

**** Build Finished ****

**** Build of configuration Debug for project lab_2_6 ****

"C:\\ti\\ccs1271\\ccs\\utils\\bin\\gmake" -k -j 20 all -O 
 
Building file: "../button.c"
Invoking: Arm Compiler
"C:/ti/ccs1271/ccs/tools/compiler/ti-cgt-arm_20.2.7.LTS/bin/armcl" -mv7M4 --code_state=16 --float_support=FPv4SPD16 -me --include_path="U:/cpre_2880/lab_3/lab_3_2" --include_path="C:/ti/TivaWare_C_Series-2.2.0.295" --include_path="C:/ti/ccs1271/ccs/tools/compiler/ti-cgt-arm_20.2.7.LTS/include" --define=ccs="ccs" --define=PART_TM4C123GH6PM -g --gcc --diag_warning=225 --diag_wrap=off --display_error_number --abi=eabi --preproc_with_compile --preproc_dependency="button.d_raw"  "../button.c"
"../button.c", line 120: warning #994-D: missing return statement at end of non-void function "button_getButton"
Finished building: "../button.c"
 
Building target: "lab_2_6.out"
Invoking: Arm Linker
"C:/ti/ccs1271/ccs/tools/compiler/ti-cgt-arm_20.2.7.LTS/bin/armcl" -mv7M4 --code_state=16 --float_support=FPv4SPD16 -me --define=ccs="ccs" --define=PART_TM4C123GH6PM -g --gcc --diag_warning=225 --diag_wrap=off --display_error_number --abi=eabi -z -m"lab_2_6.map" --heap_size=1024 --stack_size=2048 -i"C:/ti/ccs1271/ccs/tools/compiler/ti-cgt-arm_20.2.7.LTS/lib" -i"C:/ti/ccs1271/ccs/tools/compiler/ti-cgt-arm_20.2.7.LTS/include" --reread_libs --diag_wrap=off --display_error_number --warn_sections --xml_link_info="lab_2_6_linkInfo.xml" --rom_model -o "lab_2_6.out" "./Timer.obj" "./button.obj" "./lab3_template.obj" "./lcd.obj" "./tm4c123gh6pm_startup_ccs.obj" "../libcybotUART.lib" "../tm4c123gh6pm.cmd"  -llibc.a -l"C:/ti/TivaWare_C_Series-2.2.0.295/driverlib/ccs/Debug/driverlib.lib" 
<Linking>
Finished building target: "lab_2_6.out"
 

**** Build Finished ****

**** Build of configuration Debug for project lab_2_6 ****

"C:\\ti\\ccs1271\\ccs\\utils\\bin\\gmake" -k -j 20 all -O 
 
gmake[1]: 'lab_2_6.out' is up to date.

**** Build Finished ****

**** Build of configuration Debug for project lab_1 ****

"C:\\ti\\ccs1271\\ccs\\utils\\bin\\gmake" -k -j 20 all -O 
 
gmake[1]: 'lab_1.out' is up to date.

**** Build Finished ****

**** Build of configuration Debug for project lab_2_2 ****

"C:\\ti\\ccs1271\\ccs\\utils\\bin\\gmake" -k -j 20 all -O 
 
gmake[1]: 'lab_2_2.out' is up to date.

**** Build Finished ****

**** Build of configuration Debug for project lab_2_3 ****

"C:\\ti\\ccs1271\\ccs\\utils\\bin\\gmake" -k -j 20 all -O 
 
gmake[1]: 'lab_2_3.out' is up to date.

**** Build Finished ****

**** Build of configuration Debug for project lab_2_4 ****

"C:\\ti\\ccs1271\\ccs\\utils\\bin\\gmake" -k -j 20 all -O 
 
gmake[1]: 'lab_2_4.out' is up to date.

**** Build Finished ****

**** Build of configuration Debug for project lab_2_5 ****

"C:\\ti\\ccs1271\\ccs\\utils\\bin\\gmake" -k -j 20 all -O 
 
gmake[1]: 'lab_2_5.out' is up to date.

**** Build Finished ****

**** Build of configuration Debug for project lab_2_6 ****

"C:\\ti\\ccs1271\\ccs\\utils\\bin\\gmake" -k -j 20 all -O 
 
Building file: "../button.c"
Invoking: Arm Compiler
"C:/ti/ccs1271/ccs/tools/compiler/ti-cgt-arm_20.2.7.LTS/bin/armcl" -mv7M4 --code_state=16 --float_support=FPv4SPD16 -me --include_path="U:/cpre_2880/lab_3/lab_3_2" --include_path="C:/ti/TivaWare_C_Series-2.2.0.295" --include_path="C:/ti/ccs1271/ccs/tools/compiler/ti-cgt-arm_20.2.7.LTS/include" --define=ccs="ccs" --define=PART_TM4C123GH6PM -g --gcc --diag_warning=225 --diag_wrap=off --display_error_number --abi=eabi --preproc_with_compile --preproc_dependency="button.d_raw"  "../button.c"
Finished building: "../button.c"
 
Building target: "lab_2_6.out"
Invoking: Arm Linker
"C:/ti/ccs1271/ccs/tools/compiler/ti-cgt-arm_20.2.7.LTS/bin/armcl" -mv7M4 --code_state=16 --float_support=FPv4SPD16 -me --define=ccs="ccs" --define=PART_TM4C123GH6PM -g --gcc --diag_warning=225 --diag_wrap=off --display_error_number --abi=eabi -z -m"lab_2_6.map" --heap_size=1024 --stack_size=2048 -i"C:/ti/ccs1271/ccs/tools/compiler/ti-cgt-arm_20.2.7.LTS/lib" -i"C:/ti/ccs1271/ccs/tools/compiler/ti-cgt-arm_20.2.7.LTS/include" --reread_libs --diag_wrap=off --display_error_number --warn_sections --xml_link_info="lab_2_6_linkInfo.xml" --rom_model -o "lab_2_6.out" "./Timer.obj" "./button.obj" "./lab3_template.obj" "./lcd.obj" "./tm4c123gh6pm_startup_ccs.obj" "../libcybotUART.lib" "../tm4c123gh6pm.cmd"  -llibc.a -l"C:/ti/TivaWare_C_Series-2.2.0.295/driverlib/ccs/Debug/driverlib.lib" 
<Linking>
Finished building target: "lab_2_6.out"
 

**** Build Finished ****

**** Build of configuration Debug for project lab_2_6 ****

"C:\\ti\\ccs1271\\ccs\\utils\\bin\\gmake" -k -j 20 all -O 
 
gmake[1]: 'lab_2_6.out' is up to date.

**** Build Finished ****

**** Build of configuration Debug for project lab_1 ****

"C:\\ti\\ccs1271\\ccs\\utils\\bin\\gmake" -k -j 20 all -O 
 
gmake[1]: 'lab_1.out' is up to date.

**** Build Finished ****

**** Build of configuration Debug for project lab_2_2 ****

"C:\\ti\\ccs1271\\ccs\\utils\\bin\\gmake" -k -j 20 all -O 
 
gmake[1]: 'lab_2_2.out' is up to date.

**** Build Finished ****

**** Build of configuration Debug for project lab_2_3 ****

"C:\\ti\\ccs1271\\ccs\\utils\\bin\\gmake" -k -j 20 all -O 
 
gmake[1]: 'lab_2_3.out' is up to date.

**** Build Finished ****

**** Build of configuration Debug for project lab_2_4 ****

"C:\\ti\\ccs1271\\ccs\\utils\\bin\\gmake" -k -j 20 all -O 
 
gmake[1]: 'lab_2_4.out' is up to date.

**** Build Finished ****

**** Build of configuration Debug for project lab_2_5 ****

"C:\\ti\\ccs1271\\ccs\\utils\\bin\\gmake" -k -j 20 all -O 
 
gmake[1]: 'lab_2_5.out' is up to date.

**** Build Finished ****

**** Build of configuration Debug for project lab_2_6 ****

"C:\\ti\\ccs1271\\ccs\\utils\\bin\\gmake" -k -j 20 all -O 
 
Building file: "../button.c"
Invoking: Arm Compiler
"C:/ti/ccs1271/ccs/tools/compiler/ti-cgt-arm_20.2.7.LTS/bin/armcl" -mv7M4 --code_state=16 --float_support=FPv4SPD16 -me --include_path="U:/cpre_2880/lab_3/lab_3_2" --include_path="C:/ti/TivaWare_C_Series-2.2.0.295" --include_path="C:/ti/ccs1271/ccs/tools/compiler/ti-cgt-arm_20.2.7.LTS/include" --define=ccs="ccs" --define=PART_TM4C123GH6PM -g --gcc --diag_warning=225 --diag_wrap=off --display_error_number --abi=eabi --preproc_with_compile --preproc_dependency="button.d_raw"  "../button.c"
 
>> Compilation failure
subdir_rules.mk:9: recipe for target 'button.obj' failed
"../button.c", line 64: error #148: declaration is incompatible with "uint8_t button_getButton()" (declared at line 22 of "..\button.h")
1 error detected in the compilation of "../button.c".
gmake: *** [button.obj] Error 1
Building file: "../lab3_template.c"
Invoking: Arm Compiler
"C:/ti/ccs1271/ccs/tools/compiler/ti-cgt-arm_20.2.7.LTS/bin/armcl" -mv7M4 --code_state=16 --float_support=FPv4SPD16 -me --include_path="U:/cpre_2880/lab_3/lab_3_2" --include_path="C:/ti/TivaWare_C_Series-2.2.0.295" --include_path="C:/ti/ccs1271/ccs/tools/compiler/ti-cgt-arm_20.2.7.LTS/include" --define=ccs="ccs" --define=PART_TM4C123GH6PM -g --gcc --diag_warning=225 --diag_wrap=off --display_error_number --abi=eabi --preproc_with_compile --preproc_dependency="lab3_template.d_raw"  "../lab3_template.c"
Finished building: "../lab3_template.c"
 
gmake: Target 'all' not remade because of errors.

**** Build Finished ****

**** Build of configuration Debug for project lab_2_6 ****

"C:\\ti\\ccs1271\\ccs\\utils\\bin\\gmake" -k -j 20 all -O 
 
Building file: "../button.c"
Invoking: Arm Compiler
"C:/ti/ccs1271/ccs/tools/compiler/ti-cgt-arm_20.2.7.LTS/bin/armcl" -mv7M4 --code_state=16 --float_support=FPv4SPD16 -me --include_path="U:/cpre_2880/lab_3/lab_3_2" --include_path="C:/ti/TivaWare_C_Series-2.2.0.295" --include_path="C:/ti/ccs1271/ccs/tools/compiler/ti-cgt-arm_20.2.7.LTS/include" --define=ccs="ccs" --define=PART_TM4C123GH6PM -g --gcc --diag_warning=225 --diag_wrap=off --display_error_number --abi=eabi --preproc_with_compile --preproc_dependency="button.d_raw"  "../button.c"
Finished building: "../button.c"
 
Building file: "../lab3_template.c"
Invoking: Arm Compiler
"C:/ti/ccs1271/ccs/tools/compiler/ti-cgt-arm_20.2.7.LTS/bin/armcl" -mv7M4 --code_state=16 --float_support=FPv4SPD16 -me --include_path="U:/cpre_2880/lab_3/lab_3_2" --include_path="C:/ti/TivaWare_C_Series-2.2.0.295" --include_path="C:/ti/ccs1271/ccs/tools/compiler/ti-cgt-arm_20.2.7.LTS/include" --define=ccs="ccs" --define=PART_TM4C123GH6PM -g --gcc --diag_warning=225 --diag_wrap=off --display_error_number --abi=eabi --preproc_with_compile --preproc_dependency="lab3_template.d_raw"  "../lab3_template.c"
Finished building: "../lab3_template.c"
 
Building target: "lab_2_6.out"
Invoking: Arm Linker
"C:/ti/ccs1271/ccs/tools/compiler/ti-cgt-arm_20.2.7.LTS/bin/armcl" -mv7M4 --code_state=16 --float_support=FPv4SPD16 -me --define=ccs="ccs" --define=PART_TM4C123GH6PM -g --gcc --diag_warning=225 --diag_wrap=off --display_error_number --abi=eabi -z -m"lab_2_6.map" --heap_size=1024 --stack_size=2048 -i"C:/ti/ccs1271/ccs/tools/compiler/ti-cgt-arm_20.2.7.LTS/lib" -i"C:/ti/ccs1271/ccs/tools/compiler/ti-cgt-arm_20.2.7.LTS/include" --reread_libs --diag_wrap=off --display_error_number --warn_sections --xml_link_info="lab_2_6_linkInfo.xml" --rom_model -o "lab_2_6.out" "./Timer.obj" "./button.obj" "./lab3_template.obj" "./lcd.obj" "./tm4c123gh6pm_startup_ccs.obj" "../libcybotUART.lib" "../tm4c123gh6pm.cmd"  -llibc.a -l"C:/ti/TivaWare_C_Series-2.2.0.295/driverlib/ccs/Debug/driverlib.lib" 
<Linking>
Finished building target: "lab_2_6.out"
 

**** Build Finished ****

**** Build of configuration Debug for project lab_2_6 ****

"C:\\ti\\ccs1271\\ccs\\utils\\bin\\gmake" -k -j 20 all -O 
 
gmake[1]: 'lab_2_6.out' is up to date.

**** Build Finished ****

**** Build of configuration Debug for project lab_2_5 ****

"C:\\ti\\ccs1271\\ccs\\utils\\bin\\gmake" -k -j 20 all -O 
 
gmake[1]: 'lab_2_5.out' is up to date.

**** Build Finished ****

**** Build of configuration Debug for project lab_2_6 ****

"C:\\ti\\ccs1271\\ccs\\utils\\bin\\gmake" -k -j 20 all -O 
 
Building file: "../button.c"
Invoking: Arm Compiler
"C:/ti/ccs1271/ccs/tools/compiler/ti-cgt-arm_20.2.7.LTS/bin/armcl" -mv7M4 --code_state=16 --float_support=FPv4SPD16 -me --include_path="U:/cpre_2880/lab_3/lab_3_2" --include_path="C:/ti/TivaWare_C_Series-2.2.0.295" --include_path="C:/ti/ccs1271/ccs/tools/compiler/ti-cgt-arm_20.2.7.LTS/include" --define=ccs="ccs" --define=PART_TM4C123GH6PM -g --gcc --diag_warning=225 --diag_wrap=off --display_error_number --abi=eabi --preproc_with_compile --preproc_dependency="button.d_raw"  "../button.c"
 
>> Compilation failure
subdir_rules.mk:9: recipe for target 'button.obj' failed
"../button.c", line 64: error #148: declaration is incompatible with "uint32_t button_getButton()" (declared at line 22 of "..\button.h")
1 error detected in the compilation of "../button.c".
gmake: *** [button.obj] Error 1
Building file: "../lab3_template.c"
Invoking: Arm Compiler
"C:/ti/ccs1271/ccs/tools/compiler/ti-cgt-arm_20.2.7.LTS/bin/armcl" -mv7M4 --code_state=16 --float_support=FPv4SPD16 -me --include_path="U:/cpre_2880/lab_3/lab_3_2" --include_path="C:/ti/TivaWare_C_Series-2.2.0.295" --include_path="C:/ti/ccs1271/ccs/tools/compiler/ti-cgt-arm_20.2.7.LTS/include" --define=ccs="ccs" --define=PART_TM4C123GH6PM -g --gcc --diag_warning=225 --diag_wrap=off --display_error_number --abi=eabi --preproc_with_compile --preproc_dependency="lab3_template.d_raw"  "../lab3_template.c"
Finished building: "../lab3_template.c"
 
gmake: Target 'all' not remade because of errors.

**** Build Finished ****

**** Build of configuration Debug for project lab_2_6 ****

"C:\\ti\\ccs1271\\ccs\\utils\\bin\\gmake" -k -j 20 all -O 
 
Building file: "../button.c"
Invoking: Arm Compiler
"C:/ti/ccs1271/ccs/tools/compiler/ti-cgt-arm_20.2.7.LTS/bin/armcl" -mv7M4 --code_state=16 --float_support=FPv4SPD16 -me --include_path="U:/cpre_2880/lab_3/lab_3_2" --include_path="C:/ti/TivaWare_C_Series-2.2.0.295" --include_path="C:/ti/ccs1271/ccs/tools/compiler/ti-cgt-arm_20.2.7.LTS/include" --define=ccs="ccs" --define=PART_TM4C123GH6PM -g --gcc --diag_warning=225 --diag_wrap=off --display_error_number --abi=eabi --preproc_with_compile --preproc_dependency="button.d_raw"  "../button.c"
Finished building: "../button.c"
 
Building file: "../lab3_template.c"
Invoking: Arm Compiler
"C:/ti/ccs1271/ccs/tools/compiler/ti-cgt-arm_20.2.7.LTS/bin/armcl" -mv7M4 --code_state=16 --float_support=FPv4SPD16 -me --include_path="U:/cpre_2880/lab_3/lab_3_2" --include_path="C:/ti/TivaWare_C_Series-2.2.0.295" --include_path="C:/ti/ccs1271/ccs/tools/compiler/ti-cgt-arm_20.2.7.LTS/include" --define=ccs="ccs" --define=PART_TM4C123GH6PM -g --gcc --diag_warning=225 --diag_wrap=off --display_error_number --abi=eabi --preproc_with_compile --preproc_dependency="lab3_template.d_raw"  "../lab3_template.c"
Finished building: "../lab3_template.c"
 
Building target: "lab_2_6.out"
Invoking: Arm Linker
"C:/ti/ccs1271/ccs/tools/compiler/ti-cgt-arm_20.2.7.LTS/bin/armcl" -mv7M4 --code_state=16 --float_support=FPv4SPD16 -me --define=ccs="ccs" --define=PART_TM4C123GH6PM -g --gcc --diag_warning=225 --diag_wrap=off --display_error_number --abi=eabi -z -m"lab_2_6.map" --heap_size=1024 --stack_size=2048 -i"C:/ti/ccs1271/ccs/tools/compiler/ti-cgt-arm_20.2.7.LTS/lib" -i"C:/ti/ccs1271/ccs/tools/compiler/ti-cgt-arm_20.2.7.LTS/include" --reread_libs --diag_wrap=off --display_error_number --warn_sections --xml_link_info="lab_2_6_linkInfo.xml" --rom_model -o "lab_2_6.out" "./Timer.obj" "./button.obj" "./lab3_template.obj" "./lcd.obj" "./tm4c123gh6pm_startup_ccs.obj" "../libcybotUART.lib" "../tm4c123gh6pm.cmd"  -llibc.a -l"C:/ti/TivaWare_C_Series-2.2.0.295/driverlib/ccs/Debug/driverlib.lib" 
<Linking>
Finished building target: "lab_2_6.out"
 

**** Build Finished ****

**** Build of configuration Debug for project lab_2_6 ****

"C:\\ti\\ccs1271\\ccs\\utils\\bin\\gmake" -k -j 20 all -O 
 
Building file: "../button.c"
Invoking: Arm Compiler
"C:/ti/ccs1271/ccs/tools/compiler/ti-cgt-arm_20.2.7.LTS/bin/armcl" -mv7M4 --code_state=16 --float_support=FPv4SPD16 -me --include_path="U:/cpre_2880/lab_3/lab_3_2" --include_path="C:/ti/TivaWare_C_Series-2.2.0.295" --include_path="C:/ti/ccs1271/ccs/tools/compiler/ti-cgt-arm_20.2.7.LTS/include" --define=ccs="ccs" --define=PART_TM4C123GH6PM -g --gcc --diag_warning=225 --diag_wrap=off --display_error_number --abi=eabi --preproc_with_compile --preproc_dependency="button.d_raw"  "../button.c"
Finished building: "../button.c"
 
Building target: "lab_2_6.out"
Invoking: Arm Linker
"C:/ti/ccs1271/ccs/tools/compiler/ti-cgt-arm_20.2.7.LTS/bin/armcl" -mv7M4 --code_state=16 --float_support=FPv4SPD16 -me --define=ccs="ccs" --define=PART_TM4C123GH6PM -g --gcc --diag_warning=225 --diag_wrap=off --display_error_number --abi=eabi -z -m"lab_2_6.map" --heap_size=1024 --stack_size=2048 -i"C:/ti/ccs1271/ccs/tools/compiler/ti-cgt-arm_20.2.7.LTS/lib" -i"C:/ti/ccs1271/ccs/tools/compiler/ti-cgt-arm_20.2.7.LTS/include" --reread_libs --diag_wrap=off --display_error_number --warn_sections --xml_link_info="lab_2_6_linkInfo.xml" --rom_model -o "lab_2_6.out" "./Timer.obj" "./button.obj" "./lab3_template.obj" "./lcd.obj" "./tm4c123gh6pm_startup_ccs.obj" "../libcybotUART.lib" "../tm4c123gh6pm.cmd"  -llibc.a -l"C:/ti/TivaWare_C_Series-2.2.0.295/driverlib/ccs/Debug/driverlib.lib" 
<Linking>
Finished building target: "lab_2_6.out"
 

**** Build Finished ****

**** Build of configuration Debug for project lab_2_6 ****

"C:\\ti\\ccs1271\\ccs\\utils\\bin\\gmake" -k -j 20 all -O 
 
gmake[1]: 'lab_2_6.out' is up to date.

**** Build Finished ****

**** Build of configuration Debug for project lab_2_6 ****

"C:\\ti\\ccs1271\\ccs\\utils\\bin\\gmake" -k -j 20 all -O 
 
Building file: "../button.c"
Invoking: Arm Compiler
"C:/ti/ccs1271/ccs/tools/compiler/ti-cgt-arm_20.2.7.LTS/bin/armcl" -mv7M4 --code_state=16 --float_support=FPv4SPD16 -me --include_path="U:/cpre_2880/lab_3/lab_3_2" --include_path="C:/ti/TivaWare_C_Series-2.2.0.295" --include_path="C:/ti/ccs1271/ccs/tools/compiler/ti-cgt-arm_20.2.7.LTS/include" --define=ccs="ccs" --define=PART_TM4C123GH6PM -g --gcc --diag_warning=225 --diag_wrap=off --display_error_number --abi=eabi --preproc_with_compile --preproc_dependency="button.d_raw"  "../button.c"
"../button.c", line 119: warning #994-D: missing return statement at end of non-void function "button_getButton"
Finished building: "../button.c"
 
Building target: "lab_2_6.out"
Invoking: Arm Linker
"C:/ti/ccs1271/ccs/tools/compiler/ti-cgt-arm_20.2.7.LTS/bin/armcl" -mv7M4 --code_state=16 --float_support=FPv4SPD16 -me --define=ccs="ccs" --define=PART_TM4C123GH6PM -g --gcc --diag_warning=225 --diag_wrap=off --display_error_number --abi=eabi -z -m"lab_2_6.map" --heap_size=1024 --stack_size=2048 -i"C:/ti/ccs1271/ccs/tools/compiler/ti-cgt-arm_20.2.7.LTS/lib" -i"C:/ti/ccs1271/ccs/tools/compiler/ti-cgt-arm_20.2.7.LTS/include" --reread_libs --diag_wrap=off --display_error_number --warn_sections --xml_link_info="lab_2_6_linkInfo.xml" --rom_model -o "lab_2_6.out" "./Timer.obj" "./button.obj" "./lab3_template.obj" "./lcd.obj" "./tm4c123gh6pm_startup_ccs.obj" "../libcybotUART.lib" "../tm4c123gh6pm.cmd"  -llibc.a -l"C:/ti/TivaWare_C_Series-2.2.0.295/driverlib/ccs/Debug/driverlib.lib" 
<Linking>
Finished building target: "lab_2_6.out"
 

**** Build Finished ****

**** Build of configuration Debug for project lab_2_6 ****

"C:\\ti\\ccs1271\\ccs\\utils\\bin\\gmake" -k -j 20 all -O 
 
gmake[1]: 'lab_2_6.out' is up to date.

**** Build Finished ****

**** Build of configuration Debug for project lab_2_6 ****

"C:\\ti\\ccs1271\\ccs\\utils\\bin\\gmake" -k -j 20 all -O 
 
Building file: "../button.c"
Invoking: Arm Compiler
"C:/ti/ccs1271/ccs/tools/compiler/ti-cgt-arm_20.2.7.LTS/bin/armcl" -mv7M4 --code_state=16 --float_support=FPv4SPD16 -me --include_path="U:/cpre_2880/lab_3/lab_3_2" --include_path="C:/ti/TivaWare_C_Series-2.2.0.295" --include_path="C:/ti/ccs1271/ccs/tools/compiler/ti-cgt-arm_20.2.7.LTS/include" --define=ccs="ccs" --define=PART_TM4C123GH6PM -g --gcc --diag_warning=225 --diag_wrap=off --display_error_number --abi=eabi --preproc_with_compile --preproc_dependency="button.d_raw"  "../button.c"
Finished building: "../button.c"
 
Building target: "lab_2_6.out"
Invoking: Arm Linker
"C:/ti/ccs1271/ccs/tools/compiler/ti-cgt-arm_20.2.7.LTS/bin/armcl" -mv7M4 --code_state=16 --float_support=FPv4SPD16 -me --define=ccs="ccs" --define=PART_TM4C123GH6PM -g --gcc --diag_warning=225 --diag_wrap=off --display_error_number --abi=eabi -z -m"lab_2_6.map" --heap_size=1024 --stack_size=2048 -i"C:/ti/ccs1271/ccs/tools/compiler/ti-cgt-arm_20.2.7.LTS/lib" -i"C:/ti/ccs1271/ccs/tools/compiler/ti-cgt-arm_20.2.7.LTS/include" --reread_libs --diag_wrap=off --display_error_number --warn_sections --xml_link_info="lab_2_6_linkInfo.xml" --rom_model -o "lab_2_6.out" "./Timer.obj" "./button.obj" "./lab3_template.obj" "./lcd.obj" "./tm4c123gh6pm_startup_ccs.obj" "../libcybotUART.lib" "../tm4c123gh6pm.cmd"  -llibc.a -l"C:/ti/TivaWare_C_Series-2.2.0.295/driverlib/ccs/Debug/driverlib.lib" 
<Linking>
Finished building target: "lab_2_6.out"
 

**** Build Finished ****

**** Build of configuration Debug for project lab_2_6 ****

"C:\\ti\\ccs1271\\ccs\\utils\\bin\\gmake" -k -j 20 all -O 
 
gmake[1]: 'lab_2_6.out' is up to date.

**** Build Finished ****

**** Build of configuration Debug for project lab_2_6 ****

"C:\\ti\\ccs1271\\ccs\\utils\\bin\\gmake" -k -j 20 all -O 
 
gmake[1]: 'lab_2_6.out' is up to date.

**** Build Finished ****

**** Build of configuration Debug for project lab_2_6 ****

"C:\\ti\\ccs1271\\ccs\\utils\\bin\\gmake" -k -j 20 all -O 
 
gmake[1]: 'lab_2_6.out' is up to date.

**** Build Finished ****

**** Clean-only build of configuration Debug for project lab_3_4 ****

"C:\\ti\\ccs1271\\ccs\\utils\\bin\\gmake" -k -j 20 clean -O 
 
DEL /F  "lab_3_4.out" 
DEL /F "Timer.obj" "button.obj" "lab3_template.obj" "lcd.obj" "tm4c123gh6pm_startup_ccs.obj" 
DEL /F "Timer.d" "button.d" "lab3_template.d" "lcd.d" "tm4c123gh6pm_startup_ccs.d" 
Could Not Find U:\cpre_2880\lab_3_4\Debug\lab_3_4.out
Finished clean
 

**** Build Finished ****

**** Build of configuration Debug for project lab_3_4 ****

"C:\\ti\\ccs1271\\ccs\\utils\\bin\\gmake" -k -j 20 all -O 
 
Building file: "../button.c"
Invoking: Arm Compiler
"C:/ti/ccs1271/ccs/tools/compiler/ti-cgt-arm_20.2.7.LTS/bin/armcl" -mv7M4 --code_state=16 --float_support=FPv4SPD16 -me --include_path="U:/cpre_2880/lab_3_4" --include_path="C:/ti/TivaWare_C_Series-2.2.0.295" --include_path="C:/ti/ccs1271/ccs/tools/compiler/ti-cgt-arm_20.2.7.LTS/include" --define=ccs="ccs" --define=PART_TM4C123GH6PM -g --gcc --diag_warning=225 --diag_wrap=off --display_error_number --abi=eabi --preproc_with_compile --preproc_dependency="button.d_raw"  "../button.c"
Finished building: "../button.c"
 
Building file: "../Timer.c"
Invoking: Arm Compiler
"C:/ti/ccs1271/ccs/tools/compiler/ti-cgt-arm_20.2.7.LTS/bin/armcl" -mv7M4 --code_state=16 --float_support=FPv4SPD16 -me --include_path="U:/cpre_2880/lab_3_4" --include_path="C:/ti/TivaWare_C_Series-2.2.0.295" --include_path="C:/ti/ccs1271/ccs/tools/compiler/ti-cgt-arm_20.2.7.LTS/include" --define=ccs="ccs" --define=PART_TM4C123GH6PM -g --gcc --diag_warning=225 --diag_wrap=off --display_error_number --abi=eabi --preproc_with_compile --preproc_dependency="Timer.d_raw"  "../Timer.c"
Finished building: "../Timer.c"
 
Building file: "../lab3_template.c"
Invoking: Arm Compiler
"C:/ti/ccs1271/ccs/tools/compiler/ti-cgt-arm_20.2.7.LTS/bin/armcl" -mv7M4 --code_state=16 --float_support=FPv4SPD16 -me --include_path="U:/cpre_2880/lab_3_4" --include_path="C:/ti/TivaWare_C_Series-2.2.0.295" --include_path="C:/ti/ccs1271/ccs/tools/compiler/ti-cgt-arm_20.2.7.LTS/include" --define=ccs="ccs" --define=PART_TM4C123GH6PM -g --gcc --diag_warning=225 --diag_wrap=off --display_error_number --abi=eabi --preproc_with_compile --preproc_dependency="lab3_template.d_raw"  "../lab3_template.c"
Finished building: "../lab3_template.c"
 
Building file: "../tm4c123gh6pm_startup_ccs.c"
Invoking: Arm Compiler
"C:/ti/ccs1271/ccs/tools/compiler/ti-cgt-arm_20.2.7.LTS/bin/armcl" -mv7M4 --code_state=16 --float_support=FPv4SPD16 -me --include_path="U:/cpre_2880/lab_3_4" --include_path="C:/ti/TivaWare_C_Series-2.2.0.295" --include_path="C:/ti/ccs1271/ccs/tools/compiler/ti-cgt-arm_20.2.7.LTS/include" --define=ccs="ccs" --define=PART_TM4C123GH6PM -g --gcc --diag_warning=225 --diag_wrap=off --display_error_number --abi=eabi --preproc_with_compile --preproc_dependency="tm4c123gh6pm_startup_ccs.d_raw"  "../tm4c123gh6pm_startup_ccs.c"
Finished building: "../tm4c123gh6pm_startup_ccs.c"
 
Building file: "../lcd.c"
Invoking: Arm Compiler
"C:/ti/ccs1271/ccs/tools/compiler/ti-cgt-arm_20.2.7.LTS/bin/armcl" -mv7M4 --code_state=16 --float_support=FPv4SPD16 -me --include_path="U:/cpre_2880/lab_3_4" --include_path="C:/ti/TivaWare_C_Series-2.2.0.295" --include_path="C:/ti/ccs1271/ccs/tools/compiler/ti-cgt-arm_20.2.7.LTS/include" --define=ccs="ccs" --define=PART_TM4C123GH6PM -g --gcc --diag_warning=225 --diag_wrap=off --display_error_number --abi=eabi --preproc_with_compile --preproc_dependency="lcd.d_raw"  "../lcd.c"
Finished building: "../lcd.c"
 
Building target: "lab_3_4.out"
Invoking: Arm Linker
"C:/ti/ccs1271/ccs/tools/compiler/ti-cgt-arm_20.2.7.LTS/bin/armcl" -mv7M4 --code_state=16 --float_support=FPv4SPD16 -me --define=ccs="ccs" --define=PART_TM4C123GH6PM -g --gcc --diag_warning=225 --diag_wrap=off --display_error_number --abi=eabi -z -m"lab_3_4.map" --heap_size=1024 --stack_size=2048 -i"C:/ti/ccs1271/ccs/tools/compiler/ti-cgt-arm_20.2.7.LTS/lib" -i"C:/ti/ccs1271/ccs/tools/compiler/ti-cgt-arm_20.2.7.LTS/include" --reread_libs --diag_wrap=off --display_error_number --warn_sections --xml_link_info="lab_3_4_linkInfo.xml" --rom_model -o "lab_3_4.out" "./Timer.obj" "./button.obj" "./lab3_template.obj" "./lcd.obj" "./tm4c123gh6pm_startup_ccs.obj" "../libcybotUART.lib" "../tm4c123gh6pm.cmd"  -llibc.a -l"C:/ti/TivaWare_C_Series-2.2.0.295/driverlib/ccs/Debug/driverlib.lib" 
<Linking>
Finished building target: "lab_3_4.out"
 

**** Build Finished ****

**** Build of configuration Debug for project lab_3_4 ****

"C:\\ti\\ccs1271\\ccs\\utils\\bin\\gmake" -k -j 20 all -O 
 
gmake[1]: 'lab_3_4.out' is up to date.

**** Build Finished ****

**** Build of configuration Debug for project lab_3_4 ****

"C:\\ti\\ccs1271\\ccs\\utils\\bin\\gmake" -k -j 20 all -O 
 
Building file: "../lab3_template.c"
Invoking: Arm Compiler
"C:/ti/ccs1271/ccs/tools/compiler/ti-cgt-arm_20.2.7.LTS/bin/armcl" -mv7M4 --code_state=16 --float_support=FPv4SPD16 -me --include_path="U:/cpre_2880/lab_3_4" --include_path="C:/ti/TivaWare_C_Series-2.2.0.295" --include_path="C:/ti/ccs1271/ccs/tools/compiler/ti-cgt-arm_20.2.7.LTS/include" --define=ccs="ccs" --define=PART_TM4C123GH6PM -g --gcc --diag_warning=225 --diag_wrap=off --display_error_number --abi=eabi --preproc_with_compile --preproc_dependency="lab3_template.d_raw"  "../lab3_template.c"
Finished building: "../lab3_template.c"
 
Building target: "lab_3_4.out"
Invoking: Arm Linker
"C:/ti/ccs1271/ccs/tools/compiler/ti-cgt-arm_20.2.7.LTS/bin/armcl" -mv7M4 --code_state=16 --float_support=FPv4SPD16 -me --define=ccs="ccs" --define=PART_TM4C123GH6PM -g --gcc --diag_warning=225 --diag_wrap=off --display_error_number --abi=eabi -z -m"lab_3_4.map" --heap_size=1024 --stack_size=2048 -i"C:/ti/ccs1271/ccs/tools/compiler/ti-cgt-arm_20.2.7.LTS/lib" -i"C:/ti/ccs1271/ccs/tools/compiler/ti-cgt-arm_20.2.7.LTS/include" --reread_libs --diag_wrap=off --display_error_number --warn_sections --xml_link_info="lab_3_4_linkInfo.xml" --rom_model -o "lab_3_4.out" "./Timer.obj" "./button.obj" "./lab3_template.obj" "./lcd.obj" "./tm4c123gh6pm_startup_ccs.obj" "../libcybotUART.lib" "../tm4c123gh6pm.cmd"  -llibc.a -l"C:/ti/TivaWare_C_Series-2.2.0.295/driverlib/ccs/Debug/driverlib.lib" 
<Linking>
Finished building target: "lab_3_4.out"
 

**** Build Finished ****

**** Build of configuration Debug for project lab_3_4 ****

"C:\\ti\\ccs1271\\ccs\\utils\\bin\\gmake" -k -j 20 all -O 
 
Building file: "../lab3_template.c"
Invoking: Arm Compiler
"C:/ti/ccs1271/ccs/tools/compiler/ti-cgt-arm_20.2.7.LTS/bin/armcl" -mv7M4 --code_state=16 --float_support=FPv4SPD16 -me --include_path="U:/cpre_2880/lab_3_4" --include_path="C:/ti/TivaWare_C_Series-2.2.0.295" --include_path="C:/ti/ccs1271/ccs/tools/compiler/ti-cgt-arm_20.2.7.LTS/include" --define=ccs="ccs" --define=PART_TM4C123GH6PM -g --gcc --diag_warning=225 --diag_wrap=off --display_error_number --abi=eabi --preproc_with_compile --preproc_dependency="lab3_template.d_raw"  "../lab3_template.c"
 
>> Compilation failure
subdir_rules.mk:9: recipe for target 'lab3_template.obj' failed
"../lab3_template.c", line 32: error #41: expected an identifier
"../lab3_template.c", line 32: error #66: expected a ";"
"../lab3_template.c", line 34: error #20: identifier "current_button" is undefined
3 errors detected in the compilation of "../lab3_template.c".
gmake: *** [lab3_template.obj] Error 1
gmake: Target 'all' not remade because of errors.

**** Build Finished ****

**** Build of configuration Debug for project lab_1 ****

"C:\\ti\\ccs1271\\ccs\\utils\\bin\\gmake" -k -j 20 all -O 
 
gmake[1]: 'lab_1.out' is up to date.

**** Build Finished ****

**** Build of configuration Debug for project lab_2_2 ****

"C:\\ti\\ccs1271\\ccs\\utils\\bin\\gmake" -k -j 20 all -O 
 
gmake[1]: 'lab_2_2.out' is up to date.

**** Build Finished ****

**** Build of configuration Debug for project lab_2_3 ****

"C:\\ti\\ccs1271\\ccs\\utils\\bin\\gmake" -k -j 20 all -O 
 
gmake[1]: 'lab_2_3.out' is up to date.

**** Build Finished ****

**** Build of configuration Debug for project lab_2_4 ****

"C:\\ti\\ccs1271\\ccs\\utils\\bin\\gmake" -k -j 20 all -O 
 
gmake[1]: 'lab_2_4.out' is up to date.

**** Build Finished ****

**** Build of configuration Debug for project lab_2_5 ****

"C:\\ti\\ccs1271\\ccs\\utils\\bin\\gmake" -k -j 20 all -O 
 
gmake[1]: 'lab_2_5.out' is up to date.

**** Build Finished ****

**** Build of configuration Debug for project lab_2_6 ****

"C:\\ti\\ccs1271\\ccs\\utils\\bin\\gmake" -k -j 20 all -O 
 
gmake[1]: 'lab_2_6.out' is up to date.

**** Build Finished ****

**** Build of configuration Debug for project lab_3_4 ****

"C:\\ti\\ccs1271\\ccs\\utils\\bin\\gmake" -k -j 20 all -O 
 
Building file: "../lab3_template.c"
Invoking: Arm Compiler
"C:/ti/ccs1271/ccs/tools/compiler/ti-cgt-arm_20.2.7.LTS/bin/armcl" -mv7M4 --code_state=16 --float_support=FPv4SPD16 -me --include_path="U:/cpre_2880/lab_3_4" --include_path="C:/ti/TivaWare_C_Series-2.2.0.295" --include_path="C:/ti/ccs1271/ccs/tools/compiler/ti-cgt-arm_20.2.7.LTS/include" --define=ccs="ccs" --define=PART_TM4C123GH6PM -g --gcc --diag_warning=225 --diag_wrap=off --display_error_number --abi=eabi --preproc_with_compile --preproc_dependency="lab3_template.d_raw"  "../lab3_template.c"
Finished building: "../lab3_template.c"
 
Building target: "lab_3_4.out"
Invoking: Arm Linker
"C:/ti/ccs1271/ccs/tools/compiler/ti-cgt-arm_20.2.7.LTS/bin/armcl" -mv7M4 --code_state=16 --float_support=FPv4SPD16 -me --define=ccs="ccs" --define=PART_TM4C123GH6PM -g --gcc --diag_warning=225 --diag_wrap=off --display_error_number --abi=eabi -z -m"lab_3_4.map" --heap_size=1024 --stack_size=2048 -i"C:/ti/ccs1271/ccs/tools/compiler/ti-cgt-arm_20.2.7.LTS/lib" -i"C:/ti/ccs1271/ccs/tools/compiler/ti-cgt-arm_20.2.7.LTS/include" --reread_libs --diag_wrap=off --display_error_number --warn_sections --xml_link_info="lab_3_4_linkInfo.xml" --rom_model -o "lab_3_4.out" "./Timer.obj" "./button.obj" "./lab3_template.obj" "./lcd.obj" "./tm4c123gh6pm_startup_ccs.obj" "../libcybotUART.lib" "../tm4c123gh6pm.cmd"  -llibc.a -l"C:/ti/TivaWare_C_Series-2.2.0.295/driverlib/ccs/Debug/driverlib.lib" 
<Linking>
Finished building target: "lab_3_4.out"
 

**** Build Finished ****

**** Build of configuration Debug for project lab_3_4 ****

"C:\\ti\\ccs1271\\ccs\\utils\\bin\\gmake" -k -j 20 all -O 
 
gmake[1]: 'lab_3_4.out' is up to date.

**** Build Finished ****

**** Build of configuration Debug for project lab_3_4 ****

"C:\\ti\\ccs1271\\ccs\\utils\\bin\\gmake" -k -j 20 all -O 
 
Building file: "../lab3_template.c"
Invoking: Arm Compiler
"C:/ti/ccs1271/ccs/tools/compiler/ti-cgt-arm_20.2.7.LTS/bin/armcl" -mv7M4 --code_state=16 --float_support=FPv4SPD16 -me --include_path="U:/cpre_2880/lab_3_4" --include_path="C:/ti/TivaWare_C_Series-2.2.0.295" --include_path="C:/ti/ccs1271/ccs/tools/compiler/ti-cgt-arm_20.2.7.LTS/include" --define=ccs="ccs" --define=PART_TM4C123GH6PM -g --gcc --diag_warning=225 --diag_wrap=off --display_error_number --abi=eabi --preproc_with_compile --preproc_dependency="lab3_template.d_raw"  "../lab3_template.c"
Finished building: "../lab3_template.c"
 
Building target: "lab_3_4.out"
Invoking: Arm Linker
"C:/ti/ccs1271/ccs/tools/compiler/ti-cgt-arm_20.2.7.LTS/bin/armcl" -mv7M4 --code_state=16 --float_support=FPv4SPD16 -me --define=ccs="ccs" --define=PART_TM4C123GH6PM -g --gcc --diag_warning=225 --diag_wrap=off --display_error_number --abi=eabi -z -m"lab_3_4.map" --heap_size=1024 --stack_size=2048 -i"C:/ti/ccs1271/ccs/tools/compiler/ti-cgt-arm_20.2.7.LTS/lib" -i"C:/ti/ccs1271/ccs/tools/compiler/ti-cgt-arm_20.2.7.LTS/include" --reread_libs --diag_wrap=off --display_error_number --warn_sections --xml_link_info="lab_3_4_linkInfo.xml" --rom_model -o "lab_3_4.out" "./Timer.obj" "./button.obj" "./lab3_template.obj" "./lcd.obj" "./tm4c123gh6pm_startup_ccs.obj" "../libcybotUART.lib" "../tm4c123gh6pm.cmd"  -llibc.a -l"C:/ti/TivaWare_C_Series-2.2.0.295/driverlib/ccs/Debug/driverlib.lib" 
<Linking>
Finished building target: "lab_3_4.out"
 

**** Build Finished ****

**** Build of configuration Debug for project lab_3_4 ****

"C:\\ti\\ccs1271\\ccs\\utils\\bin\\gmake" -k -j 20 all -O 
 
Building file: "../lab3_template.c"
Invoking: Arm Compiler
"C:/ti/ccs1271/ccs/tools/compiler/ti-cgt-arm_20.2.7.LTS/bin/armcl" -mv7M4 --code_state=16 --float_support=FPv4SPD16 -me --include_path="U:/cpre_2880/lab_3_4" --include_path="C:/ti/TivaWare_C_Series-2.2.0.295" --include_path="C:/ti/ccs1271/ccs/tools/compiler/ti-cgt-arm_20.2.7.LTS/include" --define=ccs="ccs" --define=PART_TM4C123GH6PM -g --gcc --diag_warning=225 --diag_wrap=off --display_error_number --abi=eabi --preproc_with_compile --preproc_dependency="lab3_template.d_raw"  "../lab3_template.c"
Finished building: "../lab3_template.c"
 
Building target: "lab_3_4.out"
Invoking: Arm Linker
"C:/ti/ccs1271/ccs/tools/compiler/ti-cgt-arm_20.2.7.LTS/bin/armcl" -mv7M4 --code_state=16 --float_support=FPv4SPD16 -me --define=ccs="ccs" --define=PART_TM4C123GH6PM -g --gcc --diag_warning=225 --diag_wrap=off --display_error_number --abi=eabi -z -m"lab_3_4.map" --heap_size=1024 --stack_size=2048 -i"C:/ti/ccs1271/ccs/tools/compiler/ti-cgt-arm_20.2.7.LTS/lib" -i"C:/ti/ccs1271/ccs/tools/compiler/ti-cgt-arm_20.2.7.LTS/include" --reread_libs --diag_wrap=off --display_error_number --warn_sections --xml_link_info="lab_3_4_linkInfo.xml" --rom_model -o "lab_3_4.out" "./Timer.obj" "./button.obj" "./lab3_template.obj" "./lcd.obj" "./tm4c123gh6pm_startup_ccs.obj" "../libcybotUART.lib" "../tm4c123gh6pm.cmd"  -llibc.a -l"C:/ti/TivaWare_C_Series-2.2.0.295/driverlib/ccs/Debug/driverlib.lib" 
<Linking>
Finished building target: "lab_3_4.out"
 

**** Build Finished ****

**** Build of configuration Debug for project lab_4_5 ****

"C:\\ti\\ccs1271\\ccs\\utils\\bin\\gmake" -k -j 20 all -O 
 
Building file: "../Timer.c"
Invoking: Arm Compiler
"C:/ti/ccs1271/ccs/tools/compiler/ti-cgt-arm_20.2.7.LTS/bin/armcl" -mv7M4 --code_state=16 --float_support=FPv4SPD16 -me --include_path="U:/cpre_2880/lab_4_5" --include_path="C:/ti/TivaWare_C_Series-2.2.0.295" --include_path="C:/ti/ccs1271/ccs/tools/compiler/ti-cgt-arm_20.2.7.LTS/include" --define=ccs="ccs" --define=PART_TM4C123GH6PM -g --gcc --diag_warning=225 --diag_wrap=off --display_error_number --abi=eabi --preproc_with_compile --preproc_dependency="Timer.d_raw"  "../Timer.c"
Finished building: "../Timer.c"
 
Building file: "../button.c"
Invoking: Arm Compiler
"C:/ti/ccs1271/ccs/tools/compiler/ti-cgt-arm_20.2.7.LTS/bin/armcl" -mv7M4 --code_state=16 --float_support=FPv4SPD16 -me --include_path="U:/cpre_2880/lab_4_5" --include_path="C:/ti/TivaWare_C_Series-2.2.0.295" --include_path="C:/ti/ccs1271/ccs/tools/compiler/ti-cgt-arm_20.2.7.LTS/include" --define=ccs="ccs" --define=PART_TM4C123GH6PM -g --gcc --diag_warning=225 --diag_wrap=off --display_error_number --abi=eabi --preproc_with_compile --preproc_dependency="button.d_raw"  "../button.c"
Finished building: "../button.c"
 
Building file: "../sensorprinter.c"
Invoking: Arm Compiler
"C:/ti/ccs1271/ccs/tools/compiler/ti-cgt-arm_20.2.7.LTS/bin/armcl" -mv7M4 --code_state=16 --float_support=FPv4SPD16 -me --include_path="U:/cpre_2880/lab_4_5" --include_path="C:/ti/TivaWare_C_Series-2.2.0.295" --include_path="C:/ti/ccs1271/ccs/tools/compiler/ti-cgt-arm_20.2.7.LTS/include" --define=ccs="ccs" --define=PART_TM4C123GH6PM -g --gcc --diag_warning=225 --diag_wrap=off --display_error_number --abi=eabi --preproc_with_compile --preproc_dependency="sensorprinter.d_raw"  "../sensorprinter.c"
 
>> Compilation failure
subdir_rules.mk:9: recipe for target 'sensorprinter.obj' failed
"../sensorprinter.c", line 60: warning #176-D: expression has no effect
"../sensorprinter.c", line 65: warning #176-D: expression has no effect
"../sensorprinter.c", line 70: warning #225-D: function "cyBot_send_string" declared implicitly
"../sensorprinter.c", line 69: warning #179-D: variable "j" was declared but never referenced
"../sensorprinter.c", line 106: warning #161-D: declaration is incompatible with previous "cyBot_send_string" (declared at line 70)
"../sensorprinter.c", line 116: error #20: identifier "current_dist" is undefined
"../sensorprinter.c", line 116: error #20: identifier "DIST_THRESHOLD" is undefined
"../sensorprinter.c", line 117: error #20: identifier "in_object" is undefined
"../sensorprinter.c", line 120: error #20: identifier "start_angle" is undefined
"../sensorprinter.c", line 120: error #20: identifier "current_angle" is undefined
"../sensorprinter.c", line 121: error #20: identifier "dist_sum" is undefined
"../sensorprinter.c", line 122: error #20: identifier "sample_count" is undefined
"../sensorprinter.c", line 125: error #20: identifier "dist_sum" is undefined
"../sensorprinter.c", line 126: error #20: identifier "sample_count" is undefined
"../sensorprinter.c", line 128: error #20: identifier "in_object" is undefined
"../sensorprinter.c", line 131: error #20: identifier "prev_angle" is undefined
"../sensorprinter.c", line 132: error #20: identifier "start_angle" is undefined
"../sensorprinter.c", line 135: error #20: identifier "object_count" is undefined
"../sensorprinter.c", line 135: error #20: identifier "MAX_OBJECTS" is undefined
"../sensorprinter.c", line 136: error #20: identifier "detected_objects" is undefined
"../sensorprinter.c", line 141: error #20: identifier "dist_sum" is undefined
"../sensorprinter.c", line 141: error #20: identifier "sample_count" is undefined
"../sensorprinter.c", line 147: error #20: identifier "prev_angle" is undefined
"../sensorprinter.c", line 147: error #20: identifier "current_angle" is undefined
"../sensorprinter.c", line 148: warning #1-D: last line of file ends without a newline
19 errors detected in the compilation of "../sensorprinter.c".
gmake: *** [sensorprinter.obj] Error 1
Building file: "../lcd.c"
Invoking: Arm Compiler
"C:/ti/ccs1271/ccs/tools/compiler/ti-cgt-arm_20.2.7.LTS/bin/armcl" -mv7M4 --code_state=16 --float_support=FPv4SPD16 -me --include_path="U:/cpre_2880/lab_4_5" --include_path="C:/ti/TivaWare_C_Series-2.2.0.295" --include_path="C:/ti/ccs1271/ccs/tools/compiler/ti-cgt-arm_20.2.7.LTS/include" --define=ccs="ccs" --define=PART_TM4C123GH6PM -g --gcc --diag_warning=225 --diag_wrap=off --display_error_number --abi=eabi --preproc_with_compile --preproc_dependency="lcd.d_raw"  "../lcd.c"
Finished building: "../lcd.c"
 
Building file: "../movement.c"
Invoking: Arm Compiler
"C:/ti/ccs1271/ccs/tools/compiler/ti-cgt-arm_20.2.7.LTS/bin/armcl" -mv7M4 --code_state=16 --float_support=FPv4SPD16 -me --include_path="U:/cpre_2880/lab_4_5" --include_path="C:/ti/TivaWare_C_Series-2.2.0.295" --include_path="C:/ti/ccs1271/ccs/tools/compiler/ti-cgt-arm_20.2.7.LTS/include" --define=ccs="ccs" --define=PART_TM4C123GH6PM -g --gcc --diag_warning=225 --diag_wrap=off --display_error_number --abi=eabi --preproc_with_compile --preproc_dependency="movement.d_raw"  "../movement.c"
Finished building: "../movement.c"
 
Building file: "../tm4c123gh6pm_startup_ccs.c"
Invoking: Arm Compiler
"C:/ti/ccs1271/ccs/tools/compiler/ti-cgt-arm_20.2.7.LTS/bin/armcl" -mv7M4 --code_state=16 --float_support=FPv4SPD16 -me --include_path="U:/cpre_2880/lab_4_5" --include_path="C:/ti/TivaWare_C_Series-2.2.0.295" --include_path="C:/ti/ccs1271/ccs/tools/compiler/ti-cgt-arm_20.2.7.LTS/include" --define=ccs="ccs" --define=PART_TM4C123GH6PM -g --gcc --diag_warning=225 --diag_wrap=off --display_error_number --abi=eabi --preproc_with_compile --preproc_dependency="tm4c123gh6pm_startup_ccs.d_raw"  "../tm4c123gh6pm_startup_ccs.c"
Finished building: "../tm4c123gh6pm_startup_ccs.c"
 
Building file: "../open_interface.c"
Invoking: Arm Compiler
"C:/ti/ccs1271/ccs/tools/compiler/ti-cgt-arm_20.2.7.LTS/bin/armcl" -mv7M4 --code_state=16 --float_support=FPv4SPD16 -me --include_path="U:/cpre_2880/lab_4_5" --include_path="C:/ti/TivaWare_C_Series-2.2.0.295" --include_path="C:/ti/ccs1271/ccs/tools/compiler/ti-cgt-arm_20.2.7.LTS/include" --define=ccs="ccs" --define=PART_TM4C123GH6PM -g --gcc --diag_warning=225 --diag_wrap=off --display_error_number --abi=eabi --preproc_with_compile --preproc_dependency="open_interface.d_raw"  "../open_interface.c"
"../open_interface.c", line 356: warning #179-D: variable "charging_state" was declared but never referenced
Finished building: "../open_interface.c"
 
gmake: Target 'all' not remade because of errors.

**** Build Finished ****

**** Build of configuration Debug for project lab_4_5 ****

"C:\\ti\\ccs1271\\ccs\\utils\\bin\\gmake" -k -j 20 all -O 
 
Building file: "../sensorprinter.c"
Invoking: Arm Compiler
"C:/ti/ccs1271/ccs/tools/compiler/ti-cgt-arm_20.2.7.LTS/bin/armcl" -mv7M4 --code_state=16 --float_support=FPv4SPD16 -me --include_path="U:/cpre_2880/lab_4_5" --include_path="C:/ti/TivaWare_C_Series-2.2.0.295" --include_path="C:/ti/ccs1271/ccs/tools/compiler/ti-cgt-arm_20.2.7.LTS/include" --define=ccs="ccs" --define=PART_TM4C123GH6PM -g --gcc --diag_warning=225 --diag_wrap=off --display_error_number --abi=eabi --preproc_with_compile --preproc_dependency="sensorprinter.d_raw"  "../sensorprinter.c"
"../sensorprinter.c", line 82: warning #176-D: expression has no effect
"../sensorprinter.c", line 89: warning #176-D: expression has no effect
"../sensorprinter.c", line 240: warning #179-D: variable "min_radial" was declared but never referenced
Finished building: "../sensorprinter.c"
 
Building target: "lab_4_5.out"
Invoking: Arm Linker
"C:/ti/ccs1271/ccs/tools/compiler/ti-cgt-arm_20.2.7.LTS/bin/armcl" -mv7M4 --code_state=16 --float_support=FPv4SPD16 -me --define=ccs="ccs" --define=PART_TM4C123GH6PM -g --gcc --diag_warning=225 --diag_wrap=off --display_error_number --abi=eabi -z -m"lab_4_5.map" --heap_size=1024 --stack_size=2048 -i"C:/ti/ccs1271/ccs/tools/compiler/ti-cgt-arm_20.2.7.LTS/lib" -i"C:/ti/ccs1271/ccs/tools/compiler/ti-cgt-arm_20.2.7.LTS/include" --reread_libs --diag_wrap=off --display_error_number --warn_sections --xml_link_info="lab_4_5_linkInfo.xml" --rom_model -o "lab_4_5.out" "./Timer.obj" "./button.obj" "./lcd.obj" "./movement.obj" "./open_interface.obj" "./sensorprinter.obj" "./tm4c123gh6pm_startup_ccs.obj" "../libcybotScan.lib" "../libcybotUART.lib" "../tm4c123gh6pm.cmd"  -llibc.a -l"C:/ti/TivaWare_C_Series-2.2.0.295/driverlib/ccs/Debug/driverlib.lib" 
<Linking>
Finished building target: "lab_4_5.out"
 

**** Build Finished ****

**** Build of configuration Debug for project lab_4_5 ****

"C:\\ti\\ccs1271\\ccs\\utils\\bin\\gmake" -k -j 20 all -O 
 
gmake[1]: 'lab_4_5.out' is up to date.

**** Build Finished ****

**** Build of configuration Debug for project lab_4_5 ****

"C:\\ti\\ccs1271\\ccs\\utils\\bin\\gmake" -k -j 20 all -O 
 
Building file: "../sensorprinter.c"
Invoking: Arm Compiler
"C:/ti/ccs1271/ccs/tools/compiler/ti-cgt-arm_20.2.7.LTS/bin/armcl" -mv7M4 --code_state=16 --float_support=FPv4SPD16 -me --include_path="U:/cpre_2880/lab_4_5" --include_path="C:/ti/TivaWare_C_Series-2.2.0.295" --include_path="C:/ti/ccs1271/ccs/tools/compiler/ti-cgt-arm_20.2.7.LTS/include" --define=ccs="ccs" --define=PART_TM4C123GH6PM -g --gcc --diag_warning=225 --diag_wrap=off --display_error_number --abi=eabi --preproc_with_compile --preproc_dependency="sensorprinter.d_raw"  "../sensorprinter.c"
 
>> Compilation failure
subdir_rules.mk:9: recipe for target 'sensorprinter.obj' failed
"../sensorprinter.c", line 90: warning #225-D: function "open" declared implicitly
"../sensorprinter.c", line 90: warning #145-D: a value of type "int" cannot be used to initialize an entity of type "FILE *"
"../sensorprinter.c", line 93: warning #176-D: expression has no effect
"../sensorprinter.c", line 97: error #169: argument of type "float" is incompatible with parameter of type "cyBOT_Scan_t *"
"../sensorprinter.c", line 150: error #148: declaration is incompatible with "void object_detect(cyBOT_Scan_t *, int)" (declared at line 39)
"../sensorprinter.c", line 247: warning #179-D: variable "min_radial" was declared but never referenced
2 errors detected in the compilation of "../sensorprinter.c".
gmake: *** [sensorprinter.obj] Error 1
gmake: Target 'all' not remade because of errors.

**** Build Finished ****

**** Build of configuration Debug for project lab_4_5 ****

"C:\\ti\\ccs1271\\ccs\\utils\\bin\\gmake" -k -j 20 all -O 
 
Building file: "../sensorprinter.c"
Invoking: Arm Compiler
"C:/ti/ccs1271/ccs/tools/compiler/ti-cgt-arm_20.2.7.LTS/bin/armcl" -mv7M4 --code_state=16 --float_support=FPv4SPD16 -me --include_path="U:/cpre_2880/lab_4_5" --include_path="C:/ti/TivaWare_C_Series-2.2.0.295" --include_path="C:/ti/ccs1271/ccs/tools/compiler/ti-cgt-arm_20.2.7.LTS/include" --define=ccs="ccs" --define=PART_TM4C123GH6PM -g --gcc --diag_warning=225 --diag_wrap=off --display_error_number --abi=eabi --preproc_with_compile --preproc_dependency="sensorprinter.d_raw"  "../sensorprinter.c"
 
>> Compilation failure
subdir_rules.mk:9: recipe for target 'sensorprinter.obj' failed
"../sensorprinter.c", line 40: error #148: declaration is incompatible with "void object_detect(cyBOT_Scan_t *, int)" (declared at line 39)
"../sensorprinter.c", line 91: warning #225-D: function "open" declared implicitly
"../sensorprinter.c", line 91: warning #145-D: a value of type "int" cannot be used to initialize an entity of type "FILE *"
"../sensorprinter.c", line 94: warning #176-D: expression has no effect
"../sensorprinter.c", line 105: error #169: argument of type "cyBOT_Scan_t *" is incompatible with parameter of type "float"
"../sensorprinter.c", line 248: warning #179-D: variable "min_radial" was declared but never referenced
2 errors detected in the compilation of "../sensorprinter.c".
gmake: *** [sensorprinter.obj] Error 1
gmake: Target 'all' not remade because of errors.

**** Build Finished ****

**** Build of configuration Debug for project lab_4_5 ****

"C:\\ti\\ccs1271\\ccs\\utils\\bin\\gmake" -k -j 20 all -O 
 
Building file: "../sensorprinter.c"
Invoking: Arm Compiler
"C:/ti/ccs1271/ccs/tools/compiler/ti-cgt-arm_20.2.7.LTS/bin/armcl" -mv7M4 --code_state=16 --float_support=FPv4SPD16 -me --include_path="U:/cpre_2880/lab_4_5" --include_path="C:/ti/TivaWare_C_Series-2.2.0.295" --include_path="C:/ti/ccs1271/ccs/tools/compiler/ti-cgt-arm_20.2.7.LTS/include" --define=ccs="ccs" --define=PART_TM4C123GH6PM -g --gcc --diag_warning=225 --diag_wrap=off --display_error_number --abi=eabi --preproc_with_compile --preproc_dependency="sensorprinter.d_raw"  "../sensorprinter.c"
 
>> Compilation failure
subdir_rules.mk:9: recipe for target 'sensorprinter.obj' failed
"../sensorprinter.c", line 91: warning #225-D: function "open" declared implicitly
"../sensorprinter.c", line 91: warning #145-D: a value of type "int" cannot be used to initialize an entity of type "FILE *"
"../sensorprinter.c", line 94: warning #176-D: expression has no effect
"../sensorprinter.c", line 105: error #169: argument of type "cyBOT_Scan_t *" is incompatible with parameter of type "float"
"../sensorprinter.c", line 248: warning #179-D: variable "min_radial" was declared but never referenced
1 error detected in the compilation of "../sensorprinter.c".
gmake: *** [sensorprinter.obj] Error 1
gmake: Target 'all' not remade because of errors.

**** Build Finished ****

**** Build of configuration Debug for project lab_4_5 ****

"C:\\ti\\ccs1271\\ccs\\utils\\bin\\gmake" -k -j 20 all -O 
 
Building file: "../sensorprinter.c"
Invoking: Arm Compiler
"C:/ti/ccs1271/ccs/tools/compiler/ti-cgt-arm_20.2.7.LTS/bin/armcl" -mv7M4 --code_state=16 --float_support=FPv4SPD16 -me --include_path="U:/cpre_2880/lab_4_5" --include_path="C:/ti/TivaWare_C_Series-2.2.0.295" --include_path="C:/ti/ccs1271/ccs/tools/compiler/ti-cgt-arm_20.2.7.LTS/include" --define=ccs="ccs" --define=PART_TM4C123GH6PM -g --gcc --diag_warning=225 --diag_wrap=off --display_error_number --abi=eabi --preproc_with_compile --preproc_dependency="sensorprinter.d_raw"  "../sensorprinter.c"
"../sensorprinter.c", line 91: warning #225-D: function "open" declared implicitly
"../sensorprinter.c", line 91: warning #145-D: a value of type "int" cannot be used to initialize an entity of type "FILE *"
"../sensorprinter.c", line 95: warning #176-D: expression has no effect
"../sensorprinter.c", line 71: warning #179-D: variable "currentScanPtr" was declared but never referenced
"../sensorprinter.c", line 249: warning #179-D: variable "min_radial" was declared but never referenced
Finished building: "../sensorprinter.c"
 
Building target: "lab_4_5.out"
Invoking: Arm Linker
"C:/ti/ccs1271/ccs/tools/compiler/ti-cgt-arm_20.2.7.LTS/bin/armcl" -mv7M4 --code_state=16 --float_support=FPv4SPD16 -me --define=ccs="ccs" --define=PART_TM4C123GH6PM -g --gcc --diag_warning=225 --diag_wrap=off --display_error_number --abi=eabi -z -m"lab_4_5.map" --heap_size=1024 --stack_size=2048 -i"C:/ti/ccs1271/ccs/tools/compiler/ti-cgt-arm_20.2.7.LTS/lib" -i"C:/ti/ccs1271/ccs/tools/compiler/ti-cgt-arm_20.2.7.LTS/include" --reread_libs --diag_wrap=off --display_error_number --warn_sections --xml_link_info="lab_4_5_linkInfo.xml" --rom_model -o "lab_4_5.out" "./Timer.obj" "./button.obj" "./lcd.obj" "./movement.obj" "./open_interface.obj" "./sensorprinter.obj" "./tm4c123gh6pm_startup_ccs.obj" "../libcybotScan.lib" "../libcybotUART.lib" "../tm4c123gh6pm.cmd"  -llibc.a -l"C:/ti/TivaWare_C_Series-2.2.0.295/driverlib/ccs/Debug/driverlib.lib" 
<Linking>
Finished building target: "lab_4_5.out"
 

**** Build Finished ****

**** Build of configuration Debug for project lab_4_5 ****

"C:\\ti\\ccs1271\\ccs\\utils\\bin\\gmake" -k -j 20 all -O 
 
gmake[1]: 'lab_4_5.out' is up to date.

**** Build Finished ****

**** Build of configuration Debug for project lab_4_5 ****

"C:\\ti\\ccs1271\\ccs\\utils\\bin\\gmake" -k -j 20 all -O 
 
Building file: "../sensorprinter.c"
Invoking: Arm Compiler
"C:/ti/ccs1271/ccs/tools/compiler/ti-cgt-arm_20.2.7.LTS/bin/armcl" -mv7M4 --code_state=16 --float_support=FPv4SPD16 -me --include_path="U:/cpre_2880/lab_4_5" --include_path="C:/ti/TivaWare_C_Series-2.2.0.295" --include_path="C:/ti/ccs1271/ccs/tools/compiler/ti-cgt-arm_20.2.7.LTS/include" --define=ccs="ccs" --define=PART_TM4C123GH6PM -g --gcc --diag_warning=225 --diag_wrap=off --display_error_number --abi=eabi --preproc_with_compile --preproc_dependency="sensorprinter.d_raw"  "../sensorprinter.c"
"../sensorprinter.c", line 91: warning #225-D: function "open" declared implicitly
"../sensorprinter.c", line 91: warning #145-D: a value of type "int" cannot be used to initialize an entity of type "FILE *"
"../sensorprinter.c", line 98: warning #176-D: expression has no effect
"../sensorprinter.c", line 71: warning #179-D: variable "currentScanPtr" was declared but never referenced
"../sensorprinter.c", line 254: warning #179-D: variable "min_radial" was declared but never referenced
Finished building: "../sensorprinter.c"
 
Building target: "lab_4_5.out"
Invoking: Arm Linker
"C:/ti/ccs1271/ccs/tools/compiler/ti-cgt-arm_20.2.7.LTS/bin/armcl" -mv7M4 --code_state=16 --float_support=FPv4SPD16 -me --define=ccs="ccs" --define=PART_TM4C123GH6PM -g --gcc --diag_warning=225 --diag_wrap=off --display_error_number --abi=eabi -z -m"lab_4_5.map" --heap_size=1024 --stack_size=2048 -i"C:/ti/ccs1271/ccs/tools/compiler/ti-cgt-arm_20.2.7.LTS/lib" -i"C:/ti/ccs1271/ccs/tools/compiler/ti-cgt-arm_20.2.7.LTS/include" --reread_libs --diag_wrap=off --display_error_number --warn_sections --xml_link_info="lab_4_5_linkInfo.xml" --rom_model -o "lab_4_5.out" "./Timer.obj" "./button.obj" "./lcd.obj" "./movement.obj" "./open_interface.obj" "./sensorprinter.obj" "./tm4c123gh6pm_startup_ccs.obj" "../libcybotScan.lib" "../libcybotUART.lib" "../tm4c123gh6pm.cmd"  -llibc.a -l"C:/ti/TivaWare_C_Series-2.2.0.295/driverlib/ccs/Debug/driverlib.lib" 
<Linking>
Finished building target: "lab_4_5.out"
 

**** Build Finished ****

**** Build of configuration Debug for project lab_4_5 ****

"C:\\ti\\ccs1271\\ccs\\utils\\bin\\gmake" -k -j 20 all -O 
 
gmake[1]: 'lab_4_5.out' is up to date.

**** Build Finished ****

**** Build of configuration Debug for project lab_4_1 ****

"C:\\ti\\ccs1271\\ccs\\utils\\bin\\gmake" -k -j 20 all -O 
 
Building file: "../button.c"
Invoking: Arm Compiler
"C:/ti/ccs1271/ccs/tools/compiler/ti-cgt-arm_20.2.7.LTS/bin/armcl" -mv7M4 --code_state=16 --float_support=FPv4SPD16 -me --include_path="U:/cpre_2880/lab_4_1" --include_path="C:/ti/TivaWare_C_Series-2.2.0.295" --include_path="C:/ti/ccs1271/ccs/tools/compiler/ti-cgt-arm_20.2.7.LTS/include" --define=ccs="ccs" --define=PART_TM4C123GH6PM -g --gcc --diag_warning=225 --diag_wrap=off --display_error_number --abi=eabi --preproc_with_compile --preproc_dependency="button.d_raw"  "../button.c"
Finished building: "../button.c"
 
Building file: "../Timer.c"
Invoking: Arm Compiler
"C:/ti/ccs1271/ccs/tools/compiler/ti-cgt-arm_20.2.7.LTS/bin/armcl" -mv7M4 --code_state=16 --float_support=FPv4SPD16 -me --include_path="U:/cpre_2880/lab_4_1" --include_path="C:/ti/TivaWare_C_Series-2.2.0.295" --include_path="C:/ti/ccs1271/ccs/tools/compiler/ti-cgt-arm_20.2.7.LTS/include" --define=ccs="ccs" --define=PART_TM4C123GH6PM -g --gcc --diag_warning=225 --diag_wrap=off --display_error_number --abi=eabi --preproc_with_compile --preproc_dependency="Timer.d_raw"  "../Timer.c"
Finished building: "../Timer.c"
 
Building file: "../tm4c123gh6pm_startup_ccs.c"
Invoking: Arm Compiler
"C:/ti/ccs1271/ccs/tools/compiler/ti-cgt-arm_20.2.7.LTS/bin/armcl" -mv7M4 --code_state=16 --float_support=FPv4SPD16 -me --include_path="U:/cpre_2880/lab_4_1" --include_path="C:/ti/TivaWare_C_Series-2.2.0.295" --include_path="C:/ti/ccs1271/ccs/tools/compiler/ti-cgt-arm_20.2.7.LTS/include" --define=ccs="ccs" --define=PART_TM4C123GH6PM -g --gcc --diag_warning=225 --diag_wrap=off --display_error_number --abi=eabi --preproc_with_compile --preproc_dependency="tm4c123gh6pm_startup_ccs.d_raw"  "../tm4c123gh6pm_startup_ccs.c"
Finished building: "../tm4c123gh6pm_startup_ccs.c"
 
Building file: "../lcd.c"
Invoking: Arm Compiler
"C:/ti/ccs1271/ccs/tools/compiler/ti-cgt-arm_20.2.7.LTS/bin/armcl" -mv7M4 --code_state=16 --float_support=FPv4SPD16 -me --include_path="U:/cpre_2880/lab_4_1" --include_path="C:/ti/TivaWare_C_Series-2.2.0.295" --include_path="C:/ti/ccs1271/ccs/tools/compiler/ti-cgt-arm_20.2.7.LTS/include" --define=ccs="ccs" --define=PART_TM4C123GH6PM -g --gcc --diag_warning=225 --diag_wrap=off --display_error_number --abi=eabi --preproc_with_compile --preproc_dependency="lcd.d_raw"  "../lcd.c"
Finished building: "../lcd.c"
 
Building file: "../sensorprinter.c"
Invoking: Arm Compiler
"C:/ti/ccs1271/ccs/tools/compiler/ti-cgt-arm_20.2.7.LTS/bin/armcl" -mv7M4 --code_state=16 --float_support=FPv4SPD16 -me --include_path="U:/cpre_2880/lab_4_1" --include_path="C:/ti/TivaWare_C_Series-2.2.0.295" --include_path="C:/ti/ccs1271/ccs/tools/compiler/ti-cgt-arm_20.2.7.LTS/include" --define=ccs="ccs" --define=PART_TM4C123GH6PM -g --gcc --diag_warning=225 --diag_wrap=off --display_error_number --abi=eabi --preproc_with_compile --preproc_dependency="sensorprinter.d_raw"  "../sensorprinter.c"
"../sensorprinter.c", line 60: warning #176-D: expression has no effect
"../sensorprinter.c", line 65: warning #176-D: expression has no effect
"../sensorprinter.c", line 70: warning #176-D: expression has no effect
Finished building: "../sensorprinter.c"
 
Building target: "lab_4_1.out"
Invoking: Arm Linker
"C:/ti/ccs1271/ccs/tools/compiler/ti-cgt-arm_20.2.7.LTS/bin/armcl" -mv7M4 --code_state=16 --float_support=FPv4SPD16 -me --define=ccs="ccs" --define=PART_TM4C123GH6PM -g --gcc --diag_warning=225 --diag_wrap=off --display_error_number --abi=eabi -z -m"lab_4_1.map" --heap_size=1024 --stack_size=2048 -i"C:/ti/ccs1271/ccs/tools/compiler/ti-cgt-arm_20.2.7.LTS/lib" -i"C:/ti/ccs1271/ccs/tools/compiler/ti-cgt-arm_20.2.7.LTS/include" --reread_libs --diag_wrap=off --display_error_number --warn_sections --xml_link_info="lab_4_1_linkInfo.xml" --rom_model -o "lab_4_1.out" "./Timer.obj" "./button.obj" "./lcd.obj" "./sensorprinter.obj" "./tm4c123gh6pm_startup_ccs.obj" "../libcybotScan.lib" "../libcybotUART.lib" "../tm4c123gh6pm.cmd"  -llibc.a -l"C:/ti/TivaWare_C_Series-2.2.0.295/driverlib/ccs/Debug/driverlib.lib" 
<Linking>
Finished building target: "lab_4_1.out"
 

**** Build Finished ****

**** Clean-only build of configuration Debug for project lab_1 ****

"C:\\ti\\ccs1271\\ccs\\utils\\bin\\gmake" -k -j 20 clean -O 
 
DEL /F  "lab_1.out" 
DEL /F "Timer.obj" "helloworld.obj" "lcd.obj" "tm4c123gh6pm_startup_ccs.obj" 
DEL /F "Timer.d" "helloworld.d" "lcd.d" "tm4c123gh6pm_startup_ccs.d" 
Finished clean
 

**** Build Finished ****

**** Build of configuration Debug for project lab_1 ****

"C:\\ti\\ccs1271\\ccs\\utils\\bin\\gmake" -k -j 20 all -O 
 
Building file: "../helloworld.c"
Invoking: Arm Compiler
"C:/ti/ccs1271/ccs/tools/compiler/ti-cgt-arm_20.2.7.LTS/bin/armcl" -mv7M4 --code_state=16 --float_support=FPv4SPD16 -me --include_path="U:/cpre_2880/lab_1" --include_path="C:/ti/TivaWare_C_Series-2.2.0.295" --include_path="C:/ti/ccs1271/ccs/tools/compiler/ti-cgt-arm_20.2.7.LTS/include" --define=ccs="ccs" --define=PART_TM4C123GH6PM -g --gcc --diag_warning=225 --diag_wrap=off --display_error_number --abi=eabi --preproc_with_compile --preproc_dependency="helloworld.d_raw"  "../helloworld.c"
Finished building: "../helloworld.c"
 
Building file: "../Timer.c"
Invoking: Arm Compiler
"C:/ti/ccs1271/ccs/tools/compiler/ti-cgt-arm_20.2.7.LTS/bin/armcl" -mv7M4 --code_state=16 --float_support=FPv4SPD16 -me --include_path="U:/cpre_2880/lab_1" --include_path="C:/ti/TivaWare_C_Series-2.2.0.295" --include_path="C:/ti/ccs1271/ccs/tools/compiler/ti-cgt-arm_20.2.7.LTS/include" --define=ccs="ccs" --define=PART_TM4C123GH6PM -g --gcc --diag_warning=225 --diag_wrap=off --display_error_number --abi=eabi --preproc_with_compile --preproc_dependency="Timer.d_raw"  "../Timer.c"
Finished building: "../Timer.c"
 
Building file: "../lcd.c"
Invoking: Arm Compiler
"C:/ti/ccs1271/ccs/tools/compiler/ti-cgt-arm_20.2.7.LTS/bin/armcl" -mv7M4 --code_state=16 --float_support=FPv4SPD16 -me --include_path="U:/cpre_2880/lab_1" --include_path="C:/ti/TivaWare_C_Series-2.2.0.295" --include_path="C:/ti/ccs1271/ccs/tools/compiler/ti-cgt-arm_20.2.7.LTS/include" --define=ccs="ccs" --define=PART_TM4C123GH6PM -g --gcc --diag_warning=225 --diag_wrap=off --display_error_number --abi=eabi --preproc_with_compile --preproc_dependency="lcd.d_raw"  "../lcd.c"
Finished building: "../lcd.c"
 
Building file: "../tm4c123gh6pm_startup_ccs.c"
Invoking: Arm Compiler
"C:/ti/ccs1271/ccs/tools/compiler/ti-cgt-arm_20.2.7.LTS/bin/armcl" -mv7M4 --code_state=16 --float_support=FPv4SPD16 -me --include_path="U:/cpre_2880/lab_1" --include_path="C:/ti/TivaWare_C_Series-2.2.0.295" --include_path="C:/ti/ccs1271/ccs/tools/compiler/ti-cgt-arm_20.2.7.LTS/include" --define=ccs="ccs" --define=PART_TM4C123GH6PM -g --gcc --diag_warning=225 --diag_wrap=off --display_error_number --abi=eabi --preproc_with_compile --preproc_dependency="tm4c123gh6pm_startup_ccs.d_raw"  "../tm4c123gh6pm_startup_ccs.c"
Finished building: "../tm4c123gh6pm_startup_ccs.c"
 
Building target: "lab_1.out"
Invoking: Arm Linker
"C:/ti/ccs1271/ccs/tools/compiler/ti-cgt-arm_20.2.7.LTS/bin/armcl" -mv7M4 --code_state=16 --float_support=FPv4SPD16 -me --define=ccs="ccs" --define=PART_TM4C123GH6PM -g --gcc --diag_warning=225 --diag_wrap=off --display_error_number --abi=eabi -z -m"lab_1.map" --heap_size=1024 --stack_size=2048 -i"C:/ti/ccs1271/ccs/tools/compiler/ti-cgt-arm_20.2.7.LTS/lib" -i"C:/ti/ccs1271/ccs/tools/compiler/ti-cgt-arm_20.2.7.LTS/include" --reread_libs --diag_wrap=off --display_error_number --warn_sections --xml_link_info="lab_1_linkInfo.xml" --rom_model -o "lab_1.out" "./Timer.obj" "./helloworld.obj" "./lcd.obj" "./tm4c123gh6pm_startup_ccs.obj" "../tm4c123gh6pm.cmd"  -llibc.a -l"C:/ti/TivaWare_C_Series-2.2.0.295/driverlib/ccs/Debug/driverlib.lib" 
<Linking>
Finished building target: "lab_1.out"
 

**** Build Finished ****

**** Clean-only build of configuration Debug for project lab_2_2 ****

"C:\\ti\\ccs1271\\ccs\\utils\\bin\\gmake" -k -j 20 clean -O 
 
DEL /F  "lab_2_2.out" 
DEL /F "Timer.obj" "lcd.obj" "main.obj" "movement.obj" "open_interface.obj" "tm4c123gh6pm_startup_ccs.obj" 
DEL /F "Timer.d" "lcd.d" "main.d" "movement.d" "open_interface.d" "tm4c123gh6pm_startup_ccs.d" 
Finished clean
 

**** Build Finished ****

**** Build of configuration Debug for project lab_2_2 ****

"C:\\ti\\ccs1271\\ccs\\utils\\bin\\gmake" -k -j 20 all -O 
 
Building file: "../Timer.c"
Invoking: Arm Compiler
"C:/ti/ccs1271/ccs/tools/compiler/ti-cgt-arm_20.2.7.LTS/bin/armcl" -mv7M4 --code_state=16 --float_support=FPv4SPD16 -me --include_path="U:/cpre_2880/lab_2_2" --include_path="C:/ti/TivaWare_C_Series-2.2.0.295" --include_path="C:/ti/ccs1271/ccs/tools/compiler/ti-cgt-arm_20.2.7.LTS/include" --define=ccs="ccs" --define=PART_TM4C123GH6PM -g --gcc --diag_warning=225 --diag_wrap=off --display_error_number --abi=eabi --preproc_with_compile --preproc_dependency="Timer.d_raw"  "../Timer.c"
Finished building: "../Timer.c"
 
Building file: "../lcd.c"
Invoking: Arm Compiler
"C:/ti/ccs1271/ccs/tools/compiler/ti-cgt-arm_20.2.7.LTS/bin/armcl" -mv7M4 --code_state=16 --float_support=FPv4SPD16 -me --include_path="U:/cpre_2880/lab_2_2" --include_path="C:/ti/TivaWare_C_Series-2.2.0.295" --include_path="C:/ti/ccs1271/ccs/tools/compiler/ti-cgt-arm_20.2.7.LTS/include" --define=ccs="ccs" --define=PART_TM4C123GH6PM -g --gcc --diag_warning=225 --diag_wrap=off --display_error_number --abi=eabi --preproc_with_compile --preproc_dependency="lcd.d_raw"  "../lcd.c"
Finished building: "../lcd.c"
 
Building file: "../tm4c123gh6pm_startup_ccs.c"
Invoking: Arm Compiler
"C:/ti/ccs1271/ccs/tools/compiler/ti-cgt-arm_20.2.7.LTS/bin/armcl" -mv7M4 --code_state=16 --float_support=FPv4SPD16 -me --include_path="U:/cpre_2880/lab_2_2" --include_path="C:/ti/TivaWare_C_Series-2.2.0.295" --include_path="C:/ti/ccs1271/ccs/tools/compiler/ti-cgt-arm_20.2.7.LTS/include" --define=ccs="ccs" --define=PART_TM4C123GH6PM -g --gcc --diag_warning=225 --diag_wrap=off --display_error_number --abi=eabi --preproc_with_compile --preproc_dependency="tm4c123gh6pm_startup_ccs.d_raw"  "../tm4c123gh6pm_startup_ccs.c"
Finished building: "../tm4c123gh6pm_startup_ccs.c"
 
Building file: "../main.c"
Invoking: Arm Compiler
"C:/ti/ccs1271/ccs/tools/compiler/ti-cgt-arm_20.2.7.LTS/bin/armcl" -mv7M4 --code_state=16 --float_support=FPv4SPD16 -me --include_path="U:/cpre_2880/lab_2_2" --include_path="C:/ti/TivaWare_C_Series-2.2.0.295" --include_path="C:/ti/ccs1271/ccs/tools/compiler/ti-cgt-arm_20.2.7.LTS/include" --define=ccs="ccs" --define=PART_TM4C123GH6PM -g --gcc --diag_warning=225 --diag_wrap=off --display_error_number --abi=eabi --preproc_with_compile --preproc_dependency="main.d_raw"  "../main.c"
Finished building: "../main.c"
 
Building file: "../movement.c"
Invoking: Arm Compiler
"C:/ti/ccs1271/ccs/tools/compiler/ti-cgt-arm_20.2.7.LTS/bin/armcl" -mv7M4 --code_state=16 --float_support=FPv4SPD16 -me --include_path="U:/cpre_2880/lab_2_2" --include_path="C:/ti/TivaWare_C_Series-2.2.0.295" --include_path="C:/ti/ccs1271/ccs/tools/compiler/ti-cgt-arm_20.2.7.LTS/include" --define=ccs="ccs" --define=PART_TM4C123GH6PM -g --gcc --diag_warning=225 --diag_wrap=off --display_error_number --abi=eabi --preproc_with_compile --preproc_dependency="movement.d_raw"  "../movement.c"
Finished building: "../movement.c"
 
Building file: "../open_interface.c"
Invoking: Arm Compiler
"C:/ti/ccs1271/ccs/tools/compiler/ti-cgt-arm_20.2.7.LTS/bin/armcl" -mv7M4 --code_state=16 --float_support=FPv4SPD16 -me --include_path="U:/cpre_2880/lab_2_2" --include_path="C:/ti/TivaWare_C_Series-2.2.0.295" --include_path="C:/ti/ccs1271/ccs/tools/compiler/ti-cgt-arm_20.2.7.LTS/include" --define=ccs="ccs" --define=PART_TM4C123GH6PM -g --gcc --diag_warning=225 --diag_wrap=off --display_error_number --abi=eabi --preproc_with_compile --preproc_dependency="open_interface.d_raw"  "../open_interface.c"
"../open_interface.c", line 356: warning #179-D: variable "charging_state" was declared but never referenced
Finished building: "../open_interface.c"
 
Building target: "lab_2_2.out"
Invoking: Arm Linker
"C:/ti/ccs1271/ccs/tools/compiler/ti-cgt-arm_20.2.7.LTS/bin/armcl" -mv7M4 --code_state=16 --float_support=FPv4SPD16 -me --define=ccs="ccs" --define=PART_TM4C123GH6PM -g --gcc --diag_warning=225 --diag_wrap=off --display_error_number --abi=eabi -z -m"lab_2_2.map" --heap_size=1024 --stack_size=2048 -i"C:/ti/ccs1271/ccs/tools/compiler/ti-cgt-arm_20.2.7.LTS/lib" -i"C:/ti/ccs1271/ccs/tools/compiler/ti-cgt-arm_20.2.7.LTS/include" --reread_libs --diag_wrap=off --display_error_number --warn_sections --xml_link_info="lab_2_2_linkInfo.xml" --rom_model -o "lab_2_2.out" "./Timer.obj" "./lcd.obj" "./main.obj" "./movement.obj" "./open_interface.obj" "./tm4c123gh6pm_startup_ccs.obj" "../libcybotUART.lib" "../tm4c123gh6pm.cmd"  -llibc.a -l"C:/ti/TivaWare_C_Series-2.2.0.295/driverlib/ccs/Debug/driverlib.lib" 
<Linking>
Finished building target: "lab_2_2.out"
 

**** Build Finished ****

**** Clean-only build of configuration Debug for project lab_2_3 ****

"C:\\ti\\ccs1271\\ccs\\utils\\bin\\gmake" -k -j 20 clean -O 
 
DEL /F  "lab_2_3.out" 
DEL /F "Timer.obj" "lcd.obj" "main.obj" "movement.obj" "open_interface.obj" "tm4c123gh6pm_startup_ccs.obj" 
DEL /F "Timer.d" "lcd.d" "main.d" "movement.d" "open_interface.d" "tm4c123gh6pm_startup_ccs.d" 
Finished clean
 

**** Build Finished ****

**** Build of configuration Debug for project lab_2_3 ****

"C:\\ti\\ccs1271\\ccs\\utils\\bin\\gmake" -k -j 20 all -O 
 
Building file: "../Timer.c"
Invoking: Arm Compiler
"C:/ti/ccs1271/ccs/tools/compiler/ti-cgt-arm_20.2.7.LTS/bin/armcl" -mv7M4 --code_state=16 --float_support=FPv4SPD16 -me --include_path="U:/cpre_2880/lab_2_3" --include_path="C:/ti/TivaWare_C_Series-2.2.0.295" --include_path="C:/ti/ccs1271/ccs/tools/compiler/ti-cgt-arm_20.2.7.LTS/include" --define=ccs="ccs" --define=PART_TM4C123GH6PM -g --gcc --diag_warning=225 --diag_wrap=off --display_error_number --abi=eabi --preproc_with_compile --preproc_dependency="Timer.d_raw"  "../Timer.c"
Finished building: "../Timer.c"
 
Building file: "../lcd.c"
Invoking: Arm Compiler
"C:/ti/ccs1271/ccs/tools/compiler/ti-cgt-arm_20.2.7.LTS/bin/armcl" -mv7M4 --code_state=16 --float_support=FPv4SPD16 -me --include_path="U:/cpre_2880/lab_2_3" --include_path="C:/ti/TivaWare_C_Series-2.2.0.295" --include_path="C:/ti/ccs1271/ccs/tools/compiler/ti-cgt-arm_20.2.7.LTS/include" --define=ccs="ccs" --define=PART_TM4C123GH6PM -g --gcc --diag_warning=225 --diag_wrap=off --display_error_number --abi=eabi --preproc_with_compile --preproc_dependency="lcd.d_raw"  "../lcd.c"
Finished building: "../lcd.c"
 
Building file: "../tm4c123gh6pm_startup_ccs.c"
Invoking: Arm Compiler
"C:/ti/ccs1271/ccs/tools/compiler/ti-cgt-arm_20.2.7.LTS/bin/armcl" -mv7M4 --code_state=16 --float_support=FPv4SPD16 -me --include_path="U:/cpre_2880/lab_2_3" --include_path="C:/ti/TivaWare_C_Series-2.2.0.295" --include_path="C:/ti/ccs1271/ccs/tools/compiler/ti-cgt-arm_20.2.7.LTS/include" --define=ccs="ccs" --define=PART_TM4C123GH6PM -g --gcc --diag_warning=225 --diag_wrap=off --display_error_number --abi=eabi --preproc_with_compile --preproc_dependency="tm4c123gh6pm_startup_ccs.d_raw"  "../tm4c123gh6pm_startup_ccs.c"
Finished building: "../tm4c123gh6pm_startup_ccs.c"
 
Building file: "../main.c"
Invoking: Arm Compiler
"C:/ti/ccs1271/ccs/tools/compiler/ti-cgt-arm_20.2.7.LTS/bin/armcl" -mv7M4 --code_state=16 --float_support=FPv4SPD16 -me --include_path="U:/cpre_2880/lab_2_3" --include_path="C:/ti/TivaWare_C_Series-2.2.0.295" --include_path="C:/ti/ccs1271/ccs/tools/compiler/ti-cgt-arm_20.2.7.LTS/include" --define=ccs="ccs" --define=PART_TM4C123GH6PM -g --gcc --diag_warning=225 --diag_wrap=off --display_error_number --abi=eabi --preproc_with_compile --preproc_dependency="main.d_raw"  "../main.c"
Finished building: "../main.c"
 
Building file: "../movement.c"
Invoking: Arm Compiler
"C:/ti/ccs1271/ccs/tools/compiler/ti-cgt-arm_20.2.7.LTS/bin/armcl" -mv7M4 --code_state=16 --float_support=FPv4SPD16 -me --include_path="U:/cpre_2880/lab_2_3" --include_path="C:/ti/TivaWare_C_Series-2.2.0.295" --include_path="C:/ti/ccs1271/ccs/tools/compiler/ti-cgt-arm_20.2.7.LTS/include" --define=ccs="ccs" --define=PART_TM4C123GH6PM -g --gcc --diag_warning=225 --diag_wrap=off --display_error_number --abi=eabi --preproc_with_compile --preproc_dependency="movement.d_raw"  "../movement.c"
Finished building: "../movement.c"
 
Building file: "../open_interface.c"
Invoking: Arm Compiler
"C:/ti/ccs1271/ccs/tools/compiler/ti-cgt-arm_20.2.7.LTS/bin/armcl" -mv7M4 --code_state=16 --float_support=FPv4SPD16 -me --include_path="U:/cpre_2880/lab_2_3" --include_path="C:/ti/TivaWare_C_Series-2.2.0.295" --include_path="C:/ti/ccs1271/ccs/tools/compiler/ti-cgt-arm_20.2.7.LTS/include" --define=ccs="ccs" --define=PART_TM4C123GH6PM -g --gcc --diag_warning=225 --diag_wrap=off --display_error_number --abi=eabi --preproc_with_compile --preproc_dependency="open_interface.d_raw"  "../open_interface.c"
"../open_interface.c", line 356: warning #179-D: variable "charging_state" was declared but never referenced
Finished building: "../open_interface.c"
 
Building target: "lab_2_3.out"
Invoking: Arm Linker
"C:/ti/ccs1271/ccs/tools/compiler/ti-cgt-arm_20.2.7.LTS/bin/armcl" -mv7M4 --code_state=16 --float_support=FPv4SPD16 -me --define=ccs="ccs" --define=PART_TM4C123GH6PM -g --gcc --diag_warning=225 --diag_wrap=off --display_error_number --abi=eabi -z -m"lab_2_3.map" --heap_size=1024 --stack_size=2048 -i"C:/ti/ccs1271/ccs/tools/compiler/ti-cgt-arm_20.2.7.LTS/lib" -i"C:/ti/ccs1271/ccs/tools/compiler/ti-cgt-arm_20.2.7.LTS/include" --reread_libs --diag_wrap=off --display_error_number --warn_sections --xml_link_info="lab_2_3_linkInfo.xml" --rom_model -o "lab_2_3.out" "./Timer.obj" "./lcd.obj" "./main.obj" "./movement.obj" "./open_interface.obj" "./tm4c123gh6pm_startup_ccs.obj" "../libcybotUART.lib" "../tm4c123gh6pm.cmd"  -llibc.a -l"C:/ti/TivaWare_C_Series-2.2.0.295/driverlib/ccs/Debug/driverlib.lib" 
<Linking>
Finished building target: "lab_2_3.out"
 

**** Build Finished ****

**** Clean-only build of configuration Debug for project lab_2_4 ****

"C:\\ti\\ccs1271\\ccs\\utils\\bin\\gmake" -k -j 20 clean -O 
 
DEL /F  "lab_2_4.out" 
DEL /F "Timer.obj" "lcd.obj" "main.obj" "movement.obj" "open_interface.obj" "tm4c123gh6pm_startup_ccs.obj" 
DEL /F "Timer.d" "lcd.d" "main.d" "movement.d" "open_interface.d" "tm4c123gh6pm_startup_ccs.d" 
Finished clean
 

**** Build Finished ****

**** Build of configuration Debug for project lab_2_4 ****

"C:\\ti\\ccs1271\\ccs\\utils\\bin\\gmake" -k -j 20 all -O 
 
Building file: "../Timer.c"
Invoking: Arm Compiler
"C:/ti/ccs1271/ccs/tools/compiler/ti-cgt-arm_20.2.7.LTS/bin/armcl" -mv7M4 --code_state=16 --float_support=FPv4SPD16 -me --include_path="U:/cpre_2880/lab_2_4" --include_path="C:/ti/TivaWare_C_Series-2.2.0.295" --include_path="C:/ti/ccs1271/ccs/tools/compiler/ti-cgt-arm_20.2.7.LTS/include" --define=ccs="ccs" --define=PART_TM4C123GH6PM -g --gcc --diag_warning=225 --diag_wrap=off --display_error_number --abi=eabi --preproc_with_compile --preproc_dependency="Timer.d_raw"  "../Timer.c"
Finished building: "../Timer.c"
 
Building file: "../lcd.c"
Invoking: Arm Compiler
"C:/ti/ccs1271/ccs/tools/compiler/ti-cgt-arm_20.2.7.LTS/bin/armcl" -mv7M4 --code_state=16 --float_support=FPv4SPD16 -me --include_path="U:/cpre_2880/lab_2_4" --include_path="C:/ti/TivaWare_C_Series-2.2.0.295" --include_path="C:/ti/ccs1271/ccs/tools/compiler/ti-cgt-arm_20.2.7.LTS/include" --define=ccs="ccs" --define=PART_TM4C123GH6PM -g --gcc --diag_warning=225 --diag_wrap=off --display_error_number --abi=eabi --preproc_with_compile --preproc_dependency="lcd.d_raw"  "../lcd.c"
Finished building: "../lcd.c"
 
Building file: "../tm4c123gh6pm_startup_ccs.c"
Invoking: Arm Compiler
"C:/ti/ccs1271/ccs/tools/compiler/ti-cgt-arm_20.2.7.LTS/bin/armcl" -mv7M4 --code_state=16 --float_support=FPv4SPD16 -me --include_path="U:/cpre_2880/lab_2_4" --include_path="C:/ti/TivaWare_C_Series-2.2.0.295" --include_path="C:/ti/ccs1271/ccs/tools/compiler/ti-cgt-arm_20.2.7.LTS/include" --define=ccs="ccs" --define=PART_TM4C123GH6PM -g --gcc --diag_warning=225 --diag_wrap=off --display_error_number --abi=eabi --preproc_with_compile --preproc_dependency="tm4c123gh6pm_startup_ccs.d_raw"  "../tm4c123gh6pm_startup_ccs.c"
Finished building: "../tm4c123gh6pm_startup_ccs.c"
 
Building file: "../main.c"
Invoking: Arm Compiler
"C:/ti/ccs1271/ccs/tools/compiler/ti-cgt-arm_20.2.7.LTS/bin/armcl" -mv7M4 --code_state=16 --float_support=FPv4SPD16 -me --include_path="U:/cpre_2880/lab_2_4" --include_path="C:/ti/TivaWare_C_Series-2.2.0.295" --include_path="C:/ti/ccs1271/ccs/tools/compiler/ti-cgt-arm_20.2.7.LTS/include" --define=ccs="ccs" --define=PART_TM4C123GH6PM -g --gcc --diag_warning=225 --diag_wrap=off --display_error_number --abi=eabi --preproc_with_compile --preproc_dependency="main.d_raw"  "../main.c"
Finished building: "../main.c"
 
Building file: "../movement.c"
Invoking: Arm Compiler
"C:/ti/ccs1271/ccs/tools/compiler/ti-cgt-arm_20.2.7.LTS/bin/armcl" -mv7M4 --code_state=16 --float_support=FPv4SPD16 -me --include_path="U:/cpre_2880/lab_2_4" --include_path="C:/ti/TivaWare_C_Series-2.2.0.295" --include_path="C:/ti/ccs1271/ccs/tools/compiler/ti-cgt-arm_20.2.7.LTS/include" --define=ccs="ccs" --define=PART_TM4C123GH6PM -g --gcc --diag_warning=225 --diag_wrap=off --display_error_number --abi=eabi --preproc_with_compile --preproc_dependency="movement.d_raw"  "../movement.c"
Finished building: "../movement.c"
 
Building file: "../open_interface.c"
Invoking: Arm Compiler
"C:/ti/ccs1271/ccs/tools/compiler/ti-cgt-arm_20.2.7.LTS/bin/armcl" -mv7M4 --code_state=16 --float_support=FPv4SPD16 -me --include_path="U:/cpre_2880/lab_2_4" --include_path="C:/ti/TivaWare_C_Series-2.2.0.295" --include_path="C:/ti/ccs1271/ccs/tools/compiler/ti-cgt-arm_20.2.7.LTS/include" --define=ccs="ccs" --define=PART_TM4C123GH6PM -g --gcc --diag_warning=225 --diag_wrap=off --display_error_number --abi=eabi --preproc_with_compile --preproc_dependency="open_interface.d_raw"  "../open_interface.c"
"../open_interface.c", line 356: warning #179-D: variable "charging_state" was declared but never referenced
Finished building: "../open_interface.c"
 
Building target: "lab_2_4.out"
Invoking: Arm Linker
"C:/ti/ccs1271/ccs/tools/compiler/ti-cgt-arm_20.2.7.LTS/bin/armcl" -mv7M4 --code_state=16 --float_support=FPv4SPD16 -me --define=ccs="ccs" --define=PART_TM4C123GH6PM -g --gcc --diag_warning=225 --diag_wrap=off --display_error_number --abi=eabi -z -m"lab_2_4.map" --heap_size=1024 --stack_size=2048 -i"C:/ti/ccs1271/ccs/tools/compiler/ti-cgt-arm_20.2.7.LTS/lib" -i"C:/ti/ccs1271/ccs/tools/compiler/ti-cgt-arm_20.2.7.LTS/include" --reread_libs --diag_wrap=off --display_error_number --warn_sections --xml_link_info="lab_2_4_linkInfo.xml" --rom_model -o "lab_2_4.out" "./Timer.obj" "./lcd.obj" "./main.obj" "./movement.obj" "./open_interface.obj" "./tm4c123gh6pm_startup_ccs.obj" "../libcybotUART.lib" "../tm4c123gh6pm.cmd"  -llibc.a -l"C:/ti/TivaWare_C_Series-2.2.0.295/driverlib/ccs/Debug/driverlib.lib" 
<Linking>
Finished building target: "lab_2_4.out"
 

**** Build Finished ****

**** Clean-only build of configuration Debug for project lab_2_5 ****

"C:\\ti\\ccs1271\\ccs\\utils\\bin\\gmake" -k -j 20 clean -O 
 
DEL /F  "lab_2_5.out" 
DEL /F "Timer.obj" "lcd.obj" "main.obj" "movement.obj" "open_interface.obj" "tm4c123gh6pm_startup_ccs.obj" 
DEL /F "Timer.d" "lcd.d" "main.d" "movement.d" "open_interface.d" "tm4c123gh6pm_startup_ccs.d" 
Finished clean
 

**** Build Finished ****

**** Build of configuration Debug for project lab_2_5 ****

"C:\\ti\\ccs1271\\ccs\\utils\\bin\\gmake" -k -j 20 all -O 
 
Building file: "../Timer.c"
Invoking: Arm Compiler
"C:/ti/ccs1271/ccs/tools/compiler/ti-cgt-arm_20.2.7.LTS/bin/armcl" -mv7M4 --code_state=16 --float_support=FPv4SPD16 -me --include_path="U:/cpre_2880/lab_2_5" --include_path="C:/ti/TivaWare_C_Series-2.2.0.295" --include_path="C:/ti/ccs1271/ccs/tools/compiler/ti-cgt-arm_20.2.7.LTS/include" --define=ccs="ccs" --define=PART_TM4C123GH6PM -g --gcc --diag_warning=225 --diag_wrap=off --display_error_number --abi=eabi --preproc_with_compile --preproc_dependency="Timer.d_raw"  "../Timer.c"
Finished building: "../Timer.c"
 
Building file: "../lcd.c"
Invoking: Arm Compiler
"C:/ti/ccs1271/ccs/tools/compiler/ti-cgt-arm_20.2.7.LTS/bin/armcl" -mv7M4 --code_state=16 --float_support=FPv4SPD16 -me --include_path="U:/cpre_2880/lab_2_5" --include_path="C:/ti/TivaWare_C_Series-2.2.0.295" --include_path="C:/ti/ccs1271/ccs/tools/compiler/ti-cgt-arm_20.2.7.LTS/include" --define=ccs="ccs" --define=PART_TM4C123GH6PM -g --gcc --diag_warning=225 --diag_wrap=off --display_error_number --abi=eabi --preproc_with_compile --preproc_dependency="lcd.d_raw"  "../lcd.c"
Finished building: "../lcd.c"
 
Building file: "../tm4c123gh6pm_startup_ccs.c"
Invoking: Arm Compiler
"C:/ti/ccs1271/ccs/tools/compiler/ti-cgt-arm_20.2.7.LTS/bin/armcl" -mv7M4 --code_state=16 --float_support=FPv4SPD16 -me --include_path="U:/cpre_2880/lab_2_5" --include_path="C:/ti/TivaWare_C_Series-2.2.0.295" --include_path="C:/ti/ccs1271/ccs/tools/compiler/ti-cgt-arm_20.2.7.LTS/include" --define=ccs="ccs" --define=PART_TM4C123GH6PM -g --gcc --diag_warning=225 --diag_wrap=off --display_error_number --abi=eabi --preproc_with_compile --preproc_dependency="tm4c123gh6pm_startup_ccs.d_raw"  "../tm4c123gh6pm_startup_ccs.c"
Finished building: "../tm4c123gh6pm_startup_ccs.c"
 
Building file: "../main.c"
Invoking: Arm Compiler
"C:/ti/ccs1271/ccs/tools/compiler/ti-cgt-arm_20.2.7.LTS/bin/armcl" -mv7M4 --code_state=16 --float_support=FPv4SPD16 -me --include_path="U:/cpre_2880/lab_2_5" --include_path="C:/ti/TivaWare_C_Series-2.2.0.295" --include_path="C:/ti/ccs1271/ccs/tools/compiler/ti-cgt-arm_20.2.7.LTS/include" --define=ccs="ccs" --define=PART_TM4C123GH6PM -g --gcc --diag_warning=225 --diag_wrap=off --display_error_number --abi=eabi --preproc_with_compile --preproc_dependency="main.d_raw"  "../main.c"
Finished building: "../main.c"
 
Building file: "../movement.c"
Invoking: Arm Compiler
"C:/ti/ccs1271/ccs/tools/compiler/ti-cgt-arm_20.2.7.LTS/bin/armcl" -mv7M4 --code_state=16 --float_support=FPv4SPD16 -me --include_path="U:/cpre_2880/lab_2_5" --include_path="C:/ti/TivaWare_C_Series-2.2.0.295" --include_path="C:/ti/ccs1271/ccs/tools/compiler/ti-cgt-arm_20.2.7.LTS/include" --define=ccs="ccs" --define=PART_TM4C123GH6PM -g --gcc --diag_warning=225 --diag_wrap=off --display_error_number --abi=eabi --preproc_with_compile --preproc_dependency="movement.d_raw"  "../movement.c"
Finished building: "../movement.c"
 
Building file: "../open_interface.c"
Invoking: Arm Compiler
"C:/ti/ccs1271/ccs/tools/compiler/ti-cgt-arm_20.2.7.LTS/bin/armcl" -mv7M4 --code_state=16 --float_support=FPv4SPD16 -me --include_path="U:/cpre_2880/lab_2_5" --include_path="C:/ti/TivaWare_C_Series-2.2.0.295" --include_path="C:/ti/ccs1271/ccs/tools/compiler/ti-cgt-arm_20.2.7.LTS/include" --define=ccs="ccs" --define=PART_TM4C123GH6PM -g --gcc --diag_warning=225 --diag_wrap=off --display_error_number --abi=eabi --preproc_with_compile --preproc_dependency="open_interface.d_raw"  "../open_interface.c"
"../open_interface.c", line 356: warning #179-D: variable "charging_state" was declared but never referenced
Finished building: "../open_interface.c"
 
Building target: "lab_2_5.out"
Invoking: Arm Linker
"C:/ti/ccs1271/ccs/tools/compiler/ti-cgt-arm_20.2.7.LTS/bin/armcl" -mv7M4 --code_state=16 --float_support=FPv4SPD16 -me --define=ccs="ccs" --define=PART_TM4C123GH6PM -g --gcc --diag_warning=225 --diag_wrap=off --display_error_number --abi=eabi -z -m"lab_2_5.map" --heap_size=1024 --stack_size=2048 -i"C:/ti/ccs1271/ccs/tools/compiler/ti-cgt-arm_20.2.7.LTS/lib" -i"C:/ti/ccs1271/ccs/tools/compiler/ti-cgt-arm_20.2.7.LTS/include" --reread_libs --diag_wrap=off --display_error_number --warn_sections --xml_link_info="lab_2_5_linkInfo.xml" --rom_model -o "lab_2_5.out" "./Timer.obj" "./lcd.obj" "./main.obj" "./movement.obj" "./open_interface.obj" "./tm4c123gh6pm_startup_ccs.obj" "../libcybotUART.lib" "../tm4c123gh6pm.cmd"  -llibc.a -l"C:/ti/TivaWare_C_Series-2.2.0.295/driverlib/ccs/Debug/driverlib.lib" 
<Linking>
Finished building target: "lab_2_5.out"
 

**** Build Finished ****

**** Clean-only build of configuration Debug for project lab_2_6 ****

"C:\\ti\\ccs1271\\ccs\\utils\\bin\\gmake" -k -j 20 clean -O 
 
DEL /F  "lab_2_6.out" 
DEL /F "Timer.obj" "button.obj" "lab3_template.obj" "lcd.obj" "tm4c123gh6pm_startup_ccs.obj" 
DEL /F "Timer.d" "button.d" "lab3_template.d" "lcd.d" "tm4c123gh6pm_startup_ccs.d" 
Finished clean
 

**** Build Finished ****

**** Build of configuration Debug for project lab_2_6 ****

"C:\\ti\\ccs1271\\ccs\\utils\\bin\\gmake" -k -j 20 all -O 
 
Building file: "../button.c"
Invoking: Arm Compiler
"C:/ti/ccs1271/ccs/tools/compiler/ti-cgt-arm_20.2.7.LTS/bin/armcl" -mv7M4 --code_state=16 --float_support=FPv4SPD16 -me --include_path="U:/cpre_2880/lab_3/lab_3_2" --include_path="C:/ti/TivaWare_C_Series-2.2.0.295" --include_path="C:/ti/ccs1271/ccs/tools/compiler/ti-cgt-arm_20.2.7.LTS/include" --define=ccs="ccs" --define=PART_TM4C123GH6PM -g --gcc --diag_warning=225 --diag_wrap=off --display_error_number --abi=eabi --preproc_with_compile --preproc_dependency="button.d_raw"  "../button.c"
Finished building: "../button.c"
 
Building file: "../Timer.c"
Invoking: Arm Compiler
"C:/ti/ccs1271/ccs/tools/compiler/ti-cgt-arm_20.2.7.LTS/bin/armcl" -mv7M4 --code_state=16 --float_support=FPv4SPD16 -me --include_path="U:/cpre_2880/lab_3/lab_3_2" --include_path="C:/ti/TivaWare_C_Series-2.2.0.295" --include_path="C:/ti/ccs1271/ccs/tools/compiler/ti-cgt-arm_20.2.7.LTS/include" --define=ccs="ccs" --define=PART_TM4C123GH6PM -g --gcc --diag_warning=225 --diag_wrap=off --display_error_number --abi=eabi --preproc_with_compile --preproc_dependency="Timer.d_raw"  "../Timer.c"
Finished building: "../Timer.c"
 
Building file: "../lab3_template.c"
Invoking: Arm Compiler
"C:/ti/ccs1271/ccs/tools/compiler/ti-cgt-arm_20.2.7.LTS/bin/armcl" -mv7M4 --code_state=16 --float_support=FPv4SPD16 -me --include_path="U:/cpre_2880/lab_3/lab_3_2" --include_path="C:/ti/TivaWare_C_Series-2.2.0.295" --include_path="C:/ti/ccs1271/ccs/tools/compiler/ti-cgt-arm_20.2.7.LTS/include" --define=ccs="ccs" --define=PART_TM4C123GH6PM -g --gcc --diag_warning=225 --diag_wrap=off --display_error_number --abi=eabi --preproc_with_compile --preproc_dependency="lab3_template.d_raw"  "../lab3_template.c"
Finished building: "../lab3_template.c"
 
Building file: "../tm4c123gh6pm_startup_ccs.c"
Invoking: Arm Compiler
"C:/ti/ccs1271/ccs/tools/compiler/ti-cgt-arm_20.2.7.LTS/bin/armcl" -mv7M4 --code_state=16 --float_support=FPv4SPD16 -me --include_path="U:/cpre_2880/lab_3/lab_3_2" --include_path="C:/ti/TivaWare_C_Series-2.2.0.295" --include_path="C:/ti/ccs1271/ccs/tools/compiler/ti-cgt-arm_20.2.7.LTS/include" --define=ccs="ccs" --define=PART_TM4C123GH6PM -g --gcc --diag_warning=225 --diag_wrap=off --display_error_number --abi=eabi --preproc_with_compile --preproc_dependency="tm4c123gh6pm_startup_ccs.d_raw"  "../tm4c123gh6pm_startup_ccs.c"
Finished building: "../tm4c123gh6pm_startup_ccs.c"
 
Building file: "../lcd.c"
Invoking: Arm Compiler
"C:/ti/ccs1271/ccs/tools/compiler/ti-cgt-arm_20.2.7.LTS/bin/armcl" -mv7M4 --code_state=16 --float_support=FPv4SPD16 -me --include_path="U:/cpre_2880/lab_3/lab_3_2" --include_path="C:/ti/TivaWare_C_Series-2.2.0.295" --include_path="C:/ti/ccs1271/ccs/tools/compiler/ti-cgt-arm_20.2.7.LTS/include" --define=ccs="ccs" --define=PART_TM4C123GH6PM -g --gcc --diag_warning=225 --diag_wrap=off --display_error_number --abi=eabi --preproc_with_compile --preproc_dependency="lcd.d_raw"  "../lcd.c"
Finished building: "../lcd.c"
 
Building target: "lab_2_6.out"
Invoking: Arm Linker
"C:/ti/ccs1271/ccs/tools/compiler/ti-cgt-arm_20.2.7.LTS/bin/armcl" -mv7M4 --code_state=16 --float_support=FPv4SPD16 -me --define=ccs="ccs" --define=PART_TM4C123GH6PM -g --gcc --diag_warning=225 --diag_wrap=off --display_error_number --abi=eabi -z -m"lab_2_6.map" --heap_size=1024 --stack_size=2048 -i"C:/ti/ccs1271/ccs/tools/compiler/ti-cgt-arm_20.2.7.LTS/lib" -i"C:/ti/ccs1271/ccs/tools/compiler/ti-cgt-arm_20.2.7.LTS/include" --reread_libs --diag_wrap=off --display_error_number --warn_sections --xml_link_info="lab_2_6_linkInfo.xml" --rom_model -o "lab_2_6.out" "./Timer.obj" "./button.obj" "./lab3_template.obj" "./lcd.obj" "./tm4c123gh6pm_startup_ccs.obj" "../libcybotUART.lib" "../tm4c123gh6pm.cmd"  -llibc.a -l"C:/ti/TivaWare_C_Series-2.2.0.295/driverlib/ccs/Debug/driverlib.lib" 
<Linking>
Finished building target: "lab_2_6.out"
 

**** Build Finished ****

**** Clean-only build of configuration Debug for project lab_3_4 ****

"C:\\ti\\ccs1271\\ccs\\utils\\bin\\gmake" -k -j 20 clean -O 
 
DEL /F  "lab_3_4.out" 
DEL /F "Timer.obj" "button.obj" "lab3_template.obj" "lcd.obj" "tm4c123gh6pm_startup_ccs.obj" 
DEL /F "Timer.d" "button.d" "lab3_template.d" "lcd.d" "tm4c123gh6pm_startup_ccs.d" 
Finished clean
 

**** Build Finished ****

**** Build of configuration Debug for project lab_3_4 ****

"C:\\ti\\ccs1271\\ccs\\utils\\bin\\gmake" -k -j 20 all -O 
 
Building file: "../button.c"
Invoking: Arm Compiler
"C:/ti/ccs1271/ccs/tools/compiler/ti-cgt-arm_20.2.7.LTS/bin/armcl" -mv7M4 --code_state=16 --float_support=FPv4SPD16 -me --include_path="U:/cpre_2880/lab_3_4" --include_path="C:/ti/TivaWare_C_Series-2.2.0.295" --include_path="C:/ti/ccs1271/ccs/tools/compiler/ti-cgt-arm_20.2.7.LTS/include" --define=ccs="ccs" --define=PART_TM4C123GH6PM -g --gcc --diag_warning=225 --diag_wrap=off --display_error_number --abi=eabi --preproc_with_compile --preproc_dependency="button.d_raw"  "../button.c"
Finished building: "../button.c"
 
Building file: "../Timer.c"
Invoking: Arm Compiler
"C:/ti/ccs1271/ccs/tools/compiler/ti-cgt-arm_20.2.7.LTS/bin/armcl" -mv7M4 --code_state=16 --float_support=FPv4SPD16 -me --include_path="U:/cpre_2880/lab_3_4" --include_path="C:/ti/TivaWare_C_Series-2.2.0.295" --include_path="C:/ti/ccs1271/ccs/tools/compiler/ti-cgt-arm_20.2.7.LTS/include" --define=ccs="ccs" --define=PART_TM4C123GH6PM -g --gcc --diag_warning=225 --diag_wrap=off --display_error_number --abi=eabi --preproc_with_compile --preproc_dependency="Timer.d_raw"  "../Timer.c"
Finished building: "../Timer.c"
 
Building file: "../lab3_template.c"
Invoking: Arm Compiler
"C:/ti/ccs1271/ccs/tools/compiler/ti-cgt-arm_20.2.7.LTS/bin/armcl" -mv7M4 --code_state=16 --float_support=FPv4SPD16 -me --include_path="U:/cpre_2880/lab_3_4" --include_path="C:/ti/TivaWare_C_Series-2.2.0.295" --include_path="C:/ti/ccs1271/ccs/tools/compiler/ti-cgt-arm_20.2.7.LTS/include" --define=ccs="ccs" --define=PART_TM4C123GH6PM -g --gcc --diag_warning=225 --diag_wrap=off --display_error_number --abi=eabi --preproc_with_compile --preproc_dependency="lab3_template.d_raw"  "../lab3_template.c"
"../lab3_template.c", line 51: warning #176-D: expression has no effect
Finished building: "../lab3_template.c"
 
Building file: "../tm4c123gh6pm_startup_ccs.c"
Invoking: Arm Compiler
"C:/ti/ccs1271/ccs/tools/compiler/ti-cgt-arm_20.2.7.LTS/bin/armcl" -mv7M4 --code_state=16 --float_support=FPv4SPD16 -me --include_path="U:/cpre_2880/lab_3_4" --include_path="C:/ti/TivaWare_C_Series-2.2.0.295" --include_path="C:/ti/ccs1271/ccs/tools/compiler/ti-cgt-arm_20.2.7.LTS/include" --define=ccs="ccs" --define=PART_TM4C123GH6PM -g --gcc --diag_warning=225 --diag_wrap=off --display_error_number --abi=eabi --preproc_with_compile --preproc_dependency="tm4c123gh6pm_startup_ccs.d_raw"  "../tm4c123gh6pm_startup_ccs.c"
Finished building: "../tm4c123gh6pm_startup_ccs.c"
 
Building file: "../lcd.c"
Invoking: Arm Compiler
"C:/ti/ccs1271/ccs/tools/compiler/ti-cgt-arm_20.2.7.LTS/bin/armcl" -mv7M4 --code_state=16 --float_support=FPv4SPD16 -me --include_path="U:/cpre_2880/lab_3_4" --include_path="C:/ti/TivaWare_C_Series-2.2.0.295" --include_path="C:/ti/ccs1271/ccs/tools/compiler/ti-cgt-arm_20.2.7.LTS/include" --define=ccs="ccs" --define=PART_TM4C123GH6PM -g --gcc --diag_warning=225 --diag_wrap=off --display_error_number --abi=eabi --preproc_with_compile --preproc_dependency="lcd.d_raw"  "../lcd.c"
Finished building: "../lcd.c"
 
Building target: "lab_3_4.out"
Invoking: Arm Linker
"C:/ti/ccs1271/ccs/tools/compiler/ti-cgt-arm_20.2.7.LTS/bin/armcl" -mv7M4 --code_state=16 --float_support=FPv4SPD16 -me --define=ccs="ccs" --define=PART_TM4C123GH6PM -g --gcc --diag_warning=225 --diag_wrap=off --display_error_number --abi=eabi -z -m"lab_3_4.map" --heap_size=1024 --stack_size=2048 -i"C:/ti/ccs1271/ccs/tools/compiler/ti-cgt-arm_20.2.7.LTS/lib" -i"C:/ti/ccs1271/ccs/tools/compiler/ti-cgt-arm_20.2.7.LTS/include" --reread_libs --diag_wrap=off --display_error_number --warn_sections --xml_link_info="lab_3_4_linkInfo.xml" --rom_model -o "lab_3_4.out" "./Timer.obj" "./button.obj" "./lab3_template.obj" "./lcd.obj" "./tm4c123gh6pm_startup_ccs.obj" "../libcybotUART.lib" "../tm4c123gh6pm.cmd"  -llibc.a -l"C:/ti/TivaWare_C_Series-2.2.0.295/driverlib/ccs/Debug/driverlib.lib" 
<Linking>
Finished building target: "lab_3_4.out"
 

**** Build Finished ****

**** Build of configuration Debug for project lab_4_1 ****

"C:\\ti\\ccs1271\\ccs\\utils\\bin\\gmake" -k -j 20 all -O 
 
gmake[1]: 'lab_4_1.out' is up to date.

**** Build Finished ****

**** Build of configuration Debug for project lab_4_5 ****

"C:\\ti\\ccs1271\\ccs\\utils\\bin\\gmake" -k -j 20 all -O 
 
gmake[1]: 'lab_4_5.out' is up to date.

**** Build Finished ****

**** Build of configuration Debug for project lab_4_5 ****

"C:\\ti\\ccs1271\\ccs\\utils\\bin\\gmake" -k -j 20 all -O 
 
gmake[1]: 'lab_4_5.out' is up to date.

**** Build Finished ****

**** Build of configuration Debug for project lab_4_5 ****

"C:\\ti\\ccs1271\\ccs\\utils\\bin\\gmake" -k -j 20 all -O 
 
Building file: "../sensorprinter.c"
Invoking: Arm Compiler
"C:/ti/ccs1271/ccs/tools/compiler/ti-cgt-arm_20.2.7.LTS/bin/armcl" -mv7M4 --code_state=16 --float_support=FPv4SPD16 -me --include_path="U:/cpre_2880/lab_4_5" --include_path="C:/ti/TivaWare_C_Series-2.2.0.295" --include_path="C:/ti/ccs1271/ccs/tools/compiler/ti-cgt-arm_20.2.7.LTS/include" --define=ccs="ccs" --define=PART_TM4C123GH6PM -g --gcc --diag_warning=225 --diag_wrap=off --display_error_number --abi=eabi --preproc_with_compile --preproc_dependency="sensorprinter.d_raw"  "../sensorprinter.c"
"../sensorprinter.c", line 91: warning #225-D: function "open" declared implicitly
"../sensorprinter.c", line 91: warning #145-D: a value of type "int" cannot be used to initialize an entity of type "FILE *"
"../sensorprinter.c", line 98: warning #176-D: expression has no effect
"../sensorprinter.c", line 95: warning #179-D: variable "header" was declared but never referenced
"../sensorprinter.c", line 71: warning #179-D: variable "currentScanPtr" was declared but never referenced
"../sensorprinter.c", line 254: warning #179-D: variable "min_radial" was declared but never referenced
Finished building: "../sensorprinter.c"
 
Building target: "lab_4_5.out"
Invoking: Arm Linker
"C:/ti/ccs1271/ccs/tools/compiler/ti-cgt-arm_20.2.7.LTS/bin/armcl" -mv7M4 --code_state=16 --float_support=FPv4SPD16 -me --define=ccs="ccs" --define=PART_TM4C123GH6PM -g --gcc --diag_warning=225 --diag_wrap=off --display_error_number --abi=eabi -z -m"lab_4_5.map" --heap_size=1024 --stack_size=2048 -i"C:/ti/ccs1271/ccs/tools/compiler/ti-cgt-arm_20.2.7.LTS/lib" -i"C:/ti/ccs1271/ccs/tools/compiler/ti-cgt-arm_20.2.7.LTS/include" --reread_libs --diag_wrap=off --display_error_number --warn_sections --xml_link_info="lab_4_5_linkInfo.xml" --rom_model -o "lab_4_5.out" "./Timer.obj" "./button.obj" "./lcd.obj" "./movement.obj" "./open_interface.obj" "./sensorprinter.obj" "./tm4c123gh6pm_startup_ccs.obj" "../libcybotScan.lib" "../libcybotUART.lib" "../tm4c123gh6pm.cmd"  -llibc.a -l"C:/ti/TivaWare_C_Series-2.2.0.295/driverlib/ccs/Debug/driverlib.lib" 
<Linking>
Finished building target: "lab_4_5.out"
 

**** Build Finished ****

**** Build of configuration Debug for project lab_4_5 ****

"C:\\ti\\ccs1271\\ccs\\utils\\bin\\gmake" -k -j 20 all -O 
 
gmake[1]: 'lab_4_5.out' is up to date.

**** Build Finished ****

**** Build of configuration Debug for project lab_4_5 ****

"C:\\ti\\ccs1271\\ccs\\utils\\bin\\gmake" -k -j 20 all -O 
 
Building file: "../sensorprinter.c"
Invoking: Arm Compiler
"C:/ti/ccs1271/ccs/tools/compiler/ti-cgt-arm_20.2.7.LTS/bin/armcl" -mv7M4 --code_state=16 --float_support=FPv4SPD16 -me --include_path="U:/cpre_2880/lab_4_5" --include_path="C:/ti/TivaWare_C_Series-2.2.0.295" --include_path="C:/ti/ccs1271/ccs/tools/compiler/ti-cgt-arm_20.2.7.LTS/include" --define=ccs="ccs" --define=PART_TM4C123GH6PM -g --gcc --diag_warning=225 --diag_wrap=off --display_error_number --abi=eabi --preproc_with_compile --preproc_dependency="sensorprinter.d_raw"  "../sensorprinter.c"
"../sensorprinter.c", line 91: warning #225-D: function "open" declared implicitly
"../sensorprinter.c", line 91: warning #145-D: a value of type "int" cannot be used to initialize an entity of type "FILE *"
"../sensorprinter.c", line 99: warning #176-D: expression has no effect
"../sensorprinter.c", line 95: warning #179-D: variable "header" was declared but never referenced
"../sensorprinter.c", line 71: warning #179-D: variable "currentScanPtr" was declared but never referenced
"../sensorprinter.c", line 255: warning #179-D: variable "min_radial" was declared but never referenced
Finished building: "../sensorprinter.c"
 
Building target: "lab_4_5.out"
Invoking: Arm Linker
"C:/ti/ccs1271/ccs/tools/compiler/ti-cgt-arm_20.2.7.LTS/bin/armcl" -mv7M4 --code_state=16 --float_support=FPv4SPD16 -me --define=ccs="ccs" --define=PART_TM4C123GH6PM -g --gcc --diag_warning=225 --diag_wrap=off --display_error_number --abi=eabi -z -m"lab_4_5.map" --heap_size=1024 --stack_size=2048 -i"C:/ti/ccs1271/ccs/tools/compiler/ti-cgt-arm_20.2.7.LTS/lib" -i"C:/ti/ccs1271/ccs/tools/compiler/ti-cgt-arm_20.2.7.LTS/include" --reread_libs --diag_wrap=off --display_error_number --warn_sections --xml_link_info="lab_4_5_linkInfo.xml" --rom_model -o "lab_4_5.out" "./Timer.obj" "./button.obj" "./lcd.obj" "./movement.obj" "./open_interface.obj" "./sensorprinter.obj" "./tm4c123gh6pm_startup_ccs.obj" "../libcybotScan.lib" "../libcybotUART.lib" "../tm4c123gh6pm.cmd"  -llibc.a -l"C:/ti/TivaWare_C_Series-2.2.0.295/driverlib/ccs/Debug/driverlib.lib" 
<Linking>
Finished building target: "lab_4_5.out"
 

**** Build Finished ****

**** Build of configuration Debug for project lab_4_5 ****

"C:\\ti\\ccs1271\\ccs\\utils\\bin\\gmake" -k -j 20 all -O 
 
gmake[1]: 'lab_4_5.out' is up to date.

**** Build Finished ****

**** Build of configuration Debug for project lab_4_5 ****

"C:\\ti\\ccs1271\\ccs\\utils\\bin\\gmake" -k -j 20 all -O 
 
Building file: "../sensorprinter.c"
Invoking: Arm Compiler
"C:/ti/ccs1271/ccs/tools/compiler/ti-cgt-arm_20.2.7.LTS/bin/armcl" -mv7M4 --code_state=16 --float_support=FPv4SPD16 -me --include_path="U:/cpre_2880/lab_4_5" --include_path="C:/ti/TivaWare_C_Series-2.2.0.295" --include_path="C:/ti/ccs1271/ccs/tools/compiler/ti-cgt-arm_20.2.7.LTS/include" --define=ccs="ccs" --define=PART_TM4C123GH6PM -g --gcc --diag_warning=225 --diag_wrap=off --display_error_number --abi=eabi --preproc_with_compile --preproc_dependency="sensorprinter.d_raw"  "../sensorprinter.c"
"../sensorprinter.c", line 94: warning #176-D: expression has no effect
"../sensorprinter.c", line 67: warning #552-D: variable "currentScan" was set but never used
"../sensorprinter.c", line 247: warning #179-D: variable "min_radial" was declared but never referenced
Finished building: "../sensorprinter.c"
 
Building target: "lab_4_5.out"
Invoking: Arm Linker
"C:/ti/ccs1271/ccs/tools/compiler/ti-cgt-arm_20.2.7.LTS/bin/armcl" -mv7M4 --code_state=16 --float_support=FPv4SPD16 -me --define=ccs="ccs" --define=PART_TM4C123GH6PM -g --gcc --diag_warning=225 --diag_wrap=off --display_error_number --abi=eabi -z -m"lab_4_5.map" --heap_size=1024 --stack_size=2048 -i"C:/ti/ccs1271/ccs/tools/compiler/ti-cgt-arm_20.2.7.LTS/lib" -i"C:/ti/ccs1271/ccs/tools/compiler/ti-cgt-arm_20.2.7.LTS/include" --reread_libs --diag_wrap=off --display_error_number --warn_sections --xml_link_info="lab_4_5_linkInfo.xml" --rom_model -o "lab_4_5.out" "./Timer.obj" "./button.obj" "./lcd.obj" "./movement.obj" "./open_interface.obj" "./sensorprinter.obj" "./tm4c123gh6pm_startup_ccs.obj" "../libcybotScan.lib" "../libcybotUART.lib" "../tm4c123gh6pm.cmd"  -llibc.a -l"C:/ti/TivaWare_C_Series-2.2.0.295/driverlib/ccs/Debug/driverlib.lib" 
<Linking>
Finished building target: "lab_4_5.out"
 

**** Build Finished ****

**** Build of configuration Debug for project lab_4_5 ****

"C:\\ti\\ccs1271\\ccs\\utils\\bin\\gmake" -k -j 20 all -O 
 
gmake[1]: 'lab_4_5.out' is up to date.

**** Build Finished ****

**** Build of configuration Debug for project lab_4_5 ****

"C:\\ti\\ccs1271\\ccs\\utils\\bin\\gmake" -k -j 20 all -O 
 
Building file: "../sensorprinter.c"
Invoking: Arm Compiler
"C:/ti/ccs1271/ccs/tools/compiler/ti-cgt-arm_20.2.7.LTS/bin/armcl" -mv7M4 --code_state=16 --float_support=FPv4SPD16 -me --include_path="U:/cpre_2880/lab_4_5" --include_path="C:/ti/TivaWare_C_Series-2.2.0.295" --include_path="C:/ti/ccs1271/ccs/tools/compiler/ti-cgt-arm_20.2.7.LTS/include" --define=ccs="ccs" --define=PART_TM4C123GH6PM -g --gcc --diag_warning=225 --diag_wrap=off --display_error_number --abi=eabi --preproc_with_compile --preproc_dependency="sensorprinter.d_raw"  "../sensorprinter.c"
"../sensorprinter.c", line 94: warning #176-D: expression has no effect
"../sensorprinter.c", line 67: warning #552-D: variable "currentScan" was set but never used
"../sensorprinter.c", line 247: warning #179-D: variable "min_radial" was declared but never referenced
Finished building: "../sensorprinter.c"
 
Building target: "lab_4_5.out"
Invoking: Arm Linker
"C:/ti/ccs1271/ccs/tools/compiler/ti-cgt-arm_20.2.7.LTS/bin/armcl" -mv7M4 --code_state=16 --float_support=FPv4SPD16 -me --define=ccs="ccs" --define=PART_TM4C123GH6PM -g --gcc --diag_warning=225 --diag_wrap=off --display_error_number --abi=eabi -z -m"lab_4_5.map" --heap_size=1024 --stack_size=2048 -i"C:/ti/ccs1271/ccs/tools/compiler/ti-cgt-arm_20.2.7.LTS/lib" -i"C:/ti/ccs1271/ccs/tools/compiler/ti-cgt-arm_20.2.7.LTS/include" --reread_libs --diag_wrap=off --display_error_number --warn_sections --xml_link_info="lab_4_5_linkInfo.xml" --rom_model -o "lab_4_5.out" "./Timer.obj" "./button.obj" "./lcd.obj" "./movement.obj" "./open_interface.obj" "./sensorprinter.obj" "./tm4c123gh6pm_startup_ccs.obj" "../libcybotScan.lib" "../libcybotUART.lib" "../tm4c123gh6pm.cmd"  -llibc.a -l"C:/ti/TivaWare_C_Series-2.2.0.295/driverlib/ccs/Debug/driverlib.lib" 
<Linking>
Finished building target: "lab_4_5.out"
 

**** Build Finished ****

**** Build of configuration Debug for project lab_4_5 ****

"C:\\ti\\ccs1271\\ccs\\utils\\bin\\gmake" -k -j 20 all -O 
 
gmake[1]: 'lab_4_5.out' is up to date.

**** Build Finished ****

**** Build of configuration Debug for project lab_4_1 ****

"C:\\ti\\ccs1271\\ccs\\utils\\bin\\gmake" -k -j 20 all -O 
 
gmake[1]: 'lab_4_1.out' is up to date.

**** Build Finished ****

**** Build of configuration Debug for project lab_4_1 ****

"C:\\ti\\ccs1271\\ccs\\utils\\bin\\gmake" -k -j 20 all -O 
 
gmake[1]: 'lab_4_1.out' is up to date.

**** Build Finished ****

**** Build of configuration Debug for project lab_4_1 ****

"C:\\ti\\ccs1271\\ccs\\utils\\bin\\gmake" -k -j 20 all -O 
 
Building file: "../sensorprinter.c"
Invoking: Arm Compiler
"C:/ti/ccs1271/ccs/tools/compiler/ti-cgt-arm_20.2.7.LTS/bin/armcl" -mv7M4 --code_state=16 --float_support=FPv4SPD16 -me --include_path="U:/cpre_2880/lab_4_1" --include_path="C:/ti/TivaWare_C_Series-2.2.0.295" --include_path="C:/ti/ccs1271/ccs/tools/compiler/ti-cgt-arm_20.2.7.LTS/include" --define=ccs="ccs" --define=PART_TM4C123GH6PM -g --gcc --diag_warning=225 --diag_wrap=off --display_error_number --abi=eabi --preproc_with_compile --preproc_dependency="sensorprinter.d_raw"  "../sensorprinter.c"
"../sensorprinter.c", line 28: warning #176-D: expression has no effect
Finished building: "../sensorprinter.c"
 
Building target: "lab_4_1.out"
Invoking: Arm Linker
"C:/ti/ccs1271/ccs/tools/compiler/ti-cgt-arm_20.2.7.LTS/bin/armcl" -mv7M4 --code_state=16 --float_support=FPv4SPD16 -me --define=ccs="ccs" --define=PART_TM4C123GH6PM -g --gcc --diag_warning=225 --diag_wrap=off --display_error_number --abi=eabi -z -m"lab_4_1.map" --heap_size=1024 --stack_size=2048 -i"C:/ti/ccs1271/ccs/tools/compiler/ti-cgt-arm_20.2.7.LTS/lib" -i"C:/ti/ccs1271/ccs/tools/compiler/ti-cgt-arm_20.2.7.LTS/include" --reread_libs --diag_wrap=off --display_error_number --warn_sections --xml_link_info="lab_4_1_linkInfo.xml" --rom_model -o "lab_4_1.out" "./Timer.obj" "./button.obj" "./lcd.obj" "./sensorprinter.obj" "./tm4c123gh6pm_startup_ccs.obj" "../libcybotScan.lib" "../libcybotUART.lib" "../tm4c123gh6pm.cmd"  -llibc.a -l"C:/ti/TivaWare_C_Series-2.2.0.295/driverlib/ccs/Debug/driverlib.lib" 
<Linking>
Finished building target: "lab_4_1.out"
 

**** Build Finished ****

**** Build of configuration Debug for project lab_4_1 ****

"C:\\ti\\ccs1271\\ccs\\utils\\bin\\gmake" -k -j 20 all -O 
 
gmake[1]: 'lab_4_1.out' is up to date.

**** Build Finished ****

**** Build of configuration Debug for project lab_4_1 ****

"C:\\ti\\ccs1271\\ccs\\utils\\bin\\gmake" -k -j 20 all -O 
 
Building file: "../sensorprinter.c"
Invoking: Arm Compiler
"C:/ti/ccs1271/ccs/tools/compiler/ti-cgt-arm_20.2.7.LTS/bin/armcl" -mv7M4 --code_state=16 --float_support=FPv4SPD16 -me --include_path="U:/cpre_2880/lab_4_1" --include_path="C:/ti/TivaWare_C_Series-2.2.0.295" --include_path="C:/ti/ccs1271/ccs/tools/compiler/ti-cgt-arm_20.2.7.LTS/include" --define=ccs="ccs" --define=PART_TM4C123GH6PM -g --gcc --diag_warning=225 --diag_wrap=off --display_error_number --abi=eabi --preproc_with_compile --preproc_dependency="sensorprinter.d_raw"  "../sensorprinter.c"
"../sensorprinter.c", line 29: warning #176-D: expression has no effect
Finished building: "../sensorprinter.c"
 
Building target: "lab_4_1.out"
Invoking: Arm Linker
"C:/ti/ccs1271/ccs/tools/compiler/ti-cgt-arm_20.2.7.LTS/bin/armcl" -mv7M4 --code_state=16 --float_support=FPv4SPD16 -me --define=ccs="ccs" --define=PART_TM4C123GH6PM -g --gcc --diag_warning=225 --diag_wrap=off --display_error_number --abi=eabi -z -m"lab_4_1.map" --heap_size=1024 --stack_size=2048 -i"C:/ti/ccs1271/ccs/tools/compiler/ti-cgt-arm_20.2.7.LTS/lib" -i"C:/ti/ccs1271/ccs/tools/compiler/ti-cgt-arm_20.2.7.LTS/include" --reread_libs --diag_wrap=off --display_error_number --warn_sections --xml_link_info="lab_4_1_linkInfo.xml" --rom_model -o "lab_4_1.out" "./Timer.obj" "./button.obj" "./lcd.obj" "./sensorprinter.obj" "./tm4c123gh6pm_startup_ccs.obj" "../libcybotScan.lib" "../libcybotUART.lib" "../tm4c123gh6pm.cmd"  -llibc.a -l"C:/ti/TivaWare_C_Series-2.2.0.295/driverlib/ccs/Debug/driverlib.lib" 
<Linking>
Finished building target: "lab_4_1.out"
 

**** Build Finished ****

**** Build of configuration Debug for project lab_4_1 ****

"C:\\ti\\ccs1271\\ccs\\utils\\bin\\gmake" -k -j 20 all -O 
 
gmake[1]: 'lab_4_1.out' is up to date.

**** Build Finished ****

**** Build of configuration Debug for project lab_4_1 ****

"C:\\ti\\ccs1271\\ccs\\utils\\bin\\gmake" -k -j 20 all -O 
 
Building file: "../sensorprinter.c"
Invoking: Arm Compiler
"C:/ti/ccs1271/ccs/tools/compiler/ti-cgt-arm_20.2.7.LTS/bin/armcl" -mv7M4 --code_state=16 --float_support=FPv4SPD16 -me --include_path="U:/cpre_2880/lab_4_1" --include_path="C:/ti/TivaWare_C_Series-2.2.0.295" --include_path="C:/ti/ccs1271/ccs/tools/compiler/ti-cgt-arm_20.2.7.LTS/include" --define=ccs="ccs" --define=PART_TM4C123GH6PM -g --gcc --diag_warning=225 --diag_wrap=off --display_error_number --abi=eabi --preproc_with_compile --preproc_dependency="sensorprinter.d_raw"  "../sensorprinter.c"
"../sensorprinter.c", line 29: warning #176-D: expression has no effect
Finished building: "../sensorprinter.c"
 
Building target: "lab_4_1.out"
Invoking: Arm Linker
"C:/ti/ccs1271/ccs/tools/compiler/ti-cgt-arm_20.2.7.LTS/bin/armcl" -mv7M4 --code_state=16 --float_support=FPv4SPD16 -me --define=ccs="ccs" --define=PART_TM4C123GH6PM -g --gcc --diag_warning=225 --diag_wrap=off --display_error_number --abi=eabi -z -m"lab_4_1.map" --heap_size=1024 --stack_size=2048 -i"C:/ti/ccs1271/ccs/tools/compiler/ti-cgt-arm_20.2.7.LTS/lib" -i"C:/ti/ccs1271/ccs/tools/compiler/ti-cgt-arm_20.2.7.LTS/include" --reread_libs --diag_wrap=off --display_error_number --warn_sections --xml_link_info="lab_4_1_linkInfo.xml" --rom_model -o "lab_4_1.out" "./Timer.obj" "./button.obj" "./lcd.obj" "./sensorprinter.obj" "./tm4c123gh6pm_startup_ccs.obj" "../libcybotScan.lib" "../libcybotUART.lib" "../tm4c123gh6pm.cmd"  -llibc.a -l"C:/ti/TivaWare_C_Series-2.2.0.295/driverlib/ccs/Debug/driverlib.lib" 
<Linking>
Finished building target: "lab_4_1.out"
 

**** Build Finished ****

**** Build of configuration Debug for project lab_4_5 ****

"C:\\ti\\ccs1271\\ccs\\utils\\bin\\gmake" -k -j 20 all -O 
 
Building file: "../sensorprinter.c"
Invoking: Arm Compiler
"C:/ti/ccs1271/ccs/tools/compiler/ti-cgt-arm_20.2.7.LTS/bin/armcl" -mv7M4 --code_state=16 --float_support=FPv4SPD16 -me --include_path="U:/cpre_2880/lab_4_5" --include_path="C:/ti/TivaWare_C_Series-2.2.0.295" --include_path="C:/ti/ccs1271/ccs/tools/compiler/ti-cgt-arm_20.2.7.LTS/include" --define=ccs="ccs" --define=PART_TM4C123GH6PM -g --gcc --diag_warning=225 --diag_wrap=off --display_error_number --abi=eabi --preproc_with_compile --preproc_dependency="sensorprinter.d_raw"  "../sensorprinter.c"
"../sensorprinter.c", line 94: warning #176-D: expression has no effect
"../sensorprinter.c", line 67: warning #552-D: variable "currentScan" was set but never used
"../sensorprinter.c", line 247: warning #179-D: variable "min_radial" was declared but never referenced
Finished building: "../sensorprinter.c"
 
Building target: "lab_4_5.out"
Invoking: Arm Linker
"C:/ti/ccs1271/ccs/tools/compiler/ti-cgt-arm_20.2.7.LTS/bin/armcl" -mv7M4 --code_state=16 --float_support=FPv4SPD16 -me --define=ccs="ccs" --define=PART_TM4C123GH6PM -g --gcc --diag_warning=225 --diag_wrap=off --display_error_number --abi=eabi -z -m"lab_4_5.map" --heap_size=1024 --stack_size=2048 -i"C:/ti/ccs1271/ccs/tools/compiler/ti-cgt-arm_20.2.7.LTS/lib" -i"C:/ti/ccs1271/ccs/tools/compiler/ti-cgt-arm_20.2.7.LTS/include" --reread_libs --diag_wrap=off --display_error_number --warn_sections --xml_link_info="lab_4_5_linkInfo.xml" --rom_model -o "lab_4_5.out" "./Timer.obj" "./button.obj" "./lcd.obj" "./movement.obj" "./open_interface.obj" "./sensorprinter.obj" "./tm4c123gh6pm_startup_ccs.obj" "../libcybotScan.lib" "../libcybotUART.lib" "../tm4c123gh6pm.cmd"  -llibc.a -l"C:/ti/TivaWare_C_Series-2.2.0.295/driverlib/ccs/Debug/driverlib.lib" 
<Linking>
Finished building target: "lab_4_5.out"
 

**** Build Finished ****

**** Build of configuration Debug for project lab_4_5 ****

"C:\\ti\\ccs1271\\ccs\\utils\\bin\\gmake" -k -j 20 all -O 
 
gmake[1]: 'lab_4_5.out' is up to date.

**** Build Finished ****

**** Build of configuration Debug for project lab_4_1 ****

"C:\\ti\\ccs1271\\ccs\\utils\\bin\\gmake" -k -j 20 all -O 
 
gmake[1]: 'lab_4_1.out' is up to date.

**** Build Finished ****

**** Build of configuration Debug for project lab_4_1 ****

"C:\\ti\\ccs1271\\ccs\\utils\\bin\\gmake" -k -j 20 all -O 
 
gmake[1]: 'lab_4_1.out' is up to date.

**** Build Finished ****

**** Build of configuration Debug for project lab_4_1 ****

"C:\\ti\\ccs1271\\ccs\\utils\\bin\\gmake" -k -j 20 all -O 
 
Building file: "../sensorprinter.c"
Invoking: Arm Compiler
"C:/ti/ccs1271/ccs/tools/compiler/ti-cgt-arm_20.2.7.LTS/bin/armcl" -mv7M4 --code_state=16 --float_support=FPv4SPD16 -me --include_path="U:/cpre_2880/lab_4_1" --include_path="C:/ti/TivaWare_C_Series-2.2.0.295" --include_path="C:/ti/ccs1271/ccs/tools/compiler/ti-cgt-arm_20.2.7.LTS/include" --define=ccs="ccs" --define=PART_TM4C123GH6PM -g --gcc --diag_warning=225 --diag_wrap=off --display_error_number --abi=eabi --preproc_with_compile --preproc_dependency="sensorprinter.d_raw"  "../sensorprinter.c"
"../sensorprinter.c", line 95: warning #176-D: expression has no effect
Finished building: "../sensorprinter.c"
 
Building target: "lab_4_1.out"
Invoking: Arm Linker
"C:/ti/ccs1271/ccs/tools/compiler/ti-cgt-arm_20.2.7.LTS/bin/armcl" -mv7M4 --code_state=16 --float_support=FPv4SPD16 -me --define=ccs="ccs" --define=PART_TM4C123GH6PM -g --gcc --diag_warning=225 --diag_wrap=off --display_error_number --abi=eabi -z -m"lab_4_1.map" --heap_size=1024 --stack_size=2048 -i"C:/ti/ccs1271/ccs/tools/compiler/ti-cgt-arm_20.2.7.LTS/lib" -i"C:/ti/ccs1271/ccs/tools/compiler/ti-cgt-arm_20.2.7.LTS/include" --reread_libs --diag_wrap=off --display_error_number --warn_sections --xml_link_info="lab_4_1_linkInfo.xml" --rom_model -o "lab_4_1.out" "./Timer.obj" "./button.obj" "./lcd.obj" "./sensorprinter.obj" "./tm4c123gh6pm_startup_ccs.obj" "../libcybotScan.lib" "../libcybotUART.lib" "../tm4c123gh6pm.cmd"  -llibc.a -l"C:/ti/TivaWare_C_Series-2.2.0.295/driverlib/ccs/Debug/driverlib.lib" 
<Linking>
Finished building target: "lab_4_1.out"
 

**** Build Finished ****

**** Build of configuration Debug for project lab_4_1 ****

"C:\\ti\\ccs1271\\ccs\\utils\\bin\\gmake" -k -j 20 all -O 
 
Building file: "../sensorprinter.c"
Invoking: Arm Compiler
"C:/ti/ccs1271/ccs/tools/compiler/ti-cgt-arm_20.2.7.LTS/bin/armcl" -mv7M4 --code_state=16 --float_support=FPv4SPD16 -me --include_path="U:/cpre_2880/lab_4_1" --include_path="C:/ti/TivaWare_C_Series-2.2.0.295" --include_path="C:/ti/ccs1271/ccs/tools/compiler/ti-cgt-arm_20.2.7.LTS/include" --define=ccs="ccs" --define=PART_TM4C123GH6PM -g --gcc --diag_warning=225 --diag_wrap=off --display_error_number --abi=eabi --preproc_with_compile --preproc_dependency="sensorprinter.d_raw"  "../sensorprinter.c"
"../sensorprinter.c", line 63: warning #176-D: expression has no effect
"../sensorprinter.c", line 68: warning #176-D: expression has no effect
"../sensorprinter.c", line 73: warning #176-D: expression has no effect
Finished building: "../sensorprinter.c"
 
Building target: "lab_4_1.out"
Invoking: Arm Linker
"C:/ti/ccs1271/ccs/tools/compiler/ti-cgt-arm_20.2.7.LTS/bin/armcl" -mv7M4 --code_state=16 --float_support=FPv4SPD16 -me --define=ccs="ccs" --define=PART_TM4C123GH6PM -g --gcc --diag_warning=225 --diag_wrap=off --display_error_number --abi=eabi -z -m"lab_4_1.map" --heap_size=1024 --stack_size=2048 -i"C:/ti/ccs1271/ccs/tools/compiler/ti-cgt-arm_20.2.7.LTS/lib" -i"C:/ti/ccs1271/ccs/tools/compiler/ti-cgt-arm_20.2.7.LTS/include" --reread_libs --diag_wrap=off --display_error_number --warn_sections --xml_link_info="lab_4_1_linkInfo.xml" --rom_model -o "lab_4_1.out" "./Timer.obj" "./button.obj" "./lcd.obj" "./sensorprinter.obj" "./tm4c123gh6pm_startup_ccs.obj" "../libcybotScan.lib" "../libcybotUART.lib" "../tm4c123gh6pm.cmd"  -llibc.a -l"C:/ti/TivaWare_C_Series-2.2.0.295/driverlib/ccs/Debug/driverlib.lib" 
<Linking>
Finished building target: "lab_4_1.out"
 

**** Build Finished ****

**** Build of configuration Debug for project lab_4_1 ****

"C:\\ti\\ccs1271\\ccs\\utils\\bin\\gmake" -k -j 20 all -O 
 
gmake[1]: 'lab_4_1.out' is up to date.

**** Build Finished ****

**** Build of configuration Debug for project lab_4_1 ****

"C:\\ti\\ccs1271\\ccs\\utils\\bin\\gmake" -k -j 20 all -O 
 
gmake[1]: 'lab_4_1.out' is up to date.

**** Build Finished ****
